Workbook

Sheet TABLE CORRECTED
C1: Rate Poundage 72-73 | D1: Rate Poundage 73-74 | E1: Rate Poundage 73-74 Local purpose | F1: Rate Poundage 73-74 County Purposes | G1: Rate Poundage 73-74 Other Purpose | H1: Average rate Poundage 1973-74 | I1: Peeny rate Product 1971-73 | J1: Change in penney rate product from 1972-73 | K1: Rate Call 1973-74 | L1: Resources element of rate support Grant | M1: Total rateable value in April 1973 | N1: N Total Domestic(Including Crown Domestic) | O1: POUNDS Total Domestic(Including Crown Domestic) | P1: N £1-£150 | Q1: POUNDS £1-£150 | R1: N£151-£400 | S1: POUNDS £151-£400 | T1: N Over £400 | U1: POUNDS Over £400 | V1: Shops | W1: Offices | X1: Other Commercial | Y1: Industrial | Z1: All other including non-domestic Crown Property | AA1: Domestic heriditaments total | AB1: Domestic heriditaments ratio | AD1: CONCAT | AE1: CONCAT EDITED | AF1: equiv_1971_nm | AG1: equiv_1971_cd | AH1: cty_1981 | AI1: rgn | AJ1: srgn
A2: County totals | B2: ='TABLE Summary'!B2 -> 3110000 | C2: ='TABLE Summary'!C2 -> 0 | D2: ='TABLE Summary'!D2 -> 0 | E2: ='TABLE Summary'!E2 -> 0 | F2: ='TABLE Summary'!F2 -> 0 | G2: ='TABLE Summary'!G2 -> 0 | H2: ='TABLE Summary'!H2 -> 46.4 | I2: ='TABLE Summary'!I2 -> 411943 | ... L2: ='TABLE Summary'!L2 -> 0 | M2: ='TABLE Summary'!M2*1000 -> 41815300 | N2: ='TABLE Summary'!N2 -> 100574 | O2: ='TABLE Summary'!O2*1000 -> 21763900 | P2: ='TABLE Summary'!P2 -> 20041 | Q2: ='TABLE Summary'!Q2*1000 -> 2308600 | R2: ='TABLE Summary'!R2 -> 78229 | S2: ='TABLE Summary'!S2*1000 -> 18300200 | T2: ='TABLE Summary'!T2 -> 2176 | U2: ='TABLE Summary'!U2*1000 -> 1055000 | V2: ='TABLE Summary'!V2*1000 -> 3091400 | W2: ='TABLE Summary'!W2*1000 -> 1004300 | X2: ='TABLE Summary'!X2*1000 -> 3426800 | Y2: ='TABLE Summary'!Y2*1000 -> 6536900 | Z2: ='TABLE Summary'!Z2*1000 -> 5992000 | AA2: =SUM(Q2+S2+U2) -> 21663800 | AB2: =AA2/M2 -> 0.51808309
A3: Bedford | B3: ='TABLE Summary'!B3 -> 73960 | C3: ='TABLE Summary'!C3 -> 101.5 | D3: ='TABLE Summary'!D3 -> 50 | E3: ='TABLE Summary'!E3 -> 17 | F3: ='TABLE Summary'!F3 -> 33 | G3: ='TABLE Summary'!G3 -> 0 | H3: ='TABLE Summary'!H3 -> 0 | I3: ='TABLE Summary'!I3 -> 103250 | ... L3: ='TABLE Summary'!L3 -> 0 | M3: ='TABLE Summary'!M3*1000 -> 10503200 | N3: ='TABLE Summary'!N3 -> 23506 | O3: ='TABLE Summary'!O3*1000 -> 4835700 | P3: ='TABLE Summary'!P3 -> 6125 | Q3: ='TABLE Summary'!Q3*1000 -> 751000 | R3: ='TABLE Summary'!R3 -> 16955 | S3: ='TABLE Summary'!S3*1000 -> 3892000 | T3: ='TABLE Summary'!T3 -> 406 | U3: ='TABLE Summary'!U3*1000 -> 185800 | V3: ='TABLE Summary'!V3*1000 -> 1593900 | W3: ='TABLE Summary'!W3*1000 -> 459900 | X3: ='TABLE Summary'!X3*1000 -> 805500 | Y3: ='TABLE Summary'!Y3*1000 -> 1219000 | Z3: ='TABLE Summary'!Z3*1000 -> 1589200 | AA3: =SUM(Q3+S3+U3) -> 4828800 | AB3: =AA3/M3 -> 0.4597456 | AC3: M.B. | AD3: =_xlfn.CONCAT(A3," ",AC3) -> Bedford M.B. | AE3: =AD3 -> Bedford M.B. | AF3: =INDEX(Lookup!G$2:G$1349, MATCH($AE3, Lookup!$G$2:$G$1349,0)) -> BEDFORD M.B. | AG3: =INDEX(Lookup!F$2:F$1349, MATCH($AE3, Lookup!$G$2:$G$1349,0)) -> e010002 | AH3: =INDEX(Lookup!C$2:C$1349, MATCH($AE3, Lookup!$G$2:$G$1349,0)) -> Bedfordshire | AI3: =INDEX(Lookup!D$2:D$1349, MATCH($AE3, Lookup!$G$2:$G$1349,0)) -> East of England | AJ3: =INDEX(Lookup!E$2:E$1349, MATCH($AE3, Lookup!$G$2:$G$1349,0)) -> Greater South East
A4: Dunstable | B4: ='TABLE Summary'!B4 -> 32040 | C4: ='TABLE Summary'!C4 -> 97.5 | D4: ='TABLE Summary'!D4 -> 47.5 | E4: ='TABLE Summary'!E4 -> 13 | F4: ='TABLE Summary'!F4 -> 34.5 | G4: ='TABLE Summary'!G4 -> 0 | H4: ='TABLE Summary'!H4 -> 0 | I4: ='TABLE Summary'!I4 -> 66200 | ... L4: ='TABLE Summary'!L4 -> 0 | M4: ='TABLE Summary'!M4*1000 -> 6797800 | N4: ='TABLE Summary'!N4 -> 10384 | O4: ='TABLE Summary'!O4*1000 -> 2571900 | P4: ='TABLE Summary'!P4 -> 423 | Q4: ='TABLE Summary'!Q4*1000 -> 57500 | R4: ='TABLE Summary'!R4 -> 9805 | S4: ='TABLE Summary'!S4*1000 -> 2441500 | T4: ='TABLE Summary'!T4 -> 154 | U4: ='TABLE Summary'!U4*1000 -> 72800 | V4: ='TABLE Summary'!V4*1000 -> 576400 | W4: ='TABLE Summary'!W4*1000 -> 117200 | X4: ='TABLE Summary'!X4*1000 -> 273800 | Y4: ='TABLE Summary'!Y4*1000 -> 2720400 | Z4: ='TABLE Summary'!Z4*1000 -> 538100 | AA4: =SUM(Q4+S4+U4) -> 2571800 | AB4: =AA4/M4 -> 0.37832828 | AC4: M.B. | AD4: =_xlfn.CONCAT(A4," ",AC4) -> Dunstable M.B. | AE4: Luton C.B. | AF4: =INDEX(Lookup!G$2:G$1349, MATCH($AE4, Lookup!$G$2:$G$1349,0)) -> LUTON C.B. | AG4: =INDEX(Lookup!F$2:F$1349, MATCH($AE4, Lookup!$G$2:$G$1349,0)) -> e010000 | AH4: =INDEX(Lookup!C$2:C$1349, MATCH($AE4, Lookup!$G$2:$G$1349,0)) -> Bedfordshire | AI4: =INDEX(Lookup!D$2:D$1349, MATCH($AE4, Lookup!$G$2:$G$1349,0)) -> East of England | AJ4: =INDEX(Lookup!E$2:E$1349, MATCH($AE4, Lookup!$G$2:$G$1349,0)) -> Greater South East
A5: Ampthill | B5: ='TABLE Summary'!B5 -> 5750 | C5: ='TABLE Summary'!C5 -> 90.5 | D5: ='TABLE Summary'!D5 -> 41.5 | E5: ='TABLE Summary'!E5 -> 7 | F5: ='TABLE Summary'!F5 -> 34.5 | G5: ='TABLE Summary'!G5 -> 0 | H5: ='TABLE Summary'!H5 -> 0 | I5: ='TABLE Summary'!I5 -> 6500 | ... L5: ='TABLE Summary'!L5 -> 11.2 | M5: ='TABLE Summary'!M5*1000 -> 689900 | N5: ='TABLE Summary'!N5 -> 1934 | O5: ='TABLE Summary'!O5*1000 -> 439500 | P5: ='TABLE Summary'!P5 -> 384 | Q5: ='TABLE Summary'!Q5*1000 -> 42000 | R5: ='TABLE Summary'!R5 -> 1509 | S5: ='TABLE Summary'!S5*1000 -> 378100 | T5: ='TABLE Summary'!T5 -> 41 | U5: ='TABLE Summary'!U5*1000 -> 19400 | V5: ='TABLE Summary'!V5*1000 -> 58800 | W5: ='TABLE Summary'!W5*1000 -> 15800 | X5: ='TABLE Summary'!X5*1000 -> 61700 | Y5: ='TABLE Summary'!Y5*1000 -> 14900 | Z5: ='TABLE Summary'!Z5*1000 -> 99200 | AA5: =SUM(Q5+S5+U5) -> 439500 | AB5: =AA5/M5 -> 0.63704885 | AC5: U.D. | AD5: =_xlfn.CONCAT(A5," ",AC5) -> Ampthill U.D. | AE5: =AD5 -> Ampthill U.D. | AF5: =INDEX(Lookup!G$2:G$1349, MATCH($AE5, Lookup!$G$2:$G$1349,0)) -> AMPTHILL U.D. | AG5: =INDEX(Lookup!F$2:F$1349, MATCH($AE5, Lookup!$G$2:$G$1349,0)) -> e010001 | AH5: =INDEX(Lookup!C$2:C$1349, MATCH($AE5, Lookup!$G$2:$G$1349,0)) -> Bedfordshire | AI5: =INDEX(Lookup!D$2:D$1349, MATCH($AE5, Lookup!$G$2:$G$1349,0)) -> East of England | AJ5: =INDEX(Lookup!E$2:E$1349, MATCH($AE5, Lookup!$G$2:$G$1349,0)) -> Greater South East
A6: Biggleswade | B6: ='TABLE Summary'!B6 -> 9790 | C6: ='TABLE Summary'!C6 -> 101.4 | D6: ='TABLE Summary'!D6 -> 46 | E6: ='TABLE Summary'!E6 -> 11.5 | F6: ='TABLE Summary'!F6 -> 34.5 | G6: ='TABLE Summary'!G6 -> 0 | H6: ='TABLE Summary'!H6 -> 0 | I6: ='TABLE Summary'!I6 -> 15120 | ... L6: ='TABLE Summary'!L6 -> 0 | M6: ='TABLE Summary'!M6*1000 -> 1568100 | N6: ='TABLE Summary'!N6 -> 3381 | O6: ='TABLE Summary'!O6*1000 -> 665000 | P6: ='TABLE Summary'!P6 -> 824 | Q6: ='TABLE Summary'!Q6*1000 -> 98100 | R6: ='TABLE Summary'!R6 -> 1536 | S6: ='TABLE Summary'!S6*1000 -> 558300 | T6: ='TABLE Summary'!T6 -> 18 | U6: ='TABLE Summary'!U6*1000 -> 8300 | V6: ='TABLE Summary'!V6*1000 -> 180200 | W6: ='TABLE Summary'!W6*1000 -> 32200 | X6: ='TABLE Summary'!X6*1000 -> 141900 | Y6: ='TABLE Summary'!Y6*1000 -> 405900 | Z6: ='TABLE Summary'!Z6*1000 -> 143000 | AA6: =SUM(Q6+S6+U6) -> 664700 | AB6: =AA6/M6 -> 0.42388878 | AC6: U.D. | AD6: =_xlfn.CONCAT(A6," ",AC6) -> Biggleswade U.D. | AE6: =AD6 -> Biggleswade U.D. | AF6: =INDEX(Lookup!G$2:G$1349, MATCH($AE6, Lookup!$G$2:$G$1349,0)) -> BIGGLESWADE U.D. | AG6: =INDEX(Lookup!F$2:F$1349, MATCH($AE6, Lookup!$G$2:$G$1349,0)) -> e010003 | AH6: =INDEX(Lookup!C$2:C$1349, MATCH($AE6, Lookup!$G$2:$G$1349,0)) -> Bedfordshire | AI6: =INDEX(Lookup!D$2:D$1349, MATCH($AE6, Lookup!$G$2:$G$1349,0)) -> East of England | AJ6: =INDEX(Lookup!E$2:E$1349, MATCH($AE6, Lookup!$G$2:$G$1349,0)) -> Greater South East
A7: Kempston | B7: ='TABLE Summary'!B7 -> 13060 | C7: ='TABLE Summary'!C7 -> 95 | D7: ='TABLE Summary'!D7 -> 46.5 | E7: ='TABLE Summary'!E7 -> 11.8 | F7: ='TABLE Summary'!F7 -> 34.5 | G7: ='TABLE Summary'!G7 -> 0.2 | H7: ='TABLE Summary'!H7 -> 0 | I7: ='TABLE Summary'!I7 -> 16650 | ... L7: ='TABLE Summary'!L7 -> 4.9 | M7: ='TABLE Summary'!M7*1000 -> 1650600 | N7: ='TABLE Summary'!N7 -> 4550 | O7: ='TABLE Summary'!O7*1000 -> 904700 | P7: ='TABLE Summary'!P7 -> 765 | Q7: ='TABLE Summary'!Q7*1000 -> 91300 | R7: ='TABLE Summary'!R7 -> 3740 | S7: ='TABLE Summary'!S7*1000 -> 805200 | T7: ='TABLE Summary'!T7 -> 8 | U7: ='TABLE Summary'!U7*1000 -> 3600 | V7: ='TABLE Summary'!V7*1000 -> 75800 | W7: ='TABLE Summary'!W7*1000 -> 85200 | X7: ='TABLE Summary'!X7*1000 -> 141900 | Y7: ='TABLE Summary'!Y7*1000 -> 288700 | Z7: ='TABLE Summary'!Z7*1000 -> 154400 | AA7: =SUM(Q7+S7+U7) -> 900100 | AB7: =AA7/M7 -> 0.54531685 | AC7: U.D. | AD7: =_xlfn.CONCAT(A7," ",AC7) -> Kempston U.D. | AE7: =AD7 -> Kempston U.D. | AF7: =INDEX(Lookup!G$2:G$1349, MATCH($AE7, Lookup!$G$2:$G$1349,0)) -> KEMPSTON U.D. | AG7: =INDEX(Lookup!F$2:F$1349, MATCH($AE7, Lookup!$G$2:$G$1349,0)) -> e010005 | AH7: =INDEX(Lookup!C$2:C$1349, MATCH($AE7, Lookup!$G$2:$G$1349,0)) -> Bedfordshire | AI7: =INDEX(Lookup!D$2:D$1349, MATCH($AE7, Lookup!$G$2:$G$1349,0)) -> East of England | AJ7: =INDEX(Lookup!E$2:E$1349, MATCH($AE7, Lookup!$G$2:$G$1349,0)) -> Greater South East
A8: Leighton-Linslade | B8: ='TABLE Summary'!B8 -> 21650 | C8: ='TABLE Summary'!C8 -> 105.5 | D8: ='TABLE Summary'!D8 -> 48 | E8: ='TABLE Summary'!E8 -> 13.5 | F8: ='TABLE Summary'!F8 -> 34.5 | G8: ='TABLE Summary'!G8 -> 0 | H8: ='TABLE Summary'!H8 -> 0 | I8: ='TABLE Summary'!I8 -> 29875 | ... L8: ='TABLE Summary'!L8 -> 0 | M8: ='TABLE Summary'!M8*1000 -> 3086000 | N8: ='TABLE Summary'!N8 -> 7252 | O8: ='TABLE Summary'!O8*1000 -> 1730000 | P8: ='TABLE Summary'!P8 -> 991 | Q8: ='TABLE Summary'!Q8*1000 -> 124500 | R8: ='TABLE Summary'!R8 -> 5984 | S8: ='TABLE Summary'!S8*1000 -> 1470700 | T8: ='TABLE Summary'!T8 -> 274 | U8: ='TABLE Summary'!U8*1000 -> 124000 | V8: ='TABLE Summary'!V8*1000 -> 195200 | W8: ='TABLE Summary'!W8*1000 -> 53200 | X8: ='TABLE Summary'!X8*1000 -> 285500 | Y8: ='TABLE Summary'!Y8*1000 -> 553000 | Z8: ='TABLE Summary'!Z8*1000 -> 268300 | AA8: =SUM(Q8+S8+U8) -> 1719200 | AB8: =AA8/M8 -> 0.55709657 | AC8: U.D. | AD8: =_xlfn.CONCAT(A8," ",AC8) -> Leighton-Linslade U.D. | AE8: =AD8 -> Leighton-Linslade U.D. | AF8: =INDEX(Lookup!G$2:G$1349, MATCH($AE8, Lookup!$G$2:$G$1349,0)) -> LEIGHTON-LINSLADE U.D. | AG8: =INDEX(Lookup!F$2:F$1349, MATCH($AE8, Lookup!$G$2:$G$1349,0)) -> e010006 | AH8: =INDEX(Lookup!C$2:C$1349, MATCH($AE8, Lookup!$G$2:$G$1349,0)) -> Bedfordshire | AI8: =INDEX(Lookup!D$2:D$1349, MATCH($AE8, Lookup!$G$2:$G$1349,0)) -> East of England | AJ8: =INDEX(Lookup!E$2:E$1349, MATCH($AE8, Lookup!$G$2:$G$1349,0)) -> Greater South East
A9: Sandy | B9: ='TABLE Summary'!B9 -> 5660 | C9: ='TABLE Summary'!C9 -> 103.5 | D9: ='TABLE Summary'!D9 -> 46.8 | E9: ='TABLE Summary'!E9 -> 12.3 | F9: ='TABLE Summary'!F9 -> 34.5 | G9: ='TABLE Summary'!G9 -> 0 | H9: ='TABLE Summary'!H9 -> 0 | I9: ='TABLE Summary'!I9 -> 7600 | ... L9: ='TABLE Summary'!L9 -> 1 | M9: ='TABLE Summary'!M9*1000 -> 758200 | N9: ='TABLE Summary'!N9 -> 2145 | O9: ='TABLE Summary'!O9*1000 -> 432000 | P9: ='TABLE Summary'!P9 -> 509 | Q9: ='TABLE Summary'!Q9*1000 -> 56100 | R9: ='TABLE Summary'!R9 -> 1598 | S9: ='TABLE Summary'!S9*1000 -> 356400 | T9: ='TABLE Summary'!T9 -> 37 | U9: ='TABLE Summary'!U9*1000 -> 19500 | V9: ='TABLE Summary'!V9*1000 -> 41100 | W9: ='TABLE Summary'!W9*1000 -> 14900 | X9: ='TABLE Summary'!X9*1000 -> 62800 | Y9: ='TABLE Summary'!Y9*1000 -> 119000 | Z9: ='TABLE Summary'!Z9*1000 -> 88300 | AA9: =SUM(Q9+S9+U9) -> 432000 | AB9: =AA9/M9 -> 0.56977051 | AC9: U.D. | AD9: =_xlfn.CONCAT(A9," ",AC9) -> Sandy U.D. | AE9: =AD9 -> Sandy U.D. | AF9: =INDEX(Lookup!G$2:G$1349, MATCH($AE9, Lookup!$G$2:$G$1349,0)) -> SANDY U.D. | AG9: =INDEX(Lookup!F$2:F$1349, MATCH($AE9, Lookup!$G$2:$G$1349,0)) -> e010007 | AH9: =INDEX(Lookup!C$2:C$1349, MATCH($AE9, Lookup!$G$2:$G$1349,0)) -> Bedfordshire | AI9: =INDEX(Lookup!D$2:D$1349, MATCH($AE9, Lookup!$G$2:$G$1349,0)) -> East of England | AJ9: =INDEX(Lookup!E$2:E$1349, MATCH($AE9, Lookup!$G$2:$G$1349,0)) -> Greater South East
A10: Ampthill | B10: ='TABLE Summary'!B10 -> 34570 | C10: ='TABLE Summary'!C10 -> 89 | D10: ='TABLE Summary'!D10 -> 42.8 | E10: ='TABLE Summary'!E10 -> 8.3 | F10: ='TABLE Summary'!F10 -> 34.5 | G10: ='TABLE Summary'!G10 -> 0 | H10: ='TABLE Summary'!H10 -> 43.9 | I10: ='TABLE Summary'!I10 -> 36220 | ... L10: ='TABLE Summary'!L10 -> 13.7 | M10: ='TABLE Summary'!M10*1000 -> 4008500 | N10: ='TABLE Summary'!N10 -> 11153 | O10: ='TABLE Summary'!O10*1000 -> 2325900 | P10: ='TABLE Summary'!P10 -> 2723 | Q10: ='TABLE Summary'!Q10*1000 -> 298200 | R10: ='TABLE Summary'!R10 -> 8121 | S10: ='TABLE Summary'!S10*1000 -> 1877200 | T10: ='TABLE Summary'!T10 -> 306 | U10: ='TABLE Summary'!U10*1000 -> 150400 | V10: ='TABLE Summary'!V10*1000 -> 79300 | W10: ='TABLE Summary'!W10*1000 -> 16000 | X10: ='TABLE Summary'!X10*1000 -> 281600 | Y10: ='TABLE Summary'!Y10*1000 -> 129900 | Z10: ='TABLE Summary'!Z10*1000 -> 1175900 | AA10: =SUM(Q10+S10+U10) -> 2325800 | AB10: =AA10/M10 -> 0.58021704 | AC10: R.D. | AD10: =_xlfn.CONCAT(A10," ",AC10) -> Ampthill R.D. | AE10: =AD10 -> Ampthill R.D. | AF10: =INDEX(Lookup!G$2:G$1349, MATCH($AE10, Lookup!$G$2:$G$1349,0)) -> AMPTHILL R.D. | AG10: =INDEX(Lookup!F$2:F$1349, MATCH($AE10, Lookup!$G$2:$G$1349,0)) -> e010008 | AH10: =INDEX(Lookup!C$2:C$1349, MATCH($AE10, Lookup!$G$2:$G$1349,0)) -> Bedfordshire | AI10: =INDEX(Lookup!D$2:D$1349, MATCH($AE10, Lookup!$G$2:$G$1349,0)) -> East of England | AJ10: =INDEX(Lookup!E$2:E$1349, MATCH($AE10, Lookup!$G$2:$G$1349,0)) -> Greater South East
A11: Bedford | B11: ='TABLE Summary'!B11 -> 39540 | C11: ='TABLE Summary'!C11 -> 87.3 | D11: ='TABLE Summary'!D11 -> 41.6 | E11: ='TABLE Summary'!E11 -> 7.1 | F11: ='TABLE Summary'!F11 -> 34.5 | G11: ='TABLE Summary'!G11 -> 0 | H11: ='TABLE Summary'!H11 -> 42.3 | I11: ='TABLE Summary'!I11 -> 47328 | ... L11: ='TABLE Summary'!L11 -> 13.1 | M11: ='TABLE Summary'!M11*1000 -> 4631700 | N11: ='TABLE Summary'!N11 -> 13667 | O11: ='TABLE Summary'!O11*1000 -> 2853600 | P11: ='TABLE Summary'!P11 -> 3471 | Q11: ='TABLE Summary'!Q11*1000 -> 367500 | R11: ='TABLE Summary'!R11 -> 9723 | S11: ='TABLE Summary'!S11*1000 -> 2234900 | T11: ='TABLE Summary'!T11 -> 443 | U11: ='TABLE Summary'!U11*1000 -> 228900 | V11: ='TABLE Summary'!V11*1000 -> 54900 | W11: ='TABLE Summary'!W11*1000 -> 106900 | X11: ='TABLE Summary'!X11*1000 -> 251500 | Y11: ='TABLE Summary'!Y11*1000 -> 606800 | Z11: ='TABLE Summary'!Z11*1000 -> 758000 | AA11: =SUM(Q11+S11+U11) -> 2831300 | AB11: =AA11/M11 -> 0.61128743 | AC11: R.D. | AD11: =_xlfn.CONCAT(A11," ",AC11) -> Bedford R.D. | AE11: =AD11 -> Bedford R.D. | AF11: =INDEX(Lookup!G$2:G$1349, MATCH($AE11, Lookup!$G$2:$G$1349,0)) -> BEDFORD R.D. | AG11: =INDEX(Lookup!F$2:F$1349, MATCH($AE11, Lookup!$G$2:$G$1349,0)) -> e010009 | AH11: =INDEX(Lookup!C$2:C$1349, MATCH($AE11, Lookup!$G$2:$G$1349,0)) -> Bedfordshire | AI11: =INDEX(Lookup!D$2:D$1349, MATCH($AE11, Lookup!$G$2:$G$1349,0)) -> East of England | AJ11: =INDEX(Lookup!E$2:E$1349, MATCH($AE11, Lookup!$G$2:$G$1349,0)) -> Greater South East
A12: Biggleswade | B12: ='TABLE Summary'!B12 -> 37690 | C12: ='TABLE Summary'!C12 -> 84 | D12: ='TABLE Summary'!D12 -> 38.3 | E12: ='TABLE Summary'!E12 -> 3.8 | F12: ='TABLE Summary'!F12 -> 34.5 | G12: ='TABLE Summary'!G12 -> 0 | H12: ='TABLE Summary'!H12 -> 39.5 | I12: ='TABLE Summary'!I12 -> 33000 | ... L12: ='TABLE Summary'!L12 -> 37.7 | M12: ='TABLE Summary'!M12*1000 -> 3156600 | N12: ='TABLE Summary'!N12 -> 10515 | O12: ='TABLE Summary'!O12*1000 -> 2218600 | P12: ='TABLE Summary'!P12 -> 2328 | Q12: ='TABLE Summary'!Q12*1000 -> 251100 | R12: ='TABLE Summary'!R12 -> 8014 | S12: ='TABLE Summary'!S12*1000 -> 1845000 | T12: ='TABLE Summary'!T12 -> 147 | U12: ='TABLE Summary'!U12*1000 -> 72100 | V12: ='TABLE Summary'!V12*1000 -> 124400 | W12: ='TABLE Summary'!W12*1000 -> 45300 | X12: ='TABLE Summary'!X12*1000 -> 182500 | Y12: ='TABLE Summary'!Y12*1000 -> 173000 | Z12: ='TABLE Summary'!Z12*1000 -> 412900 | AA12: =SUM(Q12+S12+U12) -> 2168200 | AB12: =AA12/M12 -> 0.68687829 | AC12: R.D. | AD12: =_xlfn.CONCAT(A12," ",AC12) -> Biggleswade R.D. | AE12: =AD12 -> Biggleswade R.D. | AF12: =INDEX(Lookup!G$2:G$1349, MATCH($AE12, Lookup!$G$2:$G$1349,0)) -> BIGGLESWADE R.D. | AG12: =INDEX(Lookup!F$2:F$1349, MATCH($AE12, Lookup!$G$2:$G$1349,0)) -> e010010 | AH12: =INDEX(Lookup!C$2:C$1349, MATCH($AE12, Lookup!$G$2:$G$1349,0)) -> Bedfordshire | AI12: =INDEX(Lookup!D$2:D$1349, MATCH($AE12, Lookup!$G$2:$G$1349,0)) -> East of England | AJ12: =INDEX(Lookup!E$2:E$1349, MATCH($AE12, Lookup!$G$2:$G$1349,0)) -> Greater South East
A13: Luton | B13: ='TABLE Summary'!B13 -> 37920 | C13: ='TABLE Summary'!C13 -> 99.5 | D13: ='TABLE Summary'!D13 -> 47 | E13: ='TABLE Summary'!E13 -> 12.5 | F13: ='TABLE Summary'!F13 -> 34.5 | G13: ='TABLE Summary'!G13 -> 0 | H13: ='TABLE Summary'!H13 -> 47.4 | I13: ='TABLE Summary'!I13 -> 50200 | ... L13: ='TABLE Summary'!L13 -> 1.1 | M13: ='TABLE Summary'!M13*1000 -> 4964600 | N13: ='TABLE Summary'!N13 -> 12087 | O13: ='TABLE Summary'!O13*1000 -> 2786300 | P13: ='TABLE Summary'!P13 -> 1498 | Q13: ='TABLE Summary'!Q13*1000 -> 171300 | R13: ='TABLE Summary'!R13 -> 10244 | S13: ='TABLE Summary'!S13*1000 -> 2440900 | T13: ='TABLE Summary'!T13 -> 342 | U13: ='TABLE Summary'!U13*1000 -> 170200 | V13: ='TABLE Summary'!V13*1000 -> 111600 | W13: ='TABLE Summary'!W13*1000 -> 57400 | X13: ='TABLE Summary'!X13*1000 -> 938100 | Y13: ='TABLE Summary'!Y13*1000 -> 306300 | Z13: ='TABLE Summary'!Z13*1000 -> 764900 | AA13: =SUM(Q13+S13+U13) -> 2782400 | AB13: =AA13/M13 -> 0.56044797 | AC13: R.D. | AD13: =_xlfn.CONCAT(A13," ",AC13) -> Luton R.D. | AE13: Luton C.B. | AF13: =INDEX(Lookup!G$2:G$1349, MATCH($AE13, Lookup!$G$2:$G$1349,0)) -> LUTON C.B. | AG13: =INDEX(Lookup!F$2:F$1349, MATCH($AE13, Lookup!$G$2:$G$1349,0)) -> e010000 | AH13: =INDEX(Lookup!C$2:C$1349, MATCH($AE13, Lookup!$G$2:$G$1349,0)) -> Bedfordshire | AI13: =INDEX(Lookup!D$2:D$1349, MATCH($AE13, Lookup!$G$2:$G$1349,0)) -> East of England | AJ13: =INDEX(Lookup!E$2:E$1349, MATCH($AE13, Lookup!$G$2:$G$1349,0)) -> Greater South East
A14: BERKSHIRE | B14: ='TABLE Summary'!B14 -> 0 | C14: ='TABLE Summary'!C14 -> 0 | D14: ='TABLE Summary'!D14 -> 0 | E14: ='TABLE Summary'!E14 -> 0 | F14: ='TABLE Summary'!F14 -> 0 | G14: ='TABLE Summary'!G14 -> 0 | H14: ='TABLE Summary'!H14 -> 0 | I14: ='TABLE Summary'!I14 -> 0 | ... L14: ='TABLE Summary'!L14 -> 0 | M14: ='TABLE Summary'!M14*1000 -> 0 | N14: ='TABLE Summary'!N14 -> 0 | O14: ='TABLE Summary'!O14*1000 -> 0 | P14: ='TABLE Summary'!P14 -> 0 | Q14: ='TABLE Summary'!Q14*1000 -> 0 | R14: ='TABLE Summary'!R14 -> 0 | S14: ='TABLE Summary'!S14*1000 -> 0 | T14: ='TABLE Summary'!T14 -> 0 | U14: ='TABLE Summary'!U14*1000 -> 0 | V14: ='TABLE Summary'!V14*1000 -> 0 | W14: ='TABLE Summary'!W14*1000 -> 0 | X14: ='TABLE Summary'!X14*1000 -> 0 | Y14: ='TABLE Summary'!Y14*1000 -> 0 | Z14: ='TABLE Summary'!Z14*1000 -> 0 | AA14: =SUM(Q14+S14+U14) -> 0 | AB14: =AA14/M14 -> #DIV/0! | AE14: =AD14 -> 0 | AF14: =INDEX(Lookup!G$2:G$1349, MATCH($AE14, Lookup!$G$2:$G$1349,0)) -> #N/A | AG14: =INDEX(Lookup!F$2:F$1349, MATCH($AE14, Lookup!$G$2:$G$1349,0)) -> #N/A | AH14: =INDEX(Lookup!C$2:C$1349, MATCH($AE14, Lookup!$G$2:$G$1349,0)) -> #N/A | AI14: =INDEX(Lookup!D$2:D$1349, MATCH($AE14, Lookup!$G$2:$G$1349,0)) -> #N/A | AJ14: =INDEX(Lookup!E$2:E$1349, MATCH($AE14, Lookup!$G$2:$G$1349,0)) -> #N/A
A15: General County Precept | B15: ='TABLE Summary'!B15 -> 0 | C15: ='TABLE Summary'!C15 -> 56.2 | D15: ='TABLE Summary'!D15 -> 23.2 | E15: ='TABLE Summary'!E15 -> 0 | F15: ='TABLE Summary'!F15 -> 0 | G15: ='TABLE Summary'!G15 -> 0 | H15: ='TABLE Summary'!H15 -> 0 | I15: ='TABLE Summary'!I15 -> 687812 | ... L15: ='TABLE Summary'!L15 -> 1.5 | M15: ='TABLE Summary'!M15*1000 -> 0 | N15: ='TABLE Summary'!N15 -> 0 | O15: ='TABLE Summary'!O15*1000 -> 0 | P15: ='TABLE Summary'!P15 -> 0 | Q15: ='TABLE Summary'!Q15*1000 -> 0 | R15: ='TABLE Summary'!R15 -> 0 | S15: ='TABLE Summary'!S15*1000 -> 0 | T15: ='TABLE Summary'!T15 -> 0 | U15: ='TABLE Summary'!U15*1000 -> 0 | V15: ='TABLE Summary'!V15*1000 -> 0 | W15: ='TABLE Summary'!W15*1000 -> 0 | X15: ='TABLE Summary'!X15*1000 -> 0 | Y15: ='TABLE Summary'!Y15*1000 -> 0 | Z15: ='TABLE Summary'!Z15*1000 -> 0 | AA15: =SUM(Q15+S15+U15) -> 0 | AB15: =AA15/M15 -> #DIV/0! | AE15: =AD15 -> 0 | AF15: =INDEX(Lookup!G$2:G$1349, MATCH($AE15, Lookup!$G$2:$G$1349,0)) -> #N/A | AG15: =INDEX(Lookup!F$2:F$1349, MATCH($AE15, Lookup!$G$2:$G$1349,0)) -> #N/A | AH15: =INDEX(Lookup!C$2:C$1349, MATCH($AE15, Lookup!$G$2:$G$1349,0)) -> #N/A | AI15: =INDEX(Lookup!D$2:D$1349, MATCH($AE15, Lookup!$G$2:$G$1349,0)) -> #N/A | AJ15: =INDEX(Lookup!E$2:E$1349, MATCH($AE15, Lookup!$G$2:$G$1349,0)) -> #N/A
A16: County totals | B16: ='TABLE Summary'!B16 -> 523280 | C16: ='TABLE Summary'!C16 -> 0 | D16: ='TABLE Summary'!D16 -> 0 | E16: ='TABLE Summary'!E16 -> 0 | F16: ='TABLE Summary'!F16 -> 0 | G16: ='TABLE Summary'!G16 -> 0 | H16: ='TABLE Summary'!H16 -> 34.3 | I16: ='TABLE Summary'!I16 -> 691927 | ... L16: ='TABLE Summary'!L16 -> 0 | M16: ='TABLE Summary'!M16*1000 -> 69291200 | N16: ='TABLE Summary'!N16 -> 167337 | O16: ='TABLE Summary'!O16*1000 -> 41061100 | P16: ='TABLE Summary'!P16 -> 22724 | Q16: ='TABLE Summary'!Q16*1000 -> 2460000 | R16: ='TABLE Summary'!R16 -> 129325 | S16: ='TABLE Summary'!S16*1000 -> 31820000 | T16: ='TABLE Summary'!T16 -> 12104 | U16: ='TABLE Summary'!U16*1000 -> 6487600 | V16: ='TABLE Summary'!V16*1000 -> 4907000 | W16: ='TABLE Summary'!W16*1000 -> 1877800 | X16: ='TABLE Summary'!X16*1000 -> 4726700 | Y16: ='TABLE Summary'!Y16*1000 -> 7012900 | Z16: ='TABLE Summary'!Z16*1000 -> 9705700 | AA16: =SUM(Q16+S16+U16) -> 40767600 | AB16: =AA16/M16 -> 0.58835177 | AE16: =AD16 -> 0 | AF16: =INDEX(Lookup!G$2:G$1349, MATCH($AE16, Lookup!$G$2:$G$1349,0)) -> #N/A | AG16: =INDEX(Lookup!F$2:F$1349, MATCH($AE16, Lookup!$G$2:$G$1349,0)) -> #N/A | AH16: =INDEX(Lookup!C$2:C$1349, MATCH($AE16, Lookup!$G$2:$G$1349,0)) -> #N/A | AI16: =INDEX(Lookup!D$2:D$1349, MATCH($AE16, Lookup!$G$2:$G$1349,0)) -> #N/A | AJ16: =INDEX(Lookup!E$2:E$1349, MATCH($AE16, Lookup!$G$2:$G$1349,0)) -> #N/A
A17: Abingdon | B17: ='TABLE Summary'!B17 -> 19470 | C17: ='TABLE Summary'!C17 -> 86.5 | D17: ='TABLE Summary'!D17 -> 35 | E17: ='TABLE Summary'!E17 -> 11 | F17: ='TABLE Summary'!F17 -> 24 | G17: ='TABLE Summary'!G17 -> 0 | H17: ='TABLE Summary'!H17 -> 0 | I17: ='TABLE Summary'!I17 -> 25340 | ... L17: ='TABLE Summary'!L17 -> 2.7 | M17: ='TABLE Summary'!M17*1000 -> 2541600 | N17: ='TABLE Summary'!N17 -> 6294 | O17: ='TABLE Summary'!O17*1000 -> 1430800 | P17: ='TABLE Summary'!P17 -> 563 | Q17: ='TABLE Summary'!Q17*1000 -> 67700 | R17: ='TABLE Summary'!R17 -> 5583 | S17: ='TABLE Summary'!S17*1000 -> 1311600 | T17: ='TABLE Summary'!T17 -> 102 | U17: ='TABLE Summary'!U17*1000 -> 48600 | V17: ='TABLE Summary'!V17*1000 -> 309400 | W17: ='TABLE Summary'!W17*1000 -> 32600 | X17: ='TABLE Summary'!X17*1000 -> 116900 | Y17: ='TABLE Summary'!Y17*1000 -> 330000 | Z17: ='TABLE Summary'!Z17*1000 -> 321900 | AA17: =SUM(Q17+S17+U17) -> 1427900 | AB17: =AA17/M17 -> 0.56181146 | AC17: M.B. | AD17: =_xlfn.CONCAT(A17," ",AC17) -> Abingdon M.B. | AE17: =AD17 -> Abingdon M.B. | AF17: =INDEX(Lookup!G$2:G$1349, MATCH($AE17, Lookup!$G$2:$G$1349,0)) -> ABINGDON M.B. | AG17: =INDEX(Lookup!F$2:F$1349, MATCH($AE17, Lookup!$G$2:$G$1349,0)) -> e020013 | AH17: =INDEX(Lookup!C$2:C$1349, MATCH($AE17, Lookup!$G$2:$G$1349,0)) -> Oxfordshire | AI17: =INDEX(Lookup!D$2:D$1349, MATCH($AE17, Lookup!$G$2:$G$1349,0)) -> South East | AJ17: =INDEX(Lookup!E$2:E$1349, MATCH($AE17, Lookup!$G$2:$G$1349,0)) -> Greater South East
A18: Maidenhead | B18: ='TABLE Summary'!B18 -> 47220 | C18: ='TABLE Summary'!C18 -> 81 | D18: ='TABLE Summary'!D18 -> 34 | E18: ='TABLE Summary'!E18 -> 10.8 | F18: ='TABLE Summary'!F18 -> 23.2 | G18: ='TABLE Summary'!G18 -> 0 | H18: ='TABLE Summary'!H18 -> 0 | I18: ='TABLE Summary'!I18 -> 77700 | ... L18: ='TABLE Summary'!L18 -> 0 | M18: ='TABLE Summary'!M18*1000 -> 8066300 | N18: ='TABLE Summary'!N18 -> 15199 | O18: ='TABLE Summary'!O18*1000 -> 4250400 | P18: ='TABLE Summary'!P18 -> 1070 | Q18: ='TABLE Summary'!Q18*1000 -> 130900 | R18: ='TABLE Summary'!R18 -> 12153 | S18: ='TABLE Summary'!S18*1000 -> 3092600 | T18: ='TABLE Summary'!T18 -> 1968 | U18: ='TABLE Summary'!U18*1000 -> 1026100 | V18: ='TABLE Summary'!V18*1000 -> 773700 | W18: ='TABLE Summary'!W18*1000 -> 279300 | X18: ='TABLE Summary'!X18*1000 -> 591800 | Y18: ='TABLE Summary'!Y18*1000 -> 1426600 | Z18: ='TABLE Summary'!Z18*1000 -> 684400 | AA18: =SUM(Q18+S18+U18) -> 4249600 | AB18: =AA18/M18 -> 0.52683386 | AC18: M.B. | AD18: =_xlfn.CONCAT(A18," ",AC18) -> Maidenhead M.B. | AE18: =AD18 -> Maidenhead M.B. | AF18: =INDEX(Lookup!G$2:G$1349, MATCH($AE18, Lookup!$G$2:$G$1349,0)) -> MAIDENHEAD M.B. | AG18: =INDEX(Lookup!F$2:F$1349, MATCH($AE18, Lookup!$G$2:$G$1349,0)) -> e020014 | AH18: =INDEX(Lookup!C$2:C$1349, MATCH($AE18, Lookup!$G$2:$G$1349,0)) -> Berkshire | AI18: =INDEX(Lookup!D$2:D$1349, MATCH($AE18, Lookup!$G$2:$G$1349,0)) -> South East | AJ18: =INDEX(Lookup!E$2:E$1349, MATCH($AE18, Lookup!$G$2:$G$1349,0)) -> Greater South East
A19: Newbury | B19: ='TABLE Summary'!B19 -> 24310 | C19: ='TABLE Summary'!C19 -> 84 | D19: ='TABLE Summary'!D19 -> 33 | E19: ='TABLE Summary'!E19 -> 9.8 | F19: ='TABLE Summary'!F19 -> 23.2 | G19: ='TABLE Summary'!G19 -> 0 | H19: ='TABLE Summary'!H19 -> 0 | I19: ='TABLE Summary'!I19 -> 39450 | ... L19: ='TABLE Summary'!L19 -> 0 | M19: ='TABLE Summary'!M19*1000 -> 4059100 | N19: ='TABLE Summary'!N19 -> 8321 | O19: ='TABLE Summary'!O19*1000 -> 1949200 | P19: ='TABLE Summary'!P19 -> 1474 | Q19: ='TABLE Summary'!Q19*1000 -> 177000 | R19: ='TABLE Summary'!R19 -> 6536 | S19: ='TABLE Summary'!S19*1000 -> 1623100 | T19: ='TABLE Summary'!T19 -> 304 | U19: ='TABLE Summary'!U19*1000 -> 147900 | V19: ='TABLE Summary'!V19*1000 -> 801000 | W19: ='TABLE Summary'!W19*1000 -> 183600 | X19: ='TABLE Summary'!X19*1000 -> 430400 | Y19: ='TABLE Summary'!Y19*1000 -> 399200 | Z19: ='TABLE Summary'!Z19*1000 -> 295700 | AA19: =SUM(Q19+S19+U19) -> 1948000 | AB19: =AA19/M19 -> 0.47990934 | AC19: M.B. | AD19: =_xlfn.CONCAT(A19," ",AC19) -> Newbury M.B. | AE19: =AD19 -> Newbury M.B. | AF19: =INDEX(Lookup!G$2:G$1349, MATCH($AE19, Lookup!$G$2:$G$1349,0)) -> NEWBURY M.B. | AG19: =INDEX(Lookup!F$2:F$1349, MATCH($AE19, Lookup!$G$2:$G$1349,0)) -> e020015 | AH19: =INDEX(Lookup!C$2:C$1349, MATCH($AE19, Lookup!$G$2:$G$1349,0)) -> Berkshire | AI19: =INDEX(Lookup!D$2:D$1349, MATCH($AE19, Lookup!$G$2:$G$1349,0)) -> South East | AJ19: =INDEX(Lookup!E$2:E$1349, MATCH($AE19, Lookup!$G$2:$G$1349,0)) -> Greater South East
A20: New Windsor | B20: ='TABLE Summary'!B20 -> 30360 | C20: ='TABLE Summary'!C20 -> 85 | D20: ='TABLE Summary'!D20 -> 36.3 | E20: ='TABLE Summary'!E20 -> 12.3 | F20: ='TABLE Summary'!F20 -> 24 | G20: ='TABLE Summary'!G20 -> 0 | H20: ='TABLE Summary'!H20 -> 0 | I20: ='TABLE Summary'!I20 -> 43590 | ... L20: ='TABLE Summary'!L20 -> 0 | M20: ='TABLE Summary'!M20*1000 -> 4302500 | N20: ='TABLE Summary'!N20 -> 9978 | O20: ='TABLE Summary'!O20*1000 -> 2347600 | P20: ='TABLE Summary'!P20 -> 1665 | Q20: ='TABLE Summary'!Q20*1000 -> 190400 | R20: ='TABLE Summary'!R20 -> 7562 | S20: ='TABLE Summary'!S20*1000 -> 1881900 | T20: ='TABLE Summary'!T20 -> 493 | U20: ='TABLE Summary'!U20*1000 -> 255500 | V20: ='TABLE Summary'!V20*1000 -> 601400 | W20: ='TABLE Summary'!W20*1000 -> 156900 | X20: ='TABLE Summary'!X20*1000 -> 433100 | Y20: ='TABLE Summary'!Y20*1000 -> 239200 | Z20: ='TABLE Summary'!Z20*1000 -> 524400 | AA20: =SUM(Q20+S20+U20) -> 2327800 | AB20: =AA20/M20 -> 0.54103428 | AC20: M.B. | AD20: =_xlfn.CONCAT(A20," ",AC20) -> New Windsor M.B. | AE20: =AD20 -> New Windsor M.B. | AF20: =INDEX(Lookup!G$2:G$1349, MATCH($AE20, Lookup!$G$2:$G$1349,0)) -> NEW WINDSOR M.B. | AG20: =INDEX(Lookup!F$2:F$1349, MATCH($AE20, Lookup!$G$2:$G$1349,0)) -> e020016 | AH20: =INDEX(Lookup!C$2:C$1349, MATCH($AE20, Lookup!$G$2:$G$1349,0)) -> Berkshire | AI20: =INDEX(Lookup!D$2:D$1349, MATCH($AE20, Lookup!$G$2:$G$1349,0)) -> South East | AJ20: =INDEX(Lookup!E$2:E$1349, MATCH($AE20, Lookup!$G$2:$G$1349,0)) -> Greater South East
A21: Wallingford | B21: ='TABLE Summary'!B21 -> 6180 | C21: ='TABLE Summary'!C21 -> 93 | D21: ='TABLE Summary'!D21 -> 37 | E21: ='TABLE Summary'!E21 -> 13 | F21: ='TABLE Summary'!F21 -> 24 | G21: ='TABLE Summary'!G21 -> 0 | H21: ='TABLE Summary'!H21 -> 0 | I21: ='TABLE Summary'!I21 -> 8461 | ... L21: ='TABLE Summary'!L21 -> 0 | M21: ='TABLE Summary'!M21*1000 -> 942100 | N21: ='TABLE Summary'!N21 -> 1959 | O21: ='TABLE Summary'!O21*1000 -> 404300 | P21: ='TABLE Summary'!P21 -> 425 | Q21: ='TABLE Summary'!Q21*1000 -> 46400 | R21: ='TABLE Summary'!R21 -> 1482 | S21: ='TABLE Summary'!S21*1000 -> 348400 | T21: ='TABLE Summary'!T21 -> 14 | U21: ='TABLE Summary'!U21*1000 -> 6300 | V21: ='TABLE Summary'!V21*1000 -> 161100 | W21: ='TABLE Summary'!W21*1000 -> 15300 | X21: ='TABLE Summary'!X21*1000 -> 105800 | Y21: ='TABLE Summary'!Y21*1000 -> 149500 | Z21: ='TABLE Summary'!Z21*1000 -> 106100 | AA21: =SUM(Q21+S21+U21) -> 401100 | AB21: =AA21/M21 -> 0.42575098 | AC21: M.B. | AD21: =_xlfn.CONCAT(A21," ",AC21) -> Wallingford M.B. | AE21: =AD21 -> Wallingford M.B. | AF21: =INDEX(Lookup!G$2:G$1349, MATCH($AE21, Lookup!$G$2:$G$1349,0)) -> WALLINGFORD M.B. | AG21: =INDEX(Lookup!F$2:F$1349, MATCH($AE21, Lookup!$G$2:$G$1349,0)) -> e020017 | AH21: =INDEX(Lookup!C$2:C$1349, MATCH($AE21, Lookup!$G$2:$G$1349,0)) -> Oxfordshire | AI21: =INDEX(Lookup!D$2:D$1349, MATCH($AE21, Lookup!$G$2:$G$1349,0)) -> South East | AJ21: =INDEX(Lookup!E$2:E$1349, MATCH($AE21, Lookup!$G$2:$G$1349,0)) -> Greater South East
A22: Wokingham | B22: ='TABLE Summary'!B22 -> 22070 | C22: ='TABLE Summary'!C22 -> 89 | D22: ='TABLE Summary'!D22 -> 38.5 | E22: ='TABLE Summary'!E22 -> 14.5 | F22: ='TABLE Summary'!F22 -> 24 | G22: ='TABLE Summary'!G22 -> 0 | H22: ='TABLE Summary'!H22 -> 0 | I22: ='TABLE Summary'!I22 -> 30350 | ... L22: ='TABLE Summary'!L22 -> 0 | M22: ='TABLE Summary'!M22*1000 -> 3206400 | N22: ='TABLE Summary'!N22 -> 6945 | O22: ='TABLE Summary'!O22*1000 -> 1906600 | P22: ='TABLE Summary'!P22 -> 813 | Q22: ='TABLE Summary'!Q22*1000 -> 96300 | R22: ='TABLE Summary'!R22 -> 5335 | S22: ='TABLE Summary'!S22*1000 -> 1432000 | T22: ='TABLE Summary'!T22 -> 797 | U22: ='TABLE Summary'!U22*1000 -> 378300 | V22: ='TABLE Summary'!V22*1000 -> 276100 | W22: ='TABLE Summary'!W22*1000 -> 61600 | X22: ='TABLE Summary'!X22*1000 -> 211400 | Y22: ='TABLE Summary'!Y22*1000 -> 472500 | Z22: ='TABLE Summary'!Z22*1000 -> 278300 | AA22: =SUM(Q22+S22+U22) -> 1906600 | AB22: =AA22/M22 -> 0.59462325 | AC22: M.B. | AD22: =_xlfn.CONCAT(A22," ",AC22) -> Wokingham M.B. | AE22: =AD22 -> Wokingham M.B. | AF22: =INDEX(Lookup!G$2:G$1349, MATCH($AE22, Lookup!$G$2:$G$1349,0)) -> WOKINGHAM M.B. | AG22: =INDEX(Lookup!F$2:F$1349, MATCH($AE22, Lookup!$G$2:$G$1349,0)) -> e020019 | AH22: =INDEX(Lookup!C$2:C$1349, MATCH($AE22, Lookup!$G$2:$G$1349,0)) -> Berkshire | AI22: =INDEX(Lookup!D$2:D$1349, MATCH($AE22, Lookup!$G$2:$G$1349,0)) -> South East | AJ22: =INDEX(Lookup!E$2:E$1349, MATCH($AE22, Lookup!$G$2:$G$1349,0)) -> Greater South East
A23: Wantage | B23: ='TABLE Summary'!B23 -> 8440 | C23: ='TABLE Summary'!C23 -> 81.5 | D23: ='TABLE Summary'!D23 -> 35 | E23: ='TABLE Summary'!E23 -> 11 | F23: ='TABLE Summary'!F23 -> 24 | G23: ='TABLE Summary'!G23 -> 0 | H23: ='TABLE Summary'!H23 -> 0 | I23: ='TABLE Summary'!I23 -> 7566 | ... L23: ='TABLE Summary'!L23 -> 25.3 | M23: ='TABLE Summary'!M23*1000 -> 835600 | N23: ='TABLE Summary'!N23 -> 2420 | O23: ='TABLE Summary'!O23*1000 -> 513700 | P23: ='TABLE Summary'!P23 -> 542 | Q23: ='TABLE Summary'!Q23*1000 -> 59800 | R23: ='TABLE Summary'!R23 -> 1841 | S23: ='TABLE Summary'!S23*1000 -> 431500 | T23: ='TABLE Summary'!T23 -> 35 | U23: ='TABLE Summary'!U23*1000 -> 17300 | V23: ='TABLE Summary'!V23*1000 -> 121500 | W23: ='TABLE Summary'!W23*1000 -> 11800 | X23: ='TABLE Summary'!X23*1000 -> 56000 | Y23: ='TABLE Summary'!Y23*1000 -> 29800 | Z23: ='TABLE Summary'!Z23*1000 -> 102800 | AA23: =SUM(Q23+S23+U23) -> 508600 | AB23: =AA23/M23 -> 0.60866443 | AC23: U.D. | AD23: =_xlfn.CONCAT(A23," ",AC23) -> Wantage U.D. | AE23: =AD23 -> Wantage U.D. | AF23: =INDEX(Lookup!G$2:G$1349, MATCH($AE23, Lookup!$G$2:$G$1349,0)) -> WANTAGE U.D. | AG23: =INDEX(Lookup!F$2:F$1349, MATCH($AE23, Lookup!$G$2:$G$1349,0)) -> e020018 | AH23: =INDEX(Lookup!C$2:C$1349, MATCH($AE23, Lookup!$G$2:$G$1349,0)) -> Oxfordshire | AI23: =INDEX(Lookup!D$2:D$1349, MATCH($AE23, Lookup!$G$2:$G$1349,0)) -> South East | AJ23: =INDEX(Lookup!E$2:E$1349, MATCH($AE23, Lookup!$G$2:$G$1349,0)) -> Greater South East
A24: Rural Districts- | B24: ='TABLE Summary'!B24 -> 0 | C24: ='TABLE Summary'!C24 -> 0 | D24: ='TABLE Summary'!D24 -> 0 | E24: ='TABLE Summary'!E24 -> 0 | F24: ='TABLE Summary'!F24 -> 0 | G24: ='TABLE Summary'!G24 -> 0 | H24: ='TABLE Summary'!H24 -> 0 | I24: ='TABLE Summary'!I24 -> 0 | ... L24: ='TABLE Summary'!L24 -> 0 | M24: ='TABLE Summary'!M24*1000 -> 0 | N24: ='TABLE Summary'!N24 -> 0 | O24: ='TABLE Summary'!O24*1000 -> 0 | P24: ='TABLE Summary'!P24 -> 0 | Q24: ='TABLE Summary'!Q24*1000 -> 0 | R24: ='TABLE Summary'!R24 -> 0 | S24: ='TABLE Summary'!S24*1000 -> 0 | T24: ='TABLE Summary'!T24 -> 0 | U24: ='TABLE Summary'!U24*1000 -> 0 | V24: ='TABLE Summary'!V24*1000 -> 0 | W24: ='TABLE Summary'!W24*1000 -> 0 | X24: ='TABLE Summary'!X24*1000 -> 0 | Y24: ='TABLE Summary'!Y24*1000 -> 0 | Z24: ='TABLE Summary'!Z24*1000 -> 0 | AA24: =SUM(Q24+S24+U24) -> 0 | AB24: =AA24/M24 -> #DIV/0! | AD24: =_xlfn.CONCAT(A24," ",AC24) -> Rural Districts- | AE24: =AD24 -> Rural Districts- | AF24: =INDEX(Lookup!G$2:G$1349, MATCH($AE24, Lookup!$G$2:$G$1349,0)) -> #N/A | AG24: =INDEX(Lookup!F$2:F$1349, MATCH($AE24, Lookup!$G$2:$G$1349,0)) -> #N/A | AH24: =INDEX(Lookup!C$2:C$1349, MATCH($AE24, Lookup!$G$2:$G$1349,0)) -> #N/A | AI24: =INDEX(Lookup!D$2:D$1349, MATCH($AE24, Lookup!$G$2:$G$1349,0)) -> #N/A | AJ24: =INDEX(Lookup!E$2:E$1349, MATCH($AE24, Lookup!$G$2:$G$1349,0)) -> #N/A
A25: Abingdon | B25: ='TABLE Summary'!B25 -> 37170 | C25: ='TABLE Summary'!C25 -> 73 | D25: ='TABLE Summary'!D25 -> 30 | E25: ='TABLE Summary'!E25 -> 6 | F25: ='TABLE Summary'!F25 -> 24 | G25: ='TABLE Summary'!G25 -> 0 | H25: ='TABLE Summary'!H25 -> 30.7 | I25: ='TABLE Summary'!I25 -> 48123 | ... L25: ='TABLE Summary'!L25 -> 3.4 | M25: ='TABLE Summary'!M25*1000 -> 4788900 | N25: ='TABLE Summary'!N25 -> 11646 | O25: ='TABLE Summary'!O25*1000 -> 2764800 | P25: ='TABLE Summary'!P25 -> 1252 | Q25: ='TABLE Summary'!Q25*1000 -> 125500 | R25: ='TABLE Summary'!R25 -> 8959 | S25: ='TABLE Summary'!S25*1000 -> 2163100 | T25: ='TABLE Summary'!T25 -> 896 | U25: ='TABLE Summary'!U25*1000 -> 434800 | V25: ='TABLE Summary'!V25*1000 -> 97600 | W25: ='TABLE Summary'!W25*1000 -> 38400 | X25: ='TABLE Summary'!X25*1000 -> 455200 | Y25: ='TABLE Summary'!Y25*1000 -> 78300 | Z25: ='TABLE Summary'!Z25*1000 -> 1354500 | AA25: =SUM(Q25+S25+U25) -> 2723400 | AB25: =AA25/M25 -> 0.5686901 | AC25: R.D. | AD25: =_xlfn.CONCAT(A25," ",AC25) -> Abingdon R.D. | AE25: =AD25 -> Abingdon R.D. | AF25: =INDEX(Lookup!G$2:G$1349, MATCH($AE25, Lookup!$G$2:$G$1349,0)) -> ABINGDON R.D. | AG25: =INDEX(Lookup!F$2:F$1349, MATCH($AE25, Lookup!$G$2:$G$1349,0)) -> e020020 | AH25: =INDEX(Lookup!C$2:C$1349, MATCH($AE25, Lookup!$G$2:$G$1349,0)) -> Oxfordshire | AI25: =INDEX(Lookup!D$2:D$1349, MATCH($AE25, Lookup!$G$2:$G$1349,0)) -> South East | AJ25: =INDEX(Lookup!E$2:E$1349, MATCH($AE25, Lookup!$G$2:$G$1349,0)) -> Greater South East
A26: Bradfield | B26: ='TABLE Summary'!B26 -> 41710 | C26: ='TABLE Summary'!C26 -> 77 | D26: ='TABLE Summary'!D26 -> 31 | E26: ='TABLE Summary'!E26 -> 7 | F26: ='TABLE Summary'!F26 -> 24 | G26: ='TABLE Summary'!G26 -> 0 | H26: ='TABLE Summary'!H26 -> 31.4 | I26: ='TABLE Summary'!I26 -> 58000 | ... L26: ='TABLE Summary'!L26 -> 7.6 | M26: ='TABLE Summary'!M26*1000 -> 5131300 | N26: ='TABLE Summary'!N26 -> 13231 | O26: ='TABLE Summary'!O26*1000 -> 3298400 | P26: ='TABLE Summary'!P26 -> 1621 | Q26: ='TABLE Summary'!Q26*1000 -> 162400 | R26: ='TABLE Summary'!R26 -> 10653 | S26: ='TABLE Summary'!S26*1000 -> 2607500 | T26: ='TABLE Summary'!T26 -> 951 | U26: ='TABLE Summary'!U26*1000 -> 527000 | V26: ='TABLE Summary'!V26*1000 -> 157500 | W26: ='TABLE Summary'!W26*1000 -> 56000 | X26: ='TABLE Summary'!X26*1000 -> 216400 | Y26: ='TABLE Summary'!Y26*1000 -> 483500 | Z26: ='TABLE Summary'!Z26*1000 -> 919500 | AA26: =SUM(Q26+S26+U26) -> 3296900 | AB26: =AA26/M26 -> 0.64250775 | AC26: R.D. | AD26: =_xlfn.CONCAT(A26," ",AC26) -> Bradfield R.D. | AE26: =AD26 -> Bradfield R.D. | AF26: =INDEX(Lookup!G$2:G$1349, MATCH($AE26, Lookup!$G$2:$G$1349,0)) -> BRADFIELD R.D. | AG26: =INDEX(Lookup!F$2:F$1349, MATCH($AE26, Lookup!$G$2:$G$1349,0)) -> e020021 | AH26: =INDEX(Lookup!C$2:C$1349, MATCH($AE26, Lookup!$G$2:$G$1349,0)) -> Berkshire | AI26: =INDEX(Lookup!D$2:D$1349, MATCH($AE26, Lookup!$G$2:$G$1349,0)) -> South East | AJ26: =INDEX(Lookup!E$2:E$1349, MATCH($AE26, Lookup!$G$2:$G$1349,0)) -> Greater South East
A27: Cookham | B27: ='TABLE Summary'!B27 -> 19290 | C27: ='TABLE Summary'!C27 -> 87 | D27: ='TABLE Summary'!D27 -> 38 | E27: ='TABLE Summary'!E27 -> 14 | F27: ='TABLE Summary'!F27 -> 24 | G27: ='TABLE Summary'!G27 -> 0 | H27: ='TABLE Summary'!H27 -> 38.5 | I27: ='TABLE Summary'!I27 -> 27000 | ... L27: ='TABLE Summary'!L27 -> 0 | M27: ='TABLE Summary'!M27*1000 -> 2834100 | N27: ='TABLE Summary'!N27 -> 7142 | O27: ='TABLE Summary'!O27*1000 -> 1856000 | P27: ='TABLE Summary'!P27 -> 1884 | Q27: ='TABLE Summary'!Q27*1000 -> 170400 | R27: ='TABLE Summary'!R27 -> 3973 | S27: ='TABLE Summary'!S27*1000 -> 999400 | T27: ='TABLE Summary'!T27 -> 1163 | U27: ='TABLE Summary'!U27*1000 -> 674800 | V27: ='TABLE Summary'!V27*1000 -> 75200 | W27: ='TABLE Summary'!W27*1000 -> 132600 | X27: ='TABLE Summary'!X27*1000 -> 236100 | Y27: ='TABLE Summary'!Y27*1000 -> 248400 | Z27: ='TABLE Summary'!Z27*1000 -> 285800 | AA27: =SUM(Q27+S27+U27) -> 1844600 | AB27: =AA27/M27 -> 0.65085918 | AC27: R.D. | AD27: =_xlfn.CONCAT(A27," ",AC27) -> Cookham R.D. | AE27: =AD27 -> Cookham R.D. | AF27: =INDEX(Lookup!G$2:G$1349, MATCH($AE27, Lookup!$G$2:$G$1349,0)) -> COOKHAM R.D. | AG27: =INDEX(Lookup!F$2:F$1349, MATCH($AE27, Lookup!$G$2:$G$1349,0)) -> e020022 | AH27: =INDEX(Lookup!C$2:C$1349, MATCH($AE27, Lookup!$G$2:$G$1349,0)) -> Berkshire | AI27: =INDEX(Lookup!D$2:D$1349, MATCH($AE27, Lookup!$G$2:$G$1349,0)) -> South East | AJ27: =INDEX(Lookup!E$2:E$1349, MATCH($AE27, Lookup!$G$2:$G$1349,0)) -> Greater South East
A28: Easthampstead | B28: ='TABLE Summary'!B28 -> 67690 | C28: ='TABLE Summary'!C28 -> 89 | D28: ='TABLE Summary'!D28 -> 38.5 | E28: ='TABLE Summary'!E28 -> 14.5 | F28: ='TABLE Summary'!F28 -> 24 | G28: ='TABLE Summary'!G28 -> 0 | H28: ='TABLE Summary'!H28 -> 40 | I28: ='TABLE Summary'!I28 -> 97487 | ... L28: ='TABLE Summary'!L28 -> 0 | M28: ='TABLE Summary'!M28*1000 -> 9741500 | N28: ='TABLE Summary'!N28 -> 21251 | O28: ='TABLE Summary'!O28*1000 -> 5155400 | P28: ='TABLE Summary'!P28 -> 2483 | Q28: ='TABLE Summary'!Q28*1000 -> 273900 | R28: ='TABLE Summary'!R28 -> 17050 | S28: ='TABLE Summary'!S28*1000 -> 4265400 | T28: ='TABLE Summary'!T28 -> 1030 | U28: ='TABLE Summary'!U28*1000 -> 555600 | V28: ='TABLE Summary'!V28*1000 -> 638500 | W28: ='TABLE Summary'!W28*1000 -> 663500 | X28: ='TABLE Summary'!X28*1000 -> 732500 | Y28: ='TABLE Summary'!Y28*1000 -> 1314400 | Z28: ='TABLE Summary'!Z28*1000 -> 1237100 | AA28: =SUM(Q28+S28+U28) -> 5094900 | AB28: =AA28/M28 -> 0.5230098 | AC28: R.D. | AD28: =_xlfn.CONCAT(A28," ",AC28) -> Easthampstead R.D. | AE28: =AD28 -> Easthampstead R.D. | AF28: =INDEX(Lookup!G$2:G$1349, MATCH($AE28, Lookup!$G$2:$G$1349,0)) -> EASTHAMPSTEAD R.D. | AG28: =INDEX(Lookup!F$2:F$1349, MATCH($AE28, Lookup!$G$2:$G$1349,0)) -> e020023 | AH28: =INDEX(Lookup!C$2:C$1349, MATCH($AE28, Lookup!$G$2:$G$1349,0)) -> Berkshire | AI28: =INDEX(Lookup!D$2:D$1349, MATCH($AE28, Lookup!$G$2:$G$1349,0)) -> South East | AJ28: =INDEX(Lookup!E$2:E$1349, MATCH($AE28, Lookup!$G$2:$G$1349,0)) -> Greater South East
A29: Faringdon | B29: ='TABLE Summary'!B29 -> 14830 | C29: ='TABLE Summary'!C29 -> 80 | D29: ='TABLE Summary'!D29 -> 31 | E29: ='TABLE Summary'!E29 -> 7 | F29: ='TABLE Summary'!F29 -> 24 | G29: ='TABLE Summary'!G29 -> 0 | H29: ='TABLE Summary'!H29 -> 31.4 | I29: ='TABLE Summary'!I29 -> 14305 | ... L29: ='TABLE Summary'!L29 -> 36.3 | M29: ='TABLE Summary'!M29*1000 -> 1266100 | N29: ='TABLE Summary'!N29 -> 5036 | O29: ='TABLE Summary'!O29*1000 -> 850900 | P29: ='TABLE Summary'!P29 -> 1494 | Q29: ='TABLE Summary'!Q29*1000 -> 158700 | R29: ='TABLE Summary'!R29 -> 2995 | S29: ='TABLE Summary'!S29*1000 -> 608900 | T29: ='TABLE Summary'!T29 -> 94 | U29: ='TABLE Summary'!U29*1000 -> 50500 | V29: ='TABLE Summary'!V29*1000 -> 66700 | W29: ='TABLE Summary'!W29*1000 -> 8000 | X29: ='TABLE Summary'!X29*1000 -> 82200 | Y29: ='TABLE Summary'!Y29*1000 -> 22600 | Z29: ='TABLE Summary'!Z29*1000 -> 235700 | AA29: =SUM(Q29+S29+U29) -> 818100 | AB29: =AA29/M29 -> 0.64615749 | AC29: R.D. | AD29: =_xlfn.CONCAT(A29," ",AC29) -> Faringdon R.D. | AE29: =AD29 -> Faringdon R.D. | AF29: =INDEX(Lookup!G$2:G$1349, MATCH($AE29, Lookup!$G$2:$G$1349,0)) -> FARINGDON R.D. | AG29: =INDEX(Lookup!F$2:F$1349, MATCH($AE29, Lookup!$G$2:$G$1349,0)) -> e020025 | AH29: =INDEX(Lookup!C$2:C$1349, MATCH($AE29, Lookup!$G$2:$G$1349,0)) -> Oxfordshire | AI29: =INDEX(Lookup!D$2:D$1349, MATCH($AE29, Lookup!$G$2:$G$1349,0)) -> South East | AJ29: =INDEX(Lookup!E$2:E$1349, MATCH($AE29, Lookup!$G$2:$G$1349,0)) -> Greater South East
A30: Hungerford | B30: ='TABLE Summary'!B30 -> 11680 | C30: ='TABLE Summary'!C30 -> 76.5 | D30: ='TABLE Summary'!D30 -> 29.8 | E30: ='TABLE Summary'!E30 -> 5.8 | F30: ='TABLE Summary'!F30 -> 24 | G30: ='TABLE Summary'!G30 -> 0 | H30: ='TABLE Summary'!H30 -> 31 | I30: ='TABLE Summary'!I30 -> 10991 | ... L30: ='TABLE Summary'!L30 -> 29.5 | M30: ='TABLE Summary'!M30*1000 -> 1094500 | N30: ='TABLE Summary'!N30 -> 3790 | O30: ='TABLE Summary'!O30*1000 -> 704700 | P30: ='TABLE Summary'!P30 -> 1264 | Q30: ='TABLE Summary'!Q30*1000 -> 136000 | R30: ='TABLE Summary'!R30 -> 2418 | S30: ='TABLE Summary'!S30*1000 -> 497100 | T30: ='TABLE Summary'!T30 -> 107 | U30: ='TABLE Summary'!U30*1000 -> 71500 | V30: ='TABLE Summary'!V30*1000 -> 67200 | W30: ='TABLE Summary'!W30*1000 -> 13300 | X30: ='TABLE Summary'!X30*1000 -> 93800 | Y30: ='TABLE Summary'!Y30*1000 -> 78400 | Z30: ='TABLE Summary'!Z30*1000 -> 137200 | AA30: =SUM(Q30+S30+U30) -> 704600 | AB30: =AA30/M30 -> 0.64376428 | AC30: R.D. | AD30: =_xlfn.CONCAT(A30," ",AC30) -> Hungerford R.D. | AE30: =AD30 -> Hungerford R.D. | AF30: =INDEX(Lookup!G$2:G$1349, MATCH($AE30, Lookup!$G$2:$G$1349,0)) -> HUNGERFORD R.D. | AG30: =INDEX(Lookup!F$2:F$1349, MATCH($AE30, Lookup!$G$2:$G$1349,0)) -> e020026 | AH30: =INDEX(Lookup!C$2:C$1349, MATCH($AE30, Lookup!$G$2:$G$1349,0)) -> Berkshire | AI30: =INDEX(Lookup!D$2:D$1349, MATCH($AE30, Lookup!$G$2:$G$1349,0)) -> South East | AJ30: =INDEX(Lookup!E$2:E$1349, MATCH($AE30, Lookup!$G$2:$G$1349,0)) -> Greater South East
A31: Newbury | B31: ='TABLE Summary'!B31 -> 26260 | C31: ='TABLE Summary'!C31 -> 72.5 | D31: ='TABLE Summary'!D31 -> 32.2 | E31: ='TABLE Summary'!E31 -> 8.2 | F31: ='TABLE Summary'!F31 -> 24 | G31: ='TABLE Summary'!G31 -> 0 | H31: ='TABLE Summary'!H31 -> 32.6 | I31: ='TABLE Summary'!I31 -> 34500 | ... L31: ='TABLE Summary'!L31 -> 0 | M31: ='TABLE Summary'!M31*1000 -> 3510000 | N31: ='TABLE Summary'!N31 -> 8325 | O31: ='TABLE Summary'!O31*1000 -> 1968400 | P31: ='TABLE Summary'!P31 -> 1095 | Q31: ='TABLE Summary'!Q31*1000 -> 116700 | R31: ='TABLE Summary'!R31 -> 6846 | S31: ='TABLE Summary'!S31*1000 -> 1635000 | T31: ='TABLE Summary'!T31 -> 380 | U31: ='TABLE Summary'!U31*1000 -> 207800 | V31: ='TABLE Summary'!V31*1000 -> 94800 | W31: ='TABLE Summary'!W31*1000 -> 5600 | X31: ='TABLE Summary'!X31*1000 -> 194600 | Y31: ='TABLE Summary'!Y31*1000 -> 807000 | Z31: ='TABLE Summary'!Z31*1000 -> 439500 | AA31: =SUM(Q31+S31+U31) -> 1959500 | AB31: =AA31/M31 -> 0.55826211 | AC31: R.D. | AD31: =_xlfn.CONCAT(A31," ",AC31) -> Newbury R.D. | AE31: =AD31 -> Newbury R.D. | AF31: =INDEX(Lookup!G$2:G$1349, MATCH($AE31, Lookup!$G$2:$G$1349,0)) -> NEWBURY R.D. | AG31: =INDEX(Lookup!F$2:F$1349, MATCH($AE31, Lookup!$G$2:$G$1349,0)) -> e020027 | AH31: =INDEX(Lookup!C$2:C$1349, MATCH($AE31, Lookup!$G$2:$G$1349,0)) -> Berkshire | AI31: =INDEX(Lookup!D$2:D$1349, MATCH($AE31, Lookup!$G$2:$G$1349,0)) -> South East | AJ31: =INDEX(Lookup!E$2:E$1349, MATCH($AE31, Lookup!$G$2:$G$1349,0)) -> Greater South East
A32: Wallingford | B32: ='TABLE Summary'!B32 -> 23600 | C32: ='TABLE Summary'!C32 -> 69 | D32: ='TABLE Summary'!D32 -> 29.3 | E32: ='TABLE Summary'!E32 -> 5.3 | F32: ='TABLE Summary'!F32 -> 24 | G32: ='TABLE Summary'!G32 -> 0 | H32: ='TABLE Summary'!H32 -> 30.4 | I32: ='TABLE Summary'!I32 -> 21975 | ... L32: ='TABLE Summary'!L32 -> 32.8 | M32: ='TABLE Summary'!M32*1000 -> 2155600 | N32: ='TABLE Summary'!N32 -> 7573 | O32: ='TABLE Summary'!O32*1000 -> 1520800 | P32: ='TABLE Summary'!P32 -> 896 | Q32: ='TABLE Summary'!Q32*1000 -> 93100 | R32: ='TABLE Summary'!R32 -> 6308 | S32: ='TABLE Summary'!S32*1000 -> 1349300 | T32: ='TABLE Summary'!T32 -> 119 | U32: ='TABLE Summary'!U32*1000 -> 61600 | V32: ='TABLE Summary'!V32*1000 -> 165200 | W32: ='TABLE Summary'!W32*1000 -> 19100 | X32: ='TABLE Summary'!X32*1000 -> 119000 | Y32: ='TABLE Summary'!Y32*1000 -> 91200 | Z32: ='TABLE Summary'!Z32*1000 -> 240400 | AA32: =SUM(Q32+S32+U32) -> 1504000 | AB32: =AA32/M32 -> 0.69771757 | AC32: R.D. | AD32: =_xlfn.CONCAT(A32," ",AC32) -> Wallingford R.D. | AE32: =AD32 -> Wallingford R.D. | AF32: =INDEX(Lookup!G$2:G$1349, MATCH($AE32, Lookup!$G$2:$G$1349,0)) -> WALLINGFORD R.D. | AG32: =INDEX(Lookup!F$2:F$1349, MATCH($AE32, Lookup!$G$2:$G$1349,0)) -> e020028 | AH32: =INDEX(Lookup!C$2:C$1349, MATCH($AE32, Lookup!$G$2:$G$1349,0)) -> Oxfordshire | AI32: =INDEX(Lookup!D$2:D$1349, MATCH($AE32, Lookup!$G$2:$G$1349,0)) -> South East | AJ32: =INDEX(Lookup!E$2:E$1349, MATCH($AE32, Lookup!$G$2:$G$1349,0)) -> Greater South East
A33: Wantage | B33: ='TABLE Summary'!B33 -> 20850 | C33: ='TABLE Summary'!C33 -> 76 | D33: ='TABLE Summary'!D33 -> 32 | E33: ='TABLE Summary'!E33 -> 8 | F33: ='TABLE Summary'!F33 -> 24 | G33: ='TABLE Summary'!G33 -> 0 | H33: ='TABLE Summary'!H33 -> 32.9 | I33: ='TABLE Summary'!I33 -> 26482 | ... L33: ='TABLE Summary'!L33 -> 17.9 | M33: ='TABLE Summary'!M33*1000 -> 2268700 | N33: ='TABLE Summary'!N33 -> 6811 | O33: ='TABLE Summary'!O33*1000 -> 1434000 | P33: ='TABLE Summary'!P33 -> 1468 | Q33: ='TABLE Summary'!Q33*1000 -> 152600 | R33: ='TABLE Summary'!R33 -> 5160 | S33: ='TABLE Summary'!S33*1000 -> 1171300 | T33: ='TABLE Summary'!T33 -> 169 | U33: ='TABLE Summary'!U33*1000 -> 92900 | V33: ='TABLE Summary'!V33*1000 -> 51900 | W33: ='TABLE Summary'!W33*1000 -> 3000 | X33: ='TABLE Summary'!X33*1000 -> 93200 | Y33: ='TABLE Summary'!Y33*1000 -> 46200 | Z33: ='TABLE Summary'!Z33*1000 -> 640400 | AA33: =SUM(Q33+S33+U33) -> 1416800 | AB33: =AA33/M33 -> 0.62449861 | AC33: R.D. | AD33: =_xlfn.CONCAT(A33," ",AC33) -> Wantage R.D. | AE33: =AD33 -> Wantage R.D. | AF33: =INDEX(Lookup!G$2:G$1349, MATCH($AE33, Lookup!$G$2:$G$1349,0)) -> WANTAGE R.D. | AG33: =INDEX(Lookup!F$2:F$1349, MATCH($AE33, Lookup!$G$2:$G$1349,0)) -> e020029 | AH33: =INDEX(Lookup!C$2:C$1349, MATCH($AE33, Lookup!$G$2:$G$1349,0)) -> Oxfordshire | AI33: =INDEX(Lookup!D$2:D$1349, MATCH($AE33, Lookup!$G$2:$G$1349,0)) -> South East | AJ33: =INDEX(Lookup!E$2:E$1349, MATCH($AE33, Lookup!$G$2:$G$1349,0)) -> Greater South East
A34: Windsor | B34: ='TABLE Summary'!B34 -> 18100 | C34: ='TABLE Summary'!C34 -> 77 | D34: ='TABLE Summary'!D34 -> 32.5 | E34: ='TABLE Summary'!E34 -> 8.5 | F34: ='TABLE Summary'!F34 -> 24 | G34: ='TABLE Summary'!G34 -> 0 | H34: ='TABLE Summary'!H34 -> 33.2 | I34: ='TABLE Summary'!I34 -> 25607 | ... L34: ='TABLE Summary'!L34 -> 0 | M34: ='TABLE Summary'!M34*1000 -> 2657300 | N34: ='TABLE Summary'!N34 -> 5598 | O34: ='TABLE Summary'!O34*1000 -> 1659100 | P34: ='TABLE Summary'!P34 -> 719 | Q34: ='TABLE Summary'!Q34*1000 -> 82000 | R34: ='TABLE Summary'!R34 -> 3534 | S34: ='TABLE Summary'!S34*1000 -> 878100 | T34: ='TABLE Summary'!T34 -> 1141 | U34: ='TABLE Summary'!U34*1000 -> 682600 | V34: ='TABLE Summary'!V34*1000 -> 148600 | W34: ='TABLE Summary'!W34*1000 -> 156900 | X34: ='TABLE Summary'!X34*1000 -> 136900 | Y34: ='TABLE Summary'!Y34*1000 -> 89200 | Z34: ='TABLE Summary'!Z34*1000 -> 466600 | AA34: =SUM(Q34+S34+U34) -> 1642700 | AB34: =AA34/M34 -> 0.61818387 | AC34: R.D. | AD34: =_xlfn.CONCAT(A34," ",AC34) -> Windsor R.D. | AE34: =AD34 -> Windsor R.D. | AF34: =INDEX(Lookup!G$2:G$1349, MATCH($AE34, Lookup!$G$2:$G$1349,0)) -> WINDSOR R.D. | AG34: =INDEX(Lookup!F$2:F$1349, MATCH($AE34, Lookup!$G$2:$G$1349,0)) -> e020031 | AH34: =INDEX(Lookup!C$2:C$1349, MATCH($AE34, Lookup!$G$2:$G$1349,0)) -> Berkshire | AI34: =INDEX(Lookup!D$2:D$1349, MATCH($AE34, Lookup!$G$2:$G$1349,0)) -> South East | AJ34: =INDEX(Lookup!E$2:E$1349, MATCH($AE34, Lookup!$G$2:$G$1349,0)) -> Greater South East
A35: Wokingham | B35: ='TABLE Summary'!B35 -> 84050 | C35: ='TABLE Summary'!C35 -> 75 | D35: ='TABLE Summary'!D35 -> 31.4 | E35: ='TABLE Summary'!E35 -> 7.4 | F35: ='TABLE Summary'!F35 -> 24 | G35: ='TABLE Summary'!G35 -> 0 | H35: ='TABLE Summary'!H35 -> 32.3 | I35: ='TABLE Summary'!I35 -> 95000 | ... L35: ='TABLE Summary'!L35 -> 12.9 | M35: ='TABLE Summary'!M35*1000 -> 9949500 | N35: ='TABLE Summary'!N35 -> 25818 | O35: ='TABLE Summary'!O35*1000 -> 7046000 | P35: ='TABLE Summary'!P35 -> 1996 | Q35: ='TABLE Summary'!Q35*1000 -> 220400 | R35: ='TABLE Summary'!R35 -> 20937 | S35: ='TABLE Summary'!S35*1000 -> 5524800 | T35: ='TABLE Summary'!T35 -> 2341 | U35: ='TABLE Summary'!U35*1000 -> 1248400 | V35: ='TABLE Summary'!V35*1000 -> 299500 | W35: ='TABLE Summary'!W35*1000 -> 40300 | X35: ='TABLE Summary'!X35*1000 -> 421200 | Y35: ='TABLE Summary'!Y35*1000 -> 707000 | Z35: ='TABLE Summary'!Z35*1000 -> 1435500 | AA35: =SUM(Q35+S35+U35) -> 6993600 | AB35: =AA35/M35 -> 0.70290969 | AC35: R.D. | AD35: =_xlfn.CONCAT(A35," ",AC35) -> Wokingham R.D. | AE35: =AD35 -> Wokingham R.D. | AF35: =INDEX(Lookup!G$2:G$1349, MATCH($AE35, Lookup!$G$2:$G$1349,0)) -> WOKINGHAM R.D. | AG35: =INDEX(Lookup!F$2:F$1349, MATCH($AE35, Lookup!$G$2:$G$1349,0)) -> e020032 | AH35: =INDEX(Lookup!C$2:C$1349, MATCH($AE35, Lookup!$G$2:$G$1349,0)) -> Berkshire | AI35: =INDEX(Lookup!D$2:D$1349, MATCH($AE35, Lookup!$G$2:$G$1349,0)) -> South East | AJ35: =INDEX(Lookup!E$2:E$1349, MATCH($AE35, Lookup!$G$2:$G$1349,0)) -> Greater South East
A36: BUCKINGHAMSHIRE | B36: ='TABLE Summary'!B36 -> 0 | C36: ='TABLE Summary'!C36 -> 0 | D36: ='TABLE Summary'!D36 -> 0 | E36: ='TABLE Summary'!E36 -> 0 | F36: ='TABLE Summary'!F36 -> 0 | G36: ='TABLE Summary'!G36 -> 0 | H36: ='TABLE Summary'!H36 -> 0 | I36: ='TABLE Summary'!I36 -> 0 | ... L36: ='TABLE Summary'!L36 -> 0 | M36: ='TABLE Summary'!M36*1000 -> 0 | N36: ='TABLE Summary'!N36 -> 0 | O36: ='TABLE Summary'!O36*1000 -> 0 | P36: ='TABLE Summary'!P36 -> 0 | Q36: ='TABLE Summary'!Q36*1000 -> 0 | R36: ='TABLE Summary'!R36 -> 0 | S36: ='TABLE Summary'!S36*1000 -> 0 | T36: ='TABLE Summary'!T36 -> 0 | U36: ='TABLE Summary'!U36*1000 -> 0 | V36: ='TABLE Summary'!V36*1000 -> 0 | W36: ='TABLE Summary'!W36*1000 -> 0 | X36: ='TABLE Summary'!X36*1000 -> 0 | Y36: ='TABLE Summary'!Y36*1000 -> 0 | Z36: ='TABLE Summary'!Z36*1000 -> 0 | AA36: =SUM(Q36+S36+U36) -> 0 | AB36: =AA36/M36 -> #DIV/0! | AE36: =AD36 -> 0 | AF36: =INDEX(Lookup!G$2:G$1349, MATCH($AE36, Lookup!$G$2:$G$1349,0)) -> #N/A | AG36: =INDEX(Lookup!F$2:F$1349, MATCH($AE36, Lookup!$G$2:$G$1349,0)) -> #N/A | AH36: =INDEX(Lookup!C$2:C$1349, MATCH($AE36, Lookup!$G$2:$G$1349,0)) -> #N/A | AI36: =INDEX(Lookup!D$2:D$1349, MATCH($AE36, Lookup!$G$2:$G$1349,0)) -> #N/A | AJ36: =INDEX(Lookup!E$2:E$1349, MATCH($AE36, Lookup!$G$2:$G$1349,0)) -> #N/A
A37: General County Precept | B37: ='TABLE Summary'!B37 -> 0 | C37: ='TABLE Summary'!C37 -> 64.8 | D37: ='TABLE Summary'!D37 -> 27.5 | E37: ='TABLE Summary'!E37 -> 0 | F37: ='TABLE Summary'!F37 -> 0 | G37: ='TABLE Summary'!G37 -> 0 | H37: ='TABLE Summary'!H37 -> 0 | I37: ='TABLE Summary'!I37 -> 967758 | ... L37: ='TABLE Summary'!L37 -> 0 | M37: ='TABLE Summary'!M37*1000 -> 0 | N37: ='TABLE Summary'!N37 -> 0 | O37: ='TABLE Summary'!O37*1000 -> 0 | P37: ='TABLE Summary'!P37 -> 0 | Q37: ='TABLE Summary'!Q37*1000 -> 0 | R37: ='TABLE Summary'!R37 -> 0 | S37: ='TABLE Summary'!S37*1000 -> 0 | T37: ='TABLE Summary'!T37 -> 0 | U37: ='TABLE Summary'!U37*1000 -> 0 | V37: ='TABLE Summary'!V37*1000 -> 0 | W37: ='TABLE Summary'!W37*1000 -> 0 | X37: ='TABLE Summary'!X37*1000 -> 0 | Y37: ='TABLE Summary'!Y37*1000 -> 0 | Z37: ='TABLE Summary'!Z37*1000 -> 0 | AA37: =SUM(Q37+S37+U37) -> 0 | AB37: =AA37/M37 -> #DIV/0! | AE37: =AD37 -> 0 | AF37: =INDEX(Lookup!G$2:G$1349, MATCH($AE37, Lookup!$G$2:$G$1349,0)) -> #N/A | AG37: =INDEX(Lookup!F$2:F$1349, MATCH($AE37, Lookup!$G$2:$G$1349,0)) -> #N/A | AH37: =INDEX(Lookup!C$2:C$1349, MATCH($AE37, Lookup!$G$2:$G$1349,0)) -> #N/A | AI37: =INDEX(Lookup!D$2:D$1349, MATCH($AE37, Lookup!$G$2:$G$1349,0)) -> #N/A | AJ37: =INDEX(Lookup!E$2:E$1349, MATCH($AE37, Lookup!$G$2:$G$1349,0)) -> #N/A
A38: County totals | B38: ='TABLE Summary'!B38 -> 598290 | C38: ='TABLE Summary'!C38 -> 0 | D38: ='TABLE Summary'!D38 -> 0 | E38: ='TABLE Summary'!E38 -> 0 | F38: ='TABLE Summary'!F38 -> 0 | G38: ='TABLE Summary'!G38 -> 0 | H38: ='TABLE Summary'!H38 -> 39.2 | I38: ='TABLE Summary'!I38 -> 968356 | ... L38: ='TABLE Summary'!L38 -> 0 | M38: ='TABLE Summary'!M38*1000 -> 97644400 | N38: ='TABLE Summary'!N38 -> 194688 | O38: ='TABLE Summary'!O38*1000 -> 51288400 | P38: ='TABLE Summary'!P38 -> 25120 | Q38: ='TABLE Summary'!Q38*1000 -> 2897900 | R38: ='TABLE Summary'!R38 -> 145628 | S38: ='TABLE Summary'!S38*1000 -> 36064300 | T38: ='TABLE Summary'!T38 -> 22037 | U38: ='TABLE Summary'!U38*1000 -> 12085000 | V38: ='TABLE Summary'!V38*1000 -> 7641000 | W38: ='TABLE Summary'!W38*1000 -> 2569500 | X38: ='TABLE Summary'!X38*1000 -> 8780500 | Y38: ='TABLE Summary'!Y38*1000 -> 17139000 | Z38: ='TABLE Summary'!Z38*1000 -> 10285600 | AA38: =SUM(Q38+S38+U38) -> 51047200 | AB38: =AA38/M38 -> 0.52278677 | AE38: =AD38 -> 0 | AF38: =INDEX(Lookup!G$2:G$1349, MATCH($AE38, Lookup!$G$2:$G$1349,0)) -> #N/A | AG38: =INDEX(Lookup!F$2:F$1349, MATCH($AE38, Lookup!$G$2:$G$1349,0)) -> #N/A | AH38: =INDEX(Lookup!C$2:C$1349, MATCH($AE38, Lookup!$G$2:$G$1349,0)) -> #N/A | AI38: =INDEX(Lookup!D$2:D$1349, MATCH($AE38, Lookup!$G$2:$G$1349,0)) -> #N/A | AJ38: =INDEX(Lookup!E$2:E$1349, MATCH($AE38, Lookup!$G$2:$G$1349,0)) -> #N/A
A39: Aylesbury | B39: ='TABLE Summary'!B39 -> 40860 | C39: ='TABLE Summary'!C39 -> 90 | D39: ='TABLE Summary'!D39 -> 37.8 | E39: ='TABLE Summary'!E39 -> 8.9 | F39: ='TABLE Summary'!F39 -> 28.9 | G39: ='TABLE Summary'!G39 -> 0 | H39: ='TABLE Summary'!H39 -> 0 | I39: ='TABLE Summary'!I39 -> 69308 | ... L39: ='TABLE Summary'!L39 -> 0 | M39: ='TABLE Summary'!M39*1000 -> 6845800 | N39: ='TABLE Summary'!N39 -> 12866 | O39: ='TABLE Summary'!O39*1000 -> 2636900 | P39: ='TABLE Summary'!P39 -> 2191 | Q39: ='TABLE Summary'!Q39*1000 -> 266800 | R39: ='TABLE Summary'!R39 -> 10152 | S39: ='TABLE Summary'!S39*1000 -> 2208800 | T39: ='TABLE Summary'!T39 -> 326 | U39: ='TABLE Summary'!U39*1000 -> 149400 | V39: ='TABLE Summary'!V39*1000 -> 989500 | W39: ='TABLE Summary'!W39*1000 -> 242000 | X39: ='TABLE Summary'!X39*1000 -> 687700 | Y39: ='TABLE Summary'!Y39*1000 -> 1361500 | Z39: ='TABLE Summary'!Z39*1000 -> 928100 | AA39: =SUM(Q39+S39+U39) -> 2625000 | AB39: =AA39/M39 -> 0.38344678 | AC39: M.B. | AD39: =_xlfn.CONCAT(A39," ",AC39) -> Aylesbury M.B. | AE39: =AD39 -> Aylesbury M.B. | AF39: =INDEX(Lookup!G$2:G$1349, MATCH($AE39, Lookup!$G$2:$G$1349,0)) -> AYLESBURY M.B. | AG39: =INDEX(Lookup!F$2:F$1349, MATCH($AE39, Lookup!$G$2:$G$1349,0)) -> e030033 | AH39: =INDEX(Lookup!C$2:C$1349, MATCH($AE39, Lookup!$G$2:$G$1349,0)) -> Buckinghamshire | AI39: =INDEX(Lookup!D$2:D$1349, MATCH($AE39, Lookup!$G$2:$G$1349,0)) -> South East | AJ39: =INDEX(Lookup!E$2:E$1349, MATCH($AE39, Lookup!$G$2:$G$1349,0)) -> Greater South East
A40: Buckingham | B40: ='TABLE Summary'!B40 -> 5200 | C40: ='TABLE Summary'!C40 -> 975.5 | D40: ='TABLE Summary'!D40 -> 40.2 | E40: ='TABLE Summary'!E40 -> 11.1 | F40: ='TABLE Summary'!F40 -> 28.9 | G40: ='TABLE Summary'!G40 -> 0.2 | H40: ='TABLE Summary'!H40 -> 0 | I40: ='TABLE Summary'!I40 -> 7850 | ... L40: ='TABLE Summary'!L40 -> 0 | M40: ='TABLE Summary'!M40*1000 -> 776600 | N40: ='TABLE Summary'!N40 -> 1871 | O40: ='TABLE Summary'!O40*1000 -> 341400 | P40: ='TABLE Summary'!P40 -> 687 | Q40: ='TABLE Summary'!Q40*1000 -> 70000 | R40: ='TABLE Summary'!R40 -> 1145 | S40: ='TABLE Summary'!S40*1000 -> 251000 | T40: ='TABLE Summary'!T40 -> 38 | U40: ='TABLE Summary'!U40*1000 -> 20300 | V40: ='TABLE Summary'!V40*1000 -> 96100 | W40: ='TABLE Summary'!W40*1000 -> 12300 | X40: ='TABLE Summary'!X40*1000 -> 77100 | Y40: ='TABLE Summary'!Y40*1000 -> 172000 | Z40: ='TABLE Summary'!Z40*1000 -> 77700 | AA40: =SUM(Q40+S40+U40) -> 341300 | AB40: =AA40/M40 -> 0.43947978 | AC40: M.B. | AD40: =_xlfn.CONCAT(A40," ",AC40) -> Buckingham M.B. | AE40: =AD40 -> Buckingham M.B. | AF40: =INDEX(Lookup!G$2:G$1349, MATCH($AE40, Lookup!$G$2:$G$1349,0)) -> BUCKINGHAM M.B. | AG40: =INDEX(Lookup!F$2:F$1349, MATCH($AE40, Lookup!$G$2:$G$1349,0)) -> e030036 | AH40: =INDEX(Lookup!C$2:C$1349, MATCH($AE40, Lookup!$G$2:$G$1349,0)) -> Buckinghamshire | AI40: =INDEX(Lookup!D$2:D$1349, MATCH($AE40, Lookup!$G$2:$G$1349,0)) -> South East | AJ40: =INDEX(Lookup!E$2:E$1349, MATCH($AE40, Lookup!$G$2:$G$1349,0)) -> Greater South East
A41: High Wycombe | B41: ='TABLE Summary'!B41 -> 60510 | C41: ='TABLE Summary'!C41 -> 90.5 | D41: ='TABLE Summary'!D41 -> 39.6 | E41: ='TABLE Summary'!E41 -> 12 | F41: ='TABLE Summary'!F41 -> 27.6 | G41: ='TABLE Summary'!G41 -> 0 | H41: ='TABLE Summary'!H41 -> 0 | I41: ='TABLE Summary'!I41 -> 112000 | ... L41: ='TABLE Summary'!L41 -> 0 | M41: ='TABLE Summary'!M41*1000 -> 11531600 | N41: ='TABLE Summary'!N41 -> 18952 | O41: ='TABLE Summary'!O41*1000 -> 4864900 | P41: ='TABLE Summary'!P41 -> 1608 | Q41: ='TABLE Summary'!Q41*1000 -> 205100 | R41: ='TABLE Summary'!R41 -> 16318 | S41: ='TABLE Summary'!S41*1000 -> 4183800 | T41: ='TABLE Summary'!T41 -> 961 | U41: ='TABLE Summary'!U41*1000 -> 469200 | V41: ='TABLE Summary'!V41*1000 -> 1316800 | W41: ='TABLE Summary'!W41*1000 -> 426100 | X41: ='TABLE Summary'!X41*1000 -> 1273600 | Y41: ='TABLE Summary'!Y41*1000 -> 2610900 | Z41: ='TABLE Summary'!Z41*1000 -> 1039200 | AA41: =SUM(Q41+S41+U41) -> 4858100 | AB41: =AA41/M41 -> 0.42128586 | AC41: M.B. | AD41: =_xlfn.CONCAT(A41," ",AC41) -> High Wycombe M.B. | AE41: =AD41 -> High Wycombe M.B. | AF41: =INDEX(Lookup!G$2:G$1349, MATCH($AE41, Lookup!$G$2:$G$1349,0)) -> HIGH WYCOMBE M.B. | AG41: =INDEX(Lookup!F$2:F$1349, MATCH($AE41, Lookup!$G$2:$G$1349,0)) -> e030039 | AH41: =INDEX(Lookup!C$2:C$1349, MATCH($AE41, Lookup!$G$2:$G$1349,0)) -> Buckinghamshire | AI41: =INDEX(Lookup!D$2:D$1349, MATCH($AE41, Lookup!$G$2:$G$1349,0)) -> South East | AJ41: =INDEX(Lookup!E$2:E$1349, MATCH($AE41, Lookup!$G$2:$G$1349,0)) -> Greater South East
A42: Slough | B42: ='TABLE Summary'!B42 -> 88420 | C42: ='TABLE Summary'!C42 -> 96 | D42: ='TABLE Summary'!D42 -> 42 | E42: ='TABLE Summary'!E42 -> 13.3 | F42: ='TABLE Summary'!F42 -> 28.7 | G42: ='TABLE Summary'!G42 -> 0 | H42: ='TABLE Summary'!H42 -> 0 | I42: ='TABLE Summary'!I42 -> 199500 | ... L42: ='TABLE Summary'!L42 -> 0 | M42: ='TABLE Summary'!M42*1000 -> 20350100 | N42: ='TABLE Summary'!N42 -> 27321 | O42: ='TABLE Summary'!O42*1000 -> 6448000 | P42: ='TABLE Summary'!P42 -> 903 | Q42: ='TABLE Summary'!Q42*1000 -> 110500 | R42: ='TABLE Summary'!R42 -> 25289 | S42: ='TABLE Summary'!S42*1000 -> 5953300 | T42: ='TABLE Summary'!T42 -> 1126 | U42: ='TABLE Summary'!U42*1000 -> 383800 | V42: ='TABLE Summary'!V42*1000 -> 2005300 | W42: ='TABLE Summary'!W42*1000 -> 817900 | X42: ='TABLE Summary'!X42*1000 -> 2382500 | Y42: ='TABLE Summary'!Y42*1000 -> 6737500 | Z42: ='TABLE Summary'!Z42*1000 -> 1959000 | AA42: =SUM(Q42+S42+U42) -> 6447600 | AB42: =AA42/M42 -> 0.31683382 | AC42: M.B. | AD42: =_xlfn.CONCAT(A42," ",AC42) -> Slough M.B. | AE42: =AD42 -> Slough M.B. | AF42: =INDEX(Lookup!G$2:G$1349, MATCH($AE42, Lookup!$G$2:$G$1349,0)) -> SLOUGH M.B. | AG42: =INDEX(Lookup!F$2:F$1349, MATCH($AE42, Lookup!$G$2:$G$1349,0)) -> e030043 | AH42: =INDEX(Lookup!C$2:C$1349, MATCH($AE42, Lookup!$G$2:$G$1349,0)) -> Berkshire | AI42: =INDEX(Lookup!D$2:D$1349, MATCH($AE42, Lookup!$G$2:$G$1349,0)) -> South East | AJ42: =INDEX(Lookup!E$2:E$1349, MATCH($AE42, Lookup!$G$2:$G$1349,0)) -> Greater South East
A43: Beaconsfield | B43: ='TABLE Summary'!B43 -> 11800 | C43: ='TABLE Summary'!C43 -> 91 | D43: ='TABLE Summary'!D43 -> 38.1 | E43: ='TABLE Summary'!E43 -> 9.2 | F43: ='TABLE Summary'!F43 -> 28.9 | G43: ='TABLE Summary'!G43 -> 0 | H43: ='TABLE Summary'!H43 -> 0 | I43: ='TABLE Summary'!I43 -> 20000 | ... L43: ='TABLE Summary'!L43 -> 0 | M43: ='TABLE Summary'!M43*1000 -> 2075700 | N43: ='TABLE Summary'!N43 -> 3608 | O43: ='TABLE Summary'!O43*1000 -> 1357600 | P43: ='TABLE Summary'!P43 -> 351 | Q43: ='TABLE Summary'!Q43*1000 -> 39400 | R43: ='TABLE Summary'!R43 -> 1793 | S43: ='TABLE Summary'!S43*1000 -> 450200 | T43: ='TABLE Summary'!T43 -> 1463 | U43: ='TABLE Summary'!U43*1000 -> 861200 | V43: ='TABLE Summary'!V43*1000 -> 233500 | W43: ='TABLE Summary'!W43*1000 -> 32100 | X43: ='TABLE Summary'!X43*1000 -> 171300 | Y43: ='TABLE Summary'!Y43*1000 -> 60900 | Z43: ='TABLE Summary'!Z43*1000 -> 220300 | AA43: =SUM(Q43+S43+U43) -> 1350800 | AB43: =AA43/M43 -> 0.65076842 | AC43: U.D. | AD43: =_xlfn.CONCAT(A43," ",AC43) -> Beaconsfield U.D. | AE43: =AD43 -> Beaconsfield U.D. | AF43: =INDEX(Lookup!G$2:G$1349, MATCH($AE43, Lookup!$G$2:$G$1349,0)) -> BEACONSFIELD U.D. | AG43: =INDEX(Lookup!F$2:F$1349, MATCH($AE43, Lookup!$G$2:$G$1349,0)) -> e030034 | AH43: =INDEX(Lookup!C$2:C$1349, MATCH($AE43, Lookup!$G$2:$G$1349,0)) -> Buckinghamshire | AI43: =INDEX(Lookup!D$2:D$1349, MATCH($AE43, Lookup!$G$2:$G$1349,0)) -> South East | AJ43: =INDEX(Lookup!E$2:E$1349, MATCH($AE43, Lookup!$G$2:$G$1349,0)) -> Greater South East
A44: Bletchley | B44: ='TABLE Summary'!B44 -> 31990 | C44: ='TABLE Summary'!C44 -> 89.5 | D44: ='TABLE Summary'!D44 -> 37.5 | E44: ='TABLE Summary'!E44 -> 8.6 | F44: ='TABLE Summary'!F44 -> 28.9 | G44: ='TABLE Summary'!G44 -> 0 | H44: ='TABLE Summary'!H44 -> 0 | I44: ='TABLE Summary'!I44 -> 53000 | ... L44: ='TABLE Summary'!L44 -> 0 | M44: ='TABLE Summary'!M44*1000 -> 5110700 | N44: ='TABLE Summary'!N44 -> 10372 | O44: ='TABLE Summary'!O44*1000 -> 2121200 | P44: ='TABLE Summary'!P44 -> 1199 | Q44: ='TABLE Summary'!Q44*1000 -> 1538000 | R44: ='TABLE Summary'!R44 -> 9039 | S44: ='TABLE Summary'!S44*1000 -> 1907000 | T44: ='TABLE Summary'!T44 -> 128 | U44: ='TABLE Summary'!U44*1000 -> 60000 | V44: ='TABLE Summary'!V44*1000 -> 441400 | W44: ='TABLE Summary'!W44*1000 -> 91000 | X44: ='TABLE Summary'!X44*1000 -> 360400 | Y44: ='TABLE Summary'!Y44*1000 -> 1469100 | Z44: ='TABLE Summary'!Z44*1000 -> 627600 | AA44: =SUM(Q44+S44+U44) -> 3505000 | AB44: =AA44/M44 -> 0.68581603 | AC44: U.D. | AD44: =_xlfn.CONCAT(A44," ",AC44) -> Bletchley U.D. | AE44: =AD44 -> Bletchley U.D. | AF44: =INDEX(Lookup!G$2:G$1349, MATCH($AE44, Lookup!$G$2:$G$1349,0)) -> BLETCHLEY U.D. | AG44: =INDEX(Lookup!F$2:F$1349, MATCH($AE44, Lookup!$G$2:$G$1349,0)) -> e030035 | AH44: =INDEX(Lookup!C$2:C$1349, MATCH($AE44, Lookup!$G$2:$G$1349,0)) -> Buckinghamshire | AI44: =INDEX(Lookup!D$2:D$1349, MATCH($AE44, Lookup!$G$2:$G$1349,0)) -> South East | AJ44: =INDEX(Lookup!E$2:E$1349, MATCH($AE44, Lookup!$G$2:$G$1349,0)) -> Greater South East
A45: Chesham | B45: ='TABLE Summary'!B45 -> 20730 | C45: ='TABLE Summary'!C45 -> 93 | D45: ='TABLE Summary'!D45 -> 40.5 | E45: ='TABLE Summary'!E45 -> 11.6 | F45: ='TABLE Summary'!F45 -> 28.9 | G45: ='TABLE Summary'!G45 -> 0 | H45: ='TABLE Summary'!H45 -> 0 | I45: ='TABLE Summary'!I45 -> 28120 | ... L45: ='TABLE Summary'!L45 -> 0 | M45: ='TABLE Summary'!M45*1000 -> 2901800 | N45: ='TABLE Summary'!N45 -> 6984 | O45: ='TABLE Summary'!O45*1000 -> 1764100 | P45: ='TABLE Summary'!P45 -> 1024 | Q45: ='TABLE Summary'!Q45*1000 -> 124600 | R45: ='TABLE Summary'!R45 -> 5585 | S45: ='TABLE Summary'!S45*1000 -> 1455900 | T45: ='TABLE Summary'!T45 -> 375 | U45: ='TABLE Summary'!U45*1000 -> 183600 | V45: ='TABLE Summary'!V45*1000 -> 372600 | W45: ='TABLE Summary'!W45*1000 -> 57100 | X45: ='TABLE Summary'!X45*1000 -> 203500 | Y45: ='TABLE Summary'!Y45*1000 -> 314900 | Z45: ='TABLE Summary'!Z45*1000 -> 189700 | AA45: =SUM(Q45+S45+U45) -> 1764100 | AB45: =AA45/M45 -> 0.60793301 | AC45: U.D. | AD45: =_xlfn.CONCAT(A45," ",AC45) -> Chesham U.D. | AE45: =AD45 -> Chesham U.D. | AF45: =INDEX(Lookup!G$2:G$1349, MATCH($AE45, Lookup!$G$2:$G$1349,0)) -> CHESHAM U.D. | AG45: =INDEX(Lookup!F$2:F$1349, MATCH($AE45, Lookup!$G$2:$G$1349,0)) -> e030037 | AH45: =INDEX(Lookup!C$2:C$1349, MATCH($AE45, Lookup!$G$2:$G$1349,0)) -> Buckinghamshire | AI45: =INDEX(Lookup!D$2:D$1349, MATCH($AE45, Lookup!$G$2:$G$1349,0)) -> South East | AJ45: =INDEX(Lookup!E$2:E$1349, MATCH($AE45, Lookup!$G$2:$G$1349,0)) -> Greater South East
A46: Eton | B46: ='TABLE Summary'!B46 -> 4880 | C46: ='TABLE Summary'!C46 -> 88 | D46: ='TABLE Summary'!D46 -> 40 | E46: ='TABLE Summary'!E46 -> 11.1 | F46: ='TABLE Summary'!F46 -> 28.9 | G46: ='TABLE Summary'!G46 -> 0.1 | H46: ='TABLE Summary'!H46 -> 0 | I46: ='TABLE Summary'!I46 -> 4826 | ... L46: ='TABLE Summary'!L46 -> 16.3 | M46: ='TABLE Summary'!M46*1000 -> 554700 | N46: ='TABLE Summary'!N46 -> 1183 | O46: ='TABLE Summary'!O46*1000 -> 261500 | P46: ='TABLE Summary'!P46 -> 240 | Q46: ='TABLE Summary'!Q46*1000 -> 28700 | R46: ='TABLE Summary'!R46 -> 927 | S46: ='TABLE Summary'!S46*1000 -> 224500 | T46: ='TABLE Summary'!T46 -> 16 | U46: ='TABLE Summary'!U46*1000 -> 8300 | V46: ='TABLE Summary'!V46*1000 -> 39500 | W46: ='TABLE Summary'!W46*1000 -> 11400 | X46: ='TABLE Summary'!X46*1000 -> 37100 | Y46: ='TABLE Summary'!Y46*1000 -> 17400 | Z46: ='TABLE Summary'!Z46*1000 -> 187800 | AA46: =SUM(Q46+S46+U46) -> 261500 | AB46: =AA46/M46 -> 0.471426 | AC46: U.D. | AD46: =_xlfn.CONCAT(A46," ",AC46) -> Eton U.D. | AE46: =AD46 -> Eton U.D. | AF46: =INDEX(Lookup!G$2:G$1349, MATCH($AE46, Lookup!$G$2:$G$1349,0)) -> ETON U.D. | AG46: =INDEX(Lookup!F$2:F$1349, MATCH($AE46, Lookup!$G$2:$G$1349,0)) -> e030038 | AH46: =INDEX(Lookup!C$2:C$1349, MATCH($AE46, Lookup!$G$2:$G$1349,0)) -> Berkshire | AI46: =INDEX(Lookup!D$2:D$1349, MATCH($AE46, Lookup!$G$2:$G$1349,0)) -> South East | AJ46: =INDEX(Lookup!E$2:E$1349, MATCH($AE46, Lookup!$G$2:$G$1349,0)) -> Greater South East
A47: Marlow | B47: ='TABLE Summary'!B47 -> 11720 | C47: ='TABLE Summary'!C47 -> 96 | D47: ='TABLE Summary'!D47 -> 41.8 | E47: ='TABLE Summary'!E47 -> 12.9 | F47: ='TABLE Summary'!F47 -> 28.9 | G47: ='TABLE Summary'!G47 -> 0 | H47: ='TABLE Summary'!H47 -> 0 | I47: ='TABLE Summary'!I47 -> 16000 | ... L47: ='TABLE Summary'!L47 -> 0 | M47: ='TABLE Summary'!M47*1000 -> 1917200 | N47: ='TABLE Summary'!N47 -> 4070 | O47: ='TABLE Summary'!O47*1000 -> 1188500 | P47: ='TABLE Summary'!P47 -> 424 | Q47: ='TABLE Summary'!Q47*1000 -> 52700 | R47: ='TABLE Summary'!R47 -> 3108 | S47: ='TABLE Summary'!S47*1000 -> 852300 | T47: ='TABLE Summary'!T47 -> 538 | U47: ='TABLE Summary'!U47*1000 -> 283400 | V47: ='TABLE Summary'!V47*1000 -> 242600 | W47: ='TABLE Summary'!W47*1000 -> 78400 | X47: ='TABLE Summary'!X47*1000 -> 114800 | Y47: ='TABLE Summary'!Y47*1000 -> 163000 | Z47: ='TABLE Summary'!Z47*1000 -> 129900 | AA47: =SUM(Q47+S47+U47) -> 1188400 | AB47: =AA47/M47 -> 0.6198623 | AC47: U.D. | AD47: =_xlfn.CONCAT(A47," ",AC47) -> Marlow U.D. | AE47: =AD47 -> Marlow U.D. | AF47: =INDEX(Lookup!G$2:G$1349, MATCH($AE47, Lookup!$G$2:$G$1349,0)) -> MARLOW U.D. | AG47: =INDEX(Lookup!F$2:F$1349, MATCH($AE47, Lookup!$G$2:$G$1349,0)) -> e030040 | AH47: =INDEX(Lookup!C$2:C$1349, MATCH($AE47, Lookup!$G$2:$G$1349,0)) -> Buckinghamshire | AI47: =INDEX(Lookup!D$2:D$1349, MATCH($AE47, Lookup!$G$2:$G$1349,0)) -> South East | AJ47: =INDEX(Lookup!E$2:E$1349, MATCH($AE47, Lookup!$G$2:$G$1349,0)) -> Greater South East
A48: Newport Pagnell | B48: ='TABLE Summary'!B48 -> 6660 | C48: ='TABLE Summary'!C48 -> 99 | D48: ='TABLE Summary'!D48 -> 40 | E48: ='TABLE Summary'!E48 -> 11.6 | F48: ='TABLE Summary'!F48 -> 28.9 | G48: ='TABLE Summary'!G48 -> 0 | H48: ='TABLE Summary'!H48 -> 0 | I48: ='TABLE Summary'!I48 -> 10713 | ... L48: ='TABLE Summary'!L48 -> 0 | M48: ='TABLE Summary'!M48*1000 -> 1097200 | N48: ='TABLE Summary'!N48 -> 2455 | O48: ='TABLE Summary'!O48*1000 -> 463500 | P48: ='TABLE Summary'!P48 -> 690 | Q48: ='TABLE Summary'!Q48*1000 -> 74800 | R48: ='TABLE Summary'!R48 -> 1730 | S48: ='TABLE Summary'!S48*1000 -> 375500 | T48: ='TABLE Summary'!T48 -> 26 | U48: ='TABLE Summary'!U48*1000 -> 12600 | V48: ='TABLE Summary'!V48*1000 -> 86100 | W48: ='TABLE Summary'!W48*1000 -> 27700 | X48: ='TABLE Summary'!X48*1000 -> 230300 | Y48: ='TABLE Summary'!Y48*1000 -> 145900 | Z48: ='TABLE Summary'!Z48*1000 -> 143700 | AA48: =SUM(Q48+S48+U48) -> 462900 | AB48: =AA48/M48 -> 0.42189209 | AC48: U.D. | AD48: =_xlfn.CONCAT(A48," ",AC48) -> Newport Pagnell U.D. | AE48: =AD48 -> Newport Pagnell U.D. | AF48: =INDEX(Lookup!G$2:G$1349, MATCH($AE48, Lookup!$G$2:$G$1349,0)) -> NEWPORT PAGNELL U.D. | AG48: =INDEX(Lookup!F$2:F$1349, MATCH($AE48, Lookup!$G$2:$G$1349,0)) -> e030041 | AH48: =INDEX(Lookup!C$2:C$1349, MATCH($AE48, Lookup!$G$2:$G$1349,0)) -> Buckinghamshire | AI48: =INDEX(Lookup!D$2:D$1349, MATCH($AE48, Lookup!$G$2:$G$1349,0)) -> South East | AJ48: =INDEX(Lookup!E$2:E$1349, MATCH($AE48, Lookup!$G$2:$G$1349,0)) -> Greater South East
A49: Wolverton | B49: ='TABLE Summary'!B49 -> 13810 | C49: ='TABLE Summary'!C49 -> 93.5 | D49: ='TABLE Summary'!D49 -> 39 | E49: ='TABLE Summary'!E49 -> 10.1 | F49: ='TABLE Summary'!F49 -> 28.9 | G49: ='TABLE Summary'!G49 -> 0 | H49: ='TABLE Summary'!H49 -> 0 | I49: ='TABLE Summary'!I49 -> 18650 | ... L49: ='TABLE Summary'!L49 -> 6.9 | M49: ='TABLE Summary'!M49*1000 -> 1829300 | N49: ='TABLE Summary'!N49 -> 5649 | O49: ='TABLE Summary'!O49*1000 -> 893100 | P49: ='TABLE Summary'!P49 -> 2976 | Q49: ='TABLE Summary'!Q49*1000 -> 347900 | R49: ='TABLE Summary'!R49 -> 2654 | S49: ='TABLE Summary'!S49*1000 -> 535200 | T49: ='TABLE Summary'!T49 -> 19 | U49: ='TABLE Summary'!U49*1000 -> 10000 | V49: ='TABLE Summary'!V49*1000 -> 160300 | W49: ='TABLE Summary'!W49*1000 -> 12200 | X49: ='TABLE Summary'!X49*1000 -> 278700 | Y49: ='TABLE Summary'!Y49*1000 -> 283900 | Z49: ='TABLE Summary'!Z49*1000 -> 201100 | AA49: =SUM(Q49+S49+U49) -> 893100 | AB49: =AA49/M49 -> 0.48821954 | AC49: U.D. | AD49: =_xlfn.CONCAT(A49," ",AC49) -> Wolverton U.D. | AE49: =AD49 -> Wolverton U.D. | AF49: =INDEX(Lookup!G$2:G$1349, MATCH($AE49, Lookup!$G$2:$G$1349,0)) -> WOLVERTON U.D. | AG49: =INDEX(Lookup!F$2:F$1349, MATCH($AE49, Lookup!$G$2:$G$1349,0)) -> e030044 | AH49: =INDEX(Lookup!C$2:C$1349, MATCH($AE49, Lookup!$G$2:$G$1349,0)) -> Buckinghamshire | AI49: =INDEX(Lookup!D$2:D$1349, MATCH($AE49, Lookup!$G$2:$G$1349,0)) -> South East | AJ49: =INDEX(Lookup!E$2:E$1349, MATCH($AE49, Lookup!$G$2:$G$1349,0)) -> Greater South East
A50: Amersham | B50: ='TABLE Summary'!B50 -> 69300 | C50: ='TABLE Summary'!C50 -> 88 | D50: ='TABLE Summary'!D50 -> 37.4 | E50: ='TABLE Summary'!E50 -> 8.5 | F50: ='TABLE Summary'!F50 -> 28.9 | G50: ='TABLE Summary'!G50 -> 0 | H50: ='TABLE Summary'!H50 -> 38.1 | I50: ='TABLE Summary'!I50 -> 106900 | ... L50: ='TABLE Summary'!L50 -> 0 | M50: ='TABLE Summary'!M50*1000 -> 10673400 | N50: ='TABLE Summary'!N50 -> 22582 | O50: ='TABLE Summary'!O50*1000 -> 8063000 | P50: ='TABLE Summary'!P50 -> 1032 | Q50: ='TABLE Summary'!Q50*1000 -> 109300 | R50: ='TABLE Summary'!R50 -> 14737 | S50: ='TABLE Summary'!S50*1000 -> 4160000 | T50: ='TABLE Summary'!T50 -> 6731 | U50: ='TABLE Summary'!U50*1000 -> 3785100 | V50: ='TABLE Summary'!V50*1000 -> 649300 | W50: ='TABLE Summary'!W50*1000 -> 127900 | X50: ='TABLE Summary'!X50*1000 -> 498300 | Y50: ='TABLE Summary'!Y50*1000 -> 503700 | Z50: ='TABLE Summary'!Z50*1000 -> 831200 | AA50: =SUM(Q50+S50+U50) -> 8054400 | AB50: =AA50/M50 -> 0.75462364 | AC50: R.D. | AD50: =_xlfn.CONCAT(A50," ",AC50) -> Amersham R.D. | AE50: =AD50 -> Amersham R.D. | AF50: =INDEX(Lookup!G$2:G$1349, MATCH($AE50, Lookup!$G$2:$G$1349,0)) -> AMERSHAM R.D. | AG50: =INDEX(Lookup!F$2:F$1349, MATCH($AE50, Lookup!$G$2:$G$1349,0)) -> e030046 | AH50: =INDEX(Lookup!C$2:C$1349, MATCH($AE50, Lookup!$G$2:$G$1349,0)) -> Buckinghamshire | AI50: =INDEX(Lookup!D$2:D$1349, MATCH($AE50, Lookup!$G$2:$G$1349,0)) -> South East | AJ50: =INDEX(Lookup!E$2:E$1349, MATCH($AE50, Lookup!$G$2:$G$1349,0)) -> Greater South East
... A57: Wycombe | B57: ='TABLE Summary'!B57 -> 73050 | C57: ='TABLE Summary'!C57 -> 88 | D57: ='TABLE Summary'!D57 -> 37 | E57: ='TABLE Summary'!E57 -> 8.1 | F57: ='TABLE Summary'!F57 -> 28.9 | G57: ='TABLE Summary'!G57 -> 0 | H57: ='TABLE Summary'!H57 -> 37.7 | I57: ='TABLE Summary'!I57 -> 98819 | ... L57: ='TABLE Summary'!L57 -> 2 | M57: ='TABLE Summary'!M57*1000 -> 9654200 | N57: ='TABLE Summary'!N57 -> 23988 | O57: ='TABLE Summary'!O57*1000 -> 6948300 | P57: ='TABLE Summary'!P57 -> 263.5 | Q57: ='TABLE Summary'!Q57*1000 -> 17640000 | R57: ='TABLE Summary'!R57 -> 4833.6 | S57: ='TABLE Summary'!S57*1000 -> 3303000 | T57: ='TABLE Summary'!T57 -> 1778.8 | U57: ='TABLE Summary'!U57*1000 -> 1778800 | V57: ='TABLE Summary'!V57*1000 -> 316200 | W57: ='TABLE Summary'!W57*1000 -> 175100 | X57: ='TABLE Summary'!X57*1000 -> 394300 | Y57: ='TABLE Summary'!Y57*1000 -> 1013800 | Z57: ='TABLE Summary'!Z57*1000 -> 806500 | AA57: =SUM(Q57+S57+U57) -> 22721800 | AB57: =AA57/M57 -> 2.3535663 | AC57: R.D. | AD57: =_xlfn.CONCAT(A57," ",AC57) -> Wycombe R.D. | AE57: =AD57 -> Wycombe R.D. | AF57: =INDEX(Lookup!G$2:G$1349, MATCH($AE57, Lookup!$G$2:$G$1349,0)) -> WYCOMBE R.D. | AG57: =INDEX(Lookup!F$2:F$1349, MATCH($AE57, Lookup!$G$2:$G$1349,0)) -> e030055 | AH57: =INDEX(Lookup!C$2:C$1349, MATCH($AE57, Lookup!$G$2:$G$1349,0)) -> Buckinghamshire | AI57: =INDEX(Lookup!D$2:D$1349, MATCH($AE57, Lookup!$G$2:$G$1349,0)) -> South East | AJ57: =INDEX(Lookup!E$2:E$1349, MATCH($AE57, Lookup!$G$2:$G$1349,0)) -> Greater South East
A58: CAMBRIDGESHIRE AND ISLE OF ELY | B58: ='TABLE Summary'!B58 -> 0 | C58: ='TABLE Summary'!C58 -> 0 | D58: ='TABLE Summary'!D58 -> 0 | E58: ='TABLE Summary'!E58 -> 0 | F58: ='TABLE Summary'!F58 -> 0 | G58: ='TABLE Summary'!G58 -> 0 | H58: ='TABLE Summary'!H58 -> 0 | I58: ='TABLE Summary'!I58 -> 0 | ... L58: ='TABLE Summary'!L58 -> 0 | M58: ='TABLE Summary'!M58*1000 -> 0 | N58: ='TABLE Summary'!N58 -> 0 | O58: ='TABLE Summary'!O58*1000 -> 0 | P58: ='TABLE Summary'!P58 -> 0 | Q58: ='TABLE Summary'!Q58*1000 -> 0 | R58: ='TABLE Summary'!R58 -> 0 | S58: ='TABLE Summary'!S58*1000 -> 0 | T58: ='TABLE Summary'!T58 -> 0 | U58: ='TABLE Summary'!U58*1000 -> 0 | V58: ='TABLE Summary'!V58*1000 -> 0 | W58: ='TABLE Summary'!W58*1000 -> 0 | X58: ='TABLE Summary'!X58*1000 -> 0 | Y58: ='TABLE Summary'!Y58*1000 -> 0 | Z58: ='TABLE Summary'!Z58*1000 -> 0 | AA58: =SUM(Q58+S58+U58) -> 0 | AB58: =AA58/M58 -> #DIV/0! | AE58: =AD58 -> 0 | AF58: =INDEX(Lookup!G$2:G$1349, MATCH($AE58, Lookup!$G$2:$G$1349,0)) -> #N/A | AG58: =INDEX(Lookup!F$2:F$1349, MATCH($AE58, Lookup!$G$2:$G$1349,0)) -> #N/A | AH58: =INDEX(Lookup!C$2:C$1349, MATCH($AE58, Lookup!$G$2:$G$1349,0)) -> #N/A | AI58: =INDEX(Lookup!D$2:D$1349, MATCH($AE58, Lookup!$G$2:$G$1349,0)) -> #N/A | AJ58: =INDEX(Lookup!E$2:E$1349, MATCH($AE58, Lookup!$G$2:$G$1349,0)) -> #N/A
A59: General County Precept | B59: ='TABLE Summary'!B59 -> 0 | C59: ='TABLE Summary'!C59 -> 64 | D59: ='TABLE Summary'!D59 -> 26 | E59: ='TABLE Summary'!E59 -> 0 | F59: ='TABLE Summary'!F59 -> 0 | G59: ='TABLE Summary'!G59 -> 0 | H59: ='TABLE Summary'!H59 -> 0 | I59: ='TABLE Summary'!I59 -> 384139 | ... L59: ='TABLE Summary'!L59 -> 6 | M59: ='TABLE Summary'!M59*1000 -> 0 | N59: ='TABLE Summary'!N59 -> 0 | O59: ='TABLE Summary'!O59*1000 -> 0 | P59: ='TABLE Summary'!P59 -> 0 | Q59: ='TABLE Summary'!Q59*1000 -> 0 | R59: ='TABLE Summary'!R59 -> 0 | S59: ='TABLE Summary'!S59*1000 -> 0 | T59: ='TABLE Summary'!T59 -> 0 | U59: ='TABLE Summary'!U59*1000 -> 0 | V59: ='TABLE Summary'!V59*1000 -> 0 | W59: ='TABLE Summary'!W59*1000 -> 0 | X59: ='TABLE Summary'!X59*1000 -> 0 | Y59: ='TABLE Summary'!Y59*1000 -> 0 | Z59: ='TABLE Summary'!Z59*1000 -> 0 | AA59: =SUM(Q59+S59+U59) -> 0 | AB59: =AA59/M59 -> #DIV/0! | AE59: =AD59 -> 0 | AF59: =INDEX(Lookup!G$2:G$1349, MATCH($AE59, Lookup!$G$2:$G$1349,0)) -> #N/A | AG59: =INDEX(Lookup!F$2:F$1349, MATCH($AE59, Lookup!$G$2:$G$1349,0)) -> #N/A | AH59: =INDEX(Lookup!C$2:C$1349, MATCH($AE59, Lookup!$G$2:$G$1349,0)) -> #N/A | AI59: =INDEX(Lookup!D$2:D$1349, MATCH($AE59, Lookup!$G$2:$G$1349,0)) -> #N/A | AJ59: =INDEX(Lookup!E$2:E$1349, MATCH($AE59, Lookup!$G$2:$G$1349,0)) -> #N/A
A60: County Totals | B60: ='TABLE Summary'!B60 -> 308280 | C60: ='TABLE Summary'!C60 -> 0 | D60: ='TABLE Summary'!D60 -> 0 | E60: ='TABLE Summary'!E60 -> 0 | F60: ='TABLE Summary'!F60 -> 0 | G60: ='TABLE Summary'!G60 -> 0 | H60: ='TABLE Summary'!H60 -> 41.7 | I60: ='TABLE Summary'!I60 -> 384139 | ... L60: ='TABLE Summary'!L60 -> 0 | M60: ='TABLE Summary'!M60*1000 -> 38809600 | N60: ='TABLE Summary'!N60 -> 106145 | O60: ='TABLE Summary'!O60*1000 -> 21710800 | P60: ='TABLE Summary'!P60 -> 28320 | Q60: ='TABLE Summary'!Q60*1000 -> 3038700 | R60: ='TABLE Summary'!R60 -> 73882 | S60: ='TABLE Summary'!S60*1000 -> 16687700 | T60: ='TABLE Summary'!T60 -> 3750 | U60: ='TABLE Summary'!U60*1000 -> 1904500 | V60: ='TABLE Summary'!V60*1000 -> 3608200 | W60: ='TABLE Summary'!W60*1000 -> 872900 | X60: ='TABLE Summary'!X60*1000 -> 2924600 | Y60: ='TABLE Summary'!Y60*1000 -> 3665800 | Z60: ='TABLE Summary'!Z60*1000 -> 6027400 | AA60: =SUM(Q60+S60+U60) -> 21630900 | AB60: =AA60/M60 -> 0.55735952 | AE60: =AD60 -> 0 | AF60: =INDEX(Lookup!G$2:G$1349, MATCH($AE60, Lookup!$G$2:$G$1349,0)) -> #N/A | AG60: =INDEX(Lookup!F$2:F$1349, MATCH($AE60, Lookup!$G$2:$G$1349,0)) -> #N/A | AH60: =INDEX(Lookup!C$2:C$1349, MATCH($AE60, Lookup!$G$2:$G$1349,0)) -> #N/A | AI60: =INDEX(Lookup!D$2:D$1349, MATCH($AE60, Lookup!$G$2:$G$1349,0)) -> #N/A | AJ60: =INDEX(Lookup!E$2:E$1349, MATCH($AE60, Lookup!$G$2:$G$1349,0)) -> #N/A
A61: Cambridge | B61: ='TABLE Summary'!B61 -> 100250 | C61: ='TABLE Summary'!C61 -> 104.5 | D61: ='TABLE Summary'!D61 -> 44.6 | E61: ='TABLE Summary'!E61 -> 15.6 | F61: ='TABLE Summary'!F61 -> 26 | G61: ='TABLE Summary'!G61 -> 3 | H61: ='TABLE Summary'!H61 -> 0 | I61: ='TABLE Summary'!I61 -> 168600 | ... L61: ='TABLE Summary'!L61 -> 0 | M61: ='TABLE Summary'!M61*1000 -> 17223100 | N61: ='TABLE Summary'!N61 -> 32726 | O61: ='TABLE Summary'!O61*1000 -> 7940300 | P61: ='TABLE Summary'!P61 -> 4462 | Q61: ='TABLE Summary'!Q61*1000 -> 534500 | R61: ='TABLE Summary'!R61 -> 26271 | S61: ='TABLE Summary'!S61*1000 -> 6409000 | T61: ='TABLE Summary'!T61 -> 1969 | U61: ='TABLE Summary'!U61*1000 -> 992700 | V61: ='TABLE Summary'!V61*1000 -> 2507000 | W61: ='TABLE Summary'!W61*1000 -> 713700 | X61: ='TABLE Summary'!X61*1000 -> 1356400 | Y61: ='TABLE Summary'!Y61*1000 -> 1233400 | Z61: ='TABLE Summary'!Z61*1000 -> 3482300 | AA61: =SUM(Q61+S61+U61) -> 7936200 | AB61: =AA61/M61 -> 0.46078813 | AC61: M.B. | AD61: =_xlfn.CONCAT(A61," ",AC61) -> Cambridge M.B. | AE61: =AD61 -> Cambridge M.B. | AF61: =INDEX(Lookup!G$2:G$1349, MATCH($AE61, Lookup!$G$2:$G$1349,0)) -> CAMBRIDGE M.B. | AG61: =INDEX(Lookup!F$2:F$1349, MATCH($AE61, Lookup!$G$2:$G$1349,0)) -> e040056 | AH61: =INDEX(Lookup!C$2:C$1349, MATCH($AE61, Lookup!$G$2:$G$1349,0)) -> Cambridgeshire | AI61: =INDEX(Lookup!D$2:D$1349, MATCH($AE61, Lookup!$G$2:$G$1349,0)) -> East of England | AJ61: =INDEX(Lookup!E$2:E$1349, MATCH($AE61, Lookup!$G$2:$G$1349,0)) -> Greater South East
A62: Wisbech | B62: ='TABLE Summary'!B62 -> 16960 | C62: ='TABLE Summary'!C62 -> 100 | D62: ='TABLE Summary'!D62 -> 44 | E62: ='TABLE Summary'!E62 -> 14 | F62: ='TABLE Summary'!F62 -> 30 | G62: ='TABLE Summary'!G62 -> 0 | H62: ='TABLE Summary'!H62 -> 0 | I62: ='TABLE Summary'!I62 -> 21500 | ... L62: ='TABLE Summary'!L62 -> 2.5 | M62: ='TABLE Summary'!M62*1000 -> 2210000 | N62: ='TABLE Summary'!N62 -> 5947 | O62: ='TABLE Summary'!O62*1000 -> 951200 | P62: ='TABLE Summary'!P62 -> 2899 | Q62: ='TABLE Summary'!Q62*1000 -> 320300 | R62: ='TABLE Summary'!R62 -> 2993 | S62: ='TABLE Summary'!S62*1000 -> 595500 | T62: ='TABLE Summary'!T62 -> 47 | U62: ='TABLE Summary'!U62*1000 -> 33900 | V62: ='TABLE Summary'!V62*1000 -> 290900 | W62: ='TABLE Summary'!W62*1000 -> 35900 | X62: ='TABLE Summary'!X62*1000 -> 229600 | Y62: ='TABLE Summary'!Y62*1000 -> 466000 | Z62: ='TABLE Summary'!Z62*1000 -> 237100 | AA62: =SUM(Q62+S62+U62) -> 949700 | AB62: =AA62/M62 -> 0.42972851 | AC62: M.B. | AD62: =_xlfn.CONCAT(A62," ",AC62) -> Wisbech M.B. | AE62: =AD62 -> Wisbech M.B. | AF62: =INDEX(Lookup!G$2:G$1349, MATCH($AE62, Lookup!$G$2:$G$1349,0)) -> WISBECH M.B. | AG62: =INDEX(Lookup!F$2:F$1349, MATCH($AE62, Lookup!$G$2:$G$1349,0)) -> e040061 | AH62: =INDEX(Lookup!C$2:C$1349, MATCH($AE62, Lookup!$G$2:$G$1349,0)) -> Cambridgeshire | AI62: =INDEX(Lookup!D$2:D$1349, MATCH($AE62, Lookup!$G$2:$G$1349,0)) -> East of England | AJ62: =INDEX(Lookup!E$2:E$1349, MATCH($AE62, Lookup!$G$2:$G$1349,0)) -> Greater South East
A63: Chatteris | B63: ='TABLE Summary'!B63 -> 5620 | C63: ='TABLE Summary'!C63 -> 92.5 | D63: ='TABLE Summary'!D63 -> 39 | E63: ='TABLE Summary'!E63 -> 9 | F63: ='TABLE Summary'!F63 -> 30 | G63: ='TABLE Summary'!G63 -> 0 | H63: ='TABLE Summary'!H63 -> 0 | I63: ='TABLE Summary'!I63 -> 4570 | ... L63: ='TABLE Summary'!L63 -> 36.1 | M63: ='TABLE Summary'!M63*1000 -> 472700 | N63: ='TABLE Summary'!N63 -> 2128 | O63: ='TABLE Summary'!O63*1000 -> 298300 | P63: ='TABLE Summary'!P63 -> 1116 | Q63: ='TABLE Summary'!Q63*1000 -> 111300 | R63: ='TABLE Summary'!R63 -> 1001 | S63: ='TABLE Summary'!S63*1000 -> 181800 | T63: ='TABLE Summary'!T63 -> 11 | U63: ='TABLE Summary'!U63*1000 -> 5200 | V63: ='TABLE Summary'!V63*1000 -> 40500 | W63: ='TABLE Summary'!W63*1000 -> 3900 | X63: ='TABLE Summary'!X63*1000 -> 38200 | Y63: ='TABLE Summary'!Y63*1000 -> 35800 | Z63: ='TABLE Summary'!Z63*1000 -> 56100 | AA63: =SUM(Q63+S63+U63) -> 298300 | AB63: =AA63/M63 -> 0.63105564 | AC63: U.D. | AD63: =_xlfn.CONCAT(A63," ",AC63) -> Chatteris U.D. | AE63: =AD63 -> Chatteris U.D. | AF63: =INDEX(Lookup!G$2:G$1349, MATCH($AE63, Lookup!$G$2:$G$1349,0)) -> CHATTERIS U.D. | AG63: =INDEX(Lookup!F$2:F$1349, MATCH($AE63, Lookup!$G$2:$G$1349,0)) -> e040057 | AH63: =INDEX(Lookup!C$2:C$1349, MATCH($AE63, Lookup!$G$2:$G$1349,0)) -> Cambridgeshire | AI63: =INDEX(Lookup!D$2:D$1349, MATCH($AE63, Lookup!$G$2:$G$1349,0)) -> East of England | AJ63: =INDEX(Lookup!E$2:E$1349, MATCH($AE63, Lookup!$G$2:$G$1349,0)) -> Greater South East
A64: Ely | B64: ='TABLE Summary'!B64 -> 10460 | C64: ='TABLE Summary'!C64 -> 98.5 | D64: ='TABLE Summary'!D64 -> 41.5 | E64: ='TABLE Summary'!E64 -> 11.5 | F64: ='TABLE Summary'!F64 -> 30 | G64: ='TABLE Summary'!G64 -> 0 | H64: ='TABLE Summary'!H64 -> 0 | I64: ='TABLE Summary'!I64 -> 12768 | ... L64: ='TABLE Summary'!L64 -> 10.9 | M64: ='TABLE Summary'!M64*1000 -> 1250400 | N64: ='TABLE Summary'!N64 -> 3662 | O64: ='TABLE Summary'!O64*1000 -> 587700 | P64: ='TABLE Summary'!P64 -> 1465 | Q64: ='TABLE Summary'!Q64*1000 -> 153200 | R64: ='TABLE Summary'!R64 -> 2083 | S64: ='TABLE Summary'!S64*1000 -> 416000 | T64: ='TABLE Summary'!T64 -> 24 | U64: ='TABLE Summary'!U64*1000 -> 11300 | V64: ='TABLE Summary'!V64*1000 -> 155200 | W64: ='TABLE Summary'!W64*1000 -> 24200 | X64: ='TABLE Summary'!X64*1000 -> 107900 | Y64: ='TABLE Summary'!Y64*1000 -> 214000 | Z64: ='TABLE Summary'!Z64*1000 -> 161400 | AA64: =SUM(Q64+S64+U64) -> 580500 | AB64: =AA64/M64 -> 0.46425144 | AC64: U.D. | AD64: =_xlfn.CONCAT(A64," ",AC64) -> Ely U.D. | AE64: =AD64 -> Ely U.D. | AF64: =INDEX(Lookup!G$2:G$1349, MATCH($AE64, Lookup!$G$2:$G$1349,0)) -> ELY U.D. | AG64: =INDEX(Lookup!F$2:F$1349, MATCH($AE64, Lookup!$G$2:$G$1349,0)) -> e040058 | AH64: =INDEX(Lookup!C$2:C$1349, MATCH($AE64, Lookup!$G$2:$G$1349,0)) -> Cambridgeshire | AI64: =INDEX(Lookup!D$2:D$1349, MATCH($AE64, Lookup!$G$2:$G$1349,0)) -> East of England | AJ64: =INDEX(Lookup!E$2:E$1349, MATCH($AE64, Lookup!$G$2:$G$1349,0)) -> Greater South East
A65: March | B65: ='TABLE Summary'!B65 -> 14360 | C65: ='TABLE Summary'!C65 -> 98.5 | D65: ='TABLE Summary'!D65 -> 41 | E65: ='TABLE Summary'!E65 -> 11 | F65: ='TABLE Summary'!F65 -> 30 | G65: ='TABLE Summary'!G65 -> 0 | H65: ='TABLE Summary'!H65 -> 0 | I65: ='TABLE Summary'!I65 -> 12550 | ... L65: ='TABLE Summary'!L65 -> 32.7 | M65: ='TABLE Summary'!M65*1000 -> 1291400 | N65: ='TABLE Summary'!N65 -> 5377 | O65: ='TABLE Summary'!O65*1000 -> 834700 | P65: ='TABLE Summary'!P65 -> 2462 | Q65: ='TABLE Summary'!Q65*1000 -> 264900 | R65: ='TABLE Summary'!R65 -> 2907 | S65: ='TABLE Summary'!S65*1000 -> 566200 | T65: ='TABLE Summary'!T65 -> 8 | U65: ='TABLE Summary'!U65*1000 -> 3500 | V65: ='TABLE Summary'!V65*1000 -> 126000 | W65: ='TABLE Summary'!W65*1000 -> 14600 | X65: ='TABLE Summary'!X65*1000 -> 76600 | Y65: ='TABLE Summary'!Y65*1000 -> 84500 | Z65: ='TABLE Summary'!Z65*1000 -> 154900 | AA65: =SUM(Q65+S65+U65) -> 834600 | AB65: =AA65/M65 -> 0.64627536 | AC65: U.D. | AD65: =_xlfn.CONCAT(A65," ",AC65) -> March U.D. | AE65: =AD65 -> March U.D. | AF65: =INDEX(Lookup!G$2:G$1349, MATCH($AE65, Lookup!$G$2:$G$1349,0)) -> MARCH U.D. | AG65: =INDEX(Lookup!F$2:F$1349, MATCH($AE65, Lookup!$G$2:$G$1349,0)) -> e040059 | AH65: =INDEX(Lookup!C$2:C$1349, MATCH($AE65, Lookup!$G$2:$G$1349,0)) -> Cambridgeshire | AI65: =INDEX(Lookup!D$2:D$1349, MATCH($AE65, Lookup!$G$2:$G$1349,0)) -> East of England | AJ65: =INDEX(Lookup!E$2:E$1349, MATCH($AE65, Lookup!$G$2:$G$1349,0)) -> Greater South East
A66: Whittlesey | B66: ='TABLE Summary'!B66 -> 10560 | C66: ='TABLE Summary'!C66 -> 106.5 | D66: ='TABLE Summary'!D66 -> 41 | E66: ='TABLE Summary'!E66 -> 11 | F66: ='TABLE Summary'!F66 -> 30 | G66: ='TABLE Summary'!G66 -> 0 | H66: ='TABLE Summary'!H66 -> 0 | I66: ='TABLE Summary'!I66 -> 10484 | ... L66: ='TABLE Summary'!L66 -> 26.1 | M66: ='TABLE Summary'!M66*1000 -> 1075800 | N66: ='TABLE Summary'!N66 -> 3924 | O66: ='TABLE Summary'!O66*1000 -> 605400 | P66: ='TABLE Summary'!P66 -> 1322 | Q66: ='TABLE Summary'!Q66*1000 -> 135400 | R66: ='TABLE Summary'!R66 -> 2599 | S66: ='TABLE Summary'!S66*1000 -> 468700 | T66: ='TABLE Summary'!T66 -> 3 | U66: ='TABLE Summary'!U66*1000 -> 1300 | V66: ='TABLE Summary'!V66*1000 -> 62000 | W66: ='TABLE Summary'!W66*1000 -> 5500 | X66: ='TABLE Summary'!X66*1000 -> 103900 | Y66: ='TABLE Summary'!Y66*1000 -> 37200 | Z66: ='TABLE Summary'!Z66*1000 -> 261700 | AA66: =SUM(Q66+S66+U66) -> 605400 | AB66: =AA66/M66 -> 0.562744 | AC66: U.D. | AD66: =_xlfn.CONCAT(A66," ",AC66) -> Whittlesey U.D. | AE66: =AD66 -> Whittlesey U.D. | AF66: =INDEX(Lookup!G$2:G$1349, MATCH($AE66, Lookup!$G$2:$G$1349,0)) -> WHITTLESEY U.D. | AG66: =INDEX(Lookup!F$2:F$1349, MATCH($AE66, Lookup!$G$2:$G$1349,0)) -> e040060 | AH66: =INDEX(Lookup!C$2:C$1349, MATCH($AE66, Lookup!$G$2:$G$1349,0)) -> Cambridgeshire | AI66: =INDEX(Lookup!D$2:D$1349, MATCH($AE66, Lookup!$G$2:$G$1349,0)) -> East of England | AJ66: =INDEX(Lookup!E$2:E$1349, MATCH($AE66, Lookup!$G$2:$G$1349,0)) -> Greater South East
A67: Chesterton | B67: ='TABLE Summary'!B67 -> 55090 | C67: ='TABLE Summary'!C67 -> 96 | D67: ='TABLE Summary'!D67 -> 38.5 | E67: ='TABLE Summary'!E67 -> 8.5 | F67: ='TABLE Summary'!F67 -> 30 | G67: ='TABLE Summary'!G67 -> 0 | H67: ='TABLE Summary'!H67 -> 39.2 | I67: ='TABLE Summary'!I67 -> 65100 | ... L67: ='TABLE Summary'!L67 -> 15.2 | M67: ='TABLE Summary'!M67*1000 -> 6353000 | N67: ='TABLE Summary'!N67 -> 18264 | O67: ='TABLE Summary'!O67*1000 -> 4406500 | P67: ='TABLE Summary'!P67 -> 2589 | Q67: ='TABLE Summary'!Q67*1000 -> 275100 | R67: ='TABLE Summary'!R67 -> 14675 | S67: ='TABLE Summary'!S67*1000 -> 3614000 | T67: ='TABLE Summary'!T67 -> 954 | U67: ='TABLE Summary'!U67*1000 -> 476500 | V67: ='TABLE Summary'!V67*1000 -> 149200 | W67: ='TABLE Summary'!W67*1000 -> 42400 | X67: ='TABLE Summary'!X67*1000 -> 316700 | Y67: ='TABLE Summary'!Y67*1000 -> 703000 | Z67: ='TABLE Summary'!Z67*1000 -> 735200 | AA67: =SUM(Q67+S67+U67) -> 4365600 | AB67: =AA67/M67 -> 0.68717142 | AC67: R.D. | AD67: =_xlfn.CONCAT(A67," ",AC67) -> Chesterton R.D. | AE67: =AD67 -> Chesterton R.D. | AF67: =INDEX(Lookup!G$2:G$1349, MATCH($AE67, Lookup!$G$2:$G$1349,0)) -> CHESTERTON R.D. | AG67: =INDEX(Lookup!F$2:F$1349, MATCH($AE67, Lookup!$G$2:$G$1349,0)) -> e040062 | AH67: =INDEX(Lookup!C$2:C$1349, MATCH($AE67, Lookup!$G$2:$G$1349,0)) -> Cambridgeshire | AI67: =INDEX(Lookup!D$2:D$1349, MATCH($AE67, Lookup!$G$2:$G$1349,0)) -> East of England | AJ67: =INDEX(Lookup!E$2:E$1349, MATCH($AE67, Lookup!$G$2:$G$1349,0)) -> Greater South East
A68: Ely | B68: ='TABLE Summary'!B68 -> 15530 | C68: ='TABLE Summary'!C68 -> 88.5 | D68: ='TABLE Summary'!D68 -> 35 | E68: ='TABLE Summary'!E68 -> 5 | F68: ='TABLE Summary'!F68 -> 30 | G68: ='TABLE Summary'!G68 -> 0 | H68: ='TABLE Summary'!H68 -> 36 | I68: ='TABLE Summary'!I68 -> 11000 | ... L68: ='TABLE Summary'!L68 -> 45.2 | M68: ='TABLE Summary'!M68*1000 -> 1149000 | N68: ='TABLE Summary'!N68 -> 5758 | O68: ='TABLE Summary'!O68*1000 -> 877600 | P68: ='TABLE Summary'!P68 -> 2476 | Q68: ='TABLE Summary'!Q68*1000 -> 271300 | R68: ='TABLE Summary'!R68 -> 3265 | S68: ='TABLE Summary'!S68*1000 -> 599800 | T68: ='TABLE Summary'!T68 -> 14 | U68: ='TABLE Summary'!U68*1000 -> 6200 | V68: ='TABLE Summary'!V68*1000 -> 61300 | W68: ='TABLE Summary'!W68*1000 -> 3900 | X68: ='TABLE Summary'!X68*1000 -> 77000 | Y68: ='TABLE Summary'!Y68*1000 -> 36900 | Z68: ='TABLE Summary'!Z68*1000 -> 92400 | AA68: =SUM(Q68+S68+U68) -> 877300 | AB68: =AA68/M68 -> 0.76353351 | AC68: R.D. | AD68: =_xlfn.CONCAT(A68," ",AC68) -> Ely R.D. | AE68: =AD68 -> Ely R.D. | AF68: =INDEX(Lookup!G$2:G$1349, MATCH($AE68, Lookup!$G$2:$G$1349,0)) -> ELY R.D. | AG68: =INDEX(Lookup!F$2:F$1349, MATCH($AE68, Lookup!$G$2:$G$1349,0)) -> e040063 | AH68: =INDEX(Lookup!C$2:C$1349, MATCH($AE68, Lookup!$G$2:$G$1349,0)) -> Cambridgeshire | AI68: =INDEX(Lookup!D$2:D$1349, MATCH($AE68, Lookup!$G$2:$G$1349,0)) -> East of England | AJ68: =INDEX(Lookup!E$2:E$1349, MATCH($AE68, Lookup!$G$2:$G$1349,0)) -> Greater South East
A69: Newmarket | B69: ='TABLE Summary'!B69 -> 24120 | C69: ='TABLE Summary'!C69 -> 87 | D69: ='TABLE Summary'!D69 -> 35.8 | E69: ='TABLE Summary'!E69 -> 5.8 | F69: ='TABLE Summary'!F69 -> 30 | G69: ='TABLE Summary'!G69 -> 0 | H69: ='TABLE Summary'!H69 -> 36.8 | I69: ='TABLE Summary'!I69 -> 20795 | ... L69: ='TABLE Summary'!L69 -> 34.7 | M69: ='TABLE Summary'!M69*1000 -> 2109600 | N69: ='TABLE Summary'!N69 -> 9093 | O69: ='TABLE Summary'!O69*1000 -> 1490200 | P69: ='TABLE Summary'!P69 -> 3959 | Q69: ='TABLE Summary'!Q69*1000 -> 399800 | R69: ='TABLE Summary'!R69 -> 4997 | S69: ='TABLE Summary'!S69*1000 -> 1018600 | T69: ='TABLE Summary'!T69 -> 136 | U69: ='TABLE Summary'!U69*1000 -> 71800 | V69: ='TABLE Summary'!V69*1000 -> 84300 | W69: ='TABLE Summary'!W69*1000 -> 10400 | X69: ='TABLE Summary'!X69*1000 -> 134700 | Y69: ='TABLE Summary'!Y69*1000 -> 132500 | Z69: ='TABLE Summary'!Z69*1000 -> 257500 | AA69: =SUM(Q69+S69+U69) -> 1490200 | AB69: =AA69/M69 -> 0.70638984 | AC69: R.D. | AD69: =_xlfn.CONCAT(A69," ",AC69) -> Newmarket R.D. | AE69: =AD69 -> Newmarket R.D. | AF69: =INDEX(Lookup!G$2:G$1349, MATCH($AE69, Lookup!$G$2:$G$1349,0)) -> NEWMARKET R.D. | AG69: =INDEX(Lookup!F$2:F$1349, MATCH($AE69, Lookup!$G$2:$G$1349,0)) -> e040064 | AH69: =INDEX(Lookup!C$2:C$1349, MATCH($AE69, Lookup!$G$2:$G$1349,0)) -> Cambridgeshire | AI69: =INDEX(Lookup!D$2:D$1349, MATCH($AE69, Lookup!$G$2:$G$1349,0)) -> East of England | AJ69: =INDEX(Lookup!E$2:E$1349, MATCH($AE69, Lookup!$G$2:$G$1349,0)) -> Greater South East
A70: North Witchford | B70: ='TABLE Summary'!B70 -> 4240 | C70: ='TABLE Summary'!C70 -> 95.5 | D70: ='TABLE Summary'!D70 -> 39.5 | E70: ='TABLE Summary'!E70 -> 9.5 | F70: ='TABLE Summary'!F70 -> 30 | G70: ='TABLE Summary'!G70 -> 0 | H70: ='TABLE Summary'!H70 -> 40.8 | I70: ='TABLE Summary'!I70 -> 3100 | ... L70: ='TABLE Summary'!L70 -> 41.7 | M70: ='TABLE Summary'!M70*1000 -> 330000 | N70: ='TABLE Summary'!N70 -> 1724 | O70: ='TABLE Summary'!O70*1000 -> 230000 | P70: ='TABLE Summary'!P70 -> 824 | Q70: ='TABLE Summary'!Q70*1000 -> 80600 | R70: ='TABLE Summary'!R70 -> 895 | S70: ='TABLE Summary'!S70*1000 -> 147700 | T70: ='TABLE Summary'!T70 -> 3 | U70: ='TABLE Summary'!U70*1000 -> 1400 | V70: ='TABLE Summary'!V70*1000 -> 13500 | W70: ='TABLE Summary'!W70*1000 -> 600 | X70: ='TABLE Summary'!X70*1000 -> 55700 | Y70: ='TABLE Summary'!Y70*1000 -> 5900 | Z70: ='TABLE Summary'!Z70*1000 -> 24200 | AA70: =SUM(Q70+S70+U70) -> 229700 | AB70: =AA70/M70 -> 0.69606061 | AC70: R.D. | AD70: =_xlfn.CONCAT(A70," ",AC70) -> North Witchford R.D. | AE70: =AD70 -> North Witchford R.D. | AF70: =INDEX(Lookup!G$2:G$1349, MATCH($AE70, Lookup!$G$2:$G$1349,0)) -> NORTH WITCHFORD R.D. | AG70: =INDEX(Lookup!F$2:F$1349, MATCH($AE70, Lookup!$G$2:$G$1349,0)) -> e040065 | AH70: =INDEX(Lookup!C$2:C$1349, MATCH($AE70, Lookup!$G$2:$G$1349,0)) -> Cambridgeshire | AI70: =INDEX(Lookup!D$2:D$1349, MATCH($AE70, Lookup!$G$2:$G$1349,0)) -> East of England | AJ70: =INDEX(Lookup!E$2:E$1349, MATCH($AE70, Lookup!$G$2:$G$1349,0)) -> Greater South East
A71: South Cambridgeshire | B71: ='TABLE Summary'!B71 -> 37980 | C71: ='TABLE Summary'!C71 -> 91 | D71: ='TABLE Summary'!D71 -> 39 | E71: ='TABLE Summary'!E71 -> 9 | F71: ='TABLE Summary'!F71 -> 30 | G71: ='TABLE Summary'!G71 -> 0 | H71: ='TABLE Summary'!H71 -> 39.6 | I71: ='TABLE Summary'!I71 -> 46222 | ... L71: ='TABLE Summary'!L71 -> 10.7 | M71: ='TABLE Summary'!M71*1000 -> 4573600 | N71: ='TABLE Summary'!N71 -> 12963 | O71: ='TABLE Summary'!O71*1000 -> 2878200 | P71: ='TABLE Summary'!P71 -> 2466 | Q71: ='TABLE Summary'!Q71*1000 -> 256300 | R71: ='TABLE Summary'!R71 -> 9908 | S71: ='TABLE Summary'!S71*1000 -> 2303600 | T71: ='TABLE Summary'!T71 -> 570 | U71: ='TABLE Summary'!U71*1000 -> 292400 | V71: ='TABLE Summary'!V71*1000 -> 94800 | W71: ='TABLE Summary'!W71*1000 -> 16000 | X71: ='TABLE Summary'!X71*1000 -> 363300 | Y71: ='TABLE Summary'!Y71*1000 -> 711200 | Z71: ='TABLE Summary'!Z71*1000 -> 510200 | AA71: =SUM(Q71+S71+U71) -> 2852300 | AB71: =AA71/M71 -> 0.62364439 | AC71: R.D. | AD71: =_xlfn.CONCAT(A71," ",AC71) -> South Cambridgeshire R.D. | AE71: =AD71 -> South Cambridgeshire R.D. | AF71: =INDEX(Lookup!G$2:G$1349, MATCH($AE71, Lookup!$G$2:$G$1349,0)) -> SOUTH CAMBRIDGESHIRE R.D. | AG71: =INDEX(Lookup!F$2:F$1349, MATCH($AE71, Lookup!$G$2:$G$1349,0)) -> e040066 | AH71: =INDEX(Lookup!C$2:C$1349, MATCH($AE71, Lookup!$G$2:$G$1349,0)) -> Cambridgeshire | AI71: =INDEX(Lookup!D$2:D$1349, MATCH($AE71, Lookup!$G$2:$G$1349,0)) -> East of England | AJ71: =INDEX(Lookup!E$2:E$1349, MATCH($AE71, Lookup!$G$2:$G$1349,0)) -> Greater South East
A72: Wisbech | B72: ='TABLE Summary'!B72 -> 13110 | C72: ='TABLE Summary'!C72 -> 80 | D72: ='TABLE Summary'!D72 -> 32.5 | E72: ='TABLE Summary'!E72 -> 2.5 | F72: ='TABLE Summary'!F72 -> 30 | G72: ='TABLE Summary'!G72 -> 0 | H72: ='TABLE Summary'!H72 -> 33.4 | I72: ='TABLE Summary'!I72 -> 7450 | ... L72: ='TABLE Summary'!L72 -> 56.3 | M72: ='TABLE Summary'!M72*1000 -> 770400 | N72: ='TABLE Summary'!N72 -> 4579 | O72: ='TABLE Summary'!O72*1000 -> 610600 | P72: ='TABLE Summary'!P72 -> 2280 | Q72: ='TABLE Summary'!Q72*1000 -> 235800 | R72: ='TABLE Summary'!R72 -> 2288 | S72: ='TABLE Summary'!S72*1000 -> 366600 | T72: ='TABLE Summary'!T72 -> 11 | U72: ='TABLE Summary'!U72*1000 -> 8300 | V72: ='TABLE Summary'!V72*1000 -> 23500 | W72: ='TABLE Summary'!W72*1000 -> 1800 | X72: ='TABLE Summary'!X72*1000 -> 64700 | Y72: ='TABLE Summary'!Y72*1000 -> 15600 | Z72: ='TABLE Summary'!Z72*1000 -> 54200 | AA72: =SUM(Q72+S72+U72) -> 610700 | AB72: =AA72/M72 -> 0.79270509 | AC72: R.D. | AD72: =_xlfn.CONCAT(A72," ",AC72) -> Wisbech R.D. | AE72: =AD72 -> Wisbech R.D. | AF72: =INDEX(Lookup!G$2:G$1349, MATCH($AE72, Lookup!$G$2:$G$1349,0)) -> WISBECH R.D. | AG72: =INDEX(Lookup!F$2:F$1349, MATCH($AE72, Lookup!$G$2:$G$1349,0)) -> e040067 | AH72: =INDEX(Lookup!C$2:C$1349, MATCH($AE72, Lookup!$G$2:$G$1349,0)) -> Cambridgeshire | AI72: =INDEX(Lookup!D$2:D$1349, MATCH($AE72, Lookup!$G$2:$G$1349,0)) -> East of England | AJ72: =INDEX(Lookup!E$2:E$1349, MATCH($AE72, Lookup!$G$2:$G$1349,0)) -> Greater South East
A73: CHESHIRE | B73: ='TABLE Summary'!B73 -> 0 | C73: ='TABLE Summary'!C73 -> 0 | D73: ='TABLE Summary'!D73 -> 0 | E73: ='TABLE Summary'!E73 -> 0 | F73: ='TABLE Summary'!F73 -> 0 | G73: ='TABLE Summary'!G73 -> 0 | H73: ='TABLE Summary'!H73 -> 0 | I73: ='TABLE Summary'!I73 -> 0 | ... L73: ='TABLE Summary'!L73 -> 0 | M73: ='TABLE Summary'!M73*1000 -> 0 | N73: ='TABLE Summary'!N73 -> 0 | O73: ='TABLE Summary'!O73*1000 -> 0 | P73: ='TABLE Summary'!P73 -> 0 | Q73: ='TABLE Summary'!Q73*1000 -> 0 | R73: ='TABLE Summary'!R73 -> 0 | S73: ='TABLE Summary'!S73*1000 -> 0 | T73: ='TABLE Summary'!T73 -> 0 | U73: ='TABLE Summary'!U73*1000 -> 0 | V73: ='TABLE Summary'!V73*1000 -> 0 | W73: ='TABLE Summary'!W73*1000 -> 0 | X73: ='TABLE Summary'!X73*1000 -> 0 | Y73: ='TABLE Summary'!Y73*1000 -> 0 | Z73: ='TABLE Summary'!Z73*1000 -> 0 | AA73: =SUM(Q73+S73+U73) -> 0 | AB73: =AA73/M73 -> #DIV/0! | AE73: =AD73 -> 0 | AF73: =INDEX(Lookup!G$2:G$1349, MATCH($AE73, Lookup!$G$2:$G$1349,0)) -> #N/A | AG73: =INDEX(Lookup!F$2:F$1349, MATCH($AE73, Lookup!$G$2:$G$1349,0)) -> #N/A | AH73: =INDEX(Lookup!C$2:C$1349, MATCH($AE73, Lookup!$G$2:$G$1349,0)) -> #N/A | AI73: =INDEX(Lookup!D$2:D$1349, MATCH($AE73, Lookup!$G$2:$G$1349,0)) -> #N/A | AJ73: =INDEX(Lookup!E$2:E$1349, MATCH($AE73, Lookup!$G$2:$G$1349,0)) -> #N/A
A74: General County Precept | B74: ='TABLE Summary'!B74 -> 0 | C74: ='TABLE Summary'!C74 -> 61.5 | D74: ='TABLE Summary'!D74 -> 25.2 | E74: ='TABLE Summary'!E74 -> 0 | F74: ='TABLE Summary'!F74 -> 0 | G74: ='TABLE Summary'!G74 -> 0 | H74: ='TABLE Summary'!H74 -> 0 | I74: ='TABLE Summary'!I74 -> 1385023 | ... L74: ='TABLE Summary'!L74 -> 6.2 | M74: ='TABLE Summary'!M74*1000 -> 0 | N74: ='TABLE Summary'!N74 -> 0 | O74: ='TABLE Summary'!O74*1000 -> 0 | P74: ='TABLE Summary'!P74 -> 0 | Q74: ='TABLE Summary'!Q74*1000 -> 0 | R74: ='TABLE Summary'!R74 -> 0 | S74: ='TABLE Summary'!S74*1000 -> 0 | T74: ='TABLE Summary'!T74 -> 0 | U74: ='TABLE Summary'!U74*1000 -> 0 | V74: ='TABLE Summary'!V74*1000 -> 0 | W74: ='TABLE Summary'!W74*1000 -> 0 | X74: ='TABLE Summary'!X74*1000 -> 0 | Y74: ='TABLE Summary'!Y74*1000 -> 0 | Z74: ='TABLE Summary'!Z74*1000 -> 0 | AA74: =SUM(Q74+S74+U74) -> 0 | AB74: =AA74/M74 -> #DIV/0! | AE74: =AD74 -> 0 | AF74: =INDEX(Lookup!G$2:G$1349, MATCH($AE74, Lookup!$G$2:$G$1349,0)) -> #N/A | AG74: =INDEX(Lookup!F$2:F$1349, MATCH($AE74, Lookup!$G$2:$G$1349,0)) -> #N/A | AH74: =INDEX(Lookup!C$2:C$1349, MATCH($AE74, Lookup!$G$2:$G$1349,0)) -> #N/A | AI74: =INDEX(Lookup!D$2:D$1349, MATCH($AE74, Lookup!$G$2:$G$1349,0)) -> #N/A | AJ74: =INDEX(Lookup!E$2:E$1349, MATCH($AE74, Lookup!$G$2:$G$1349,0)) -> #N/A
A75: County totals | B75: ='TABLE Summary'!B75 -> 1130140 | C75: ='TABLE Summary'!C75 -> 0 | D75: ='TABLE Summary'!D75 -> 0 | E75: ='TABLE Summary'!E75 -> 0 | F75: ='TABLE Summary'!F75 -> 0 | G75: ='TABLE Summary'!G75 -> 0 | H75: ='TABLE Summary'!H75 -> 39.4 | I75: ='TABLE Summary'!I75 -> 1386715 | ... L75: ='TABLE Summary'!L75 -> 0 | M75: ='TABLE Summary'!M75*1000 -> 142617100 | N75: ='TABLE Summary'!N75 -> 395568 | O75: ='TABLE Summary'!O75*1000 -> 82523900 | P75: ='TABLE Summary'!P75 -> 110191 | Q75: ='TABLE Summary'!Q75*1000 -> 11258800 | R75: ='TABLE Summary'!R75 -> 264936 | S75: ='TABLE Summary'!S75*1000 -> 60770100 | T75: ='TABLE Summary'!T75 -> 20239 | U75: ='TABLE Summary'!U75*1000 -> 10433200 | V75: ='TABLE Summary'!V75*1000 -> 9194300 | W75: ='TABLE Summary'!W75*1000 -> 2566800 | X75: ='TABLE Summary'!X75*1000 -> 7689600 | Y75: ='TABLE Summary'!Y75*1000 -> 24373000 | Z75: ='TABLE Summary'!Z75*1000 -> 16269600 | AA75: =SUM(Q75+S75+U75) -> 82462100 | AB75: =AA75/M75 -> 0.57820626 | AE75: =AD75 -> 0 | AF75: =INDEX(Lookup!G$2:G$1349, MATCH($AE75, Lookup!$G$2:$G$1349,0)) -> #N/A | AG75: =INDEX(Lookup!F$2:F$1349, MATCH($AE75, Lookup!$G$2:$G$1349,0)) -> #N/A | AH75: =INDEX(Lookup!C$2:C$1349, MATCH($AE75, Lookup!$G$2:$G$1349,0)) -> #N/A | AI75: =INDEX(Lookup!D$2:D$1349, MATCH($AE75, Lookup!$G$2:$G$1349,0)) -> #N/A | AJ75: =INDEX(Lookup!E$2:E$1349, MATCH($AE75, Lookup!$G$2:$G$1349,0)) -> #N/A
A76: Altrincham | B76: ='TABLE Summary'!B76 -> 41140 | C76: ='TABLE Summary'!C76 -> 104 | D76: ='TABLE Summary'!D76 -> 41.5 | E76: ='TABLE Summary'!E76 -> 14.7 | F76: ='TABLE Summary'!F76 -> 25.2 | G76: ='TABLE Summary'!G76 -> 1.6 | H76: ='TABLE Summary'!H76 -> 0 | I76: ='TABLE Summary'!I76 -> 54750 | ... L76: ='TABLE Summary'!L76 -> 0.8 | M76: ='TABLE Summary'!M76*1000 -> 5964300 | N76: ='TABLE Summary'!N76 -> 14471 | O76: ='TABLE Summary'!O76*1000 -> 3080000 | P76: ='TABLE Summary'!P76 -> 3551 | Q76: ='TABLE Summary'!Q76*1000 -> 370600 | R76: ='TABLE Summary'!R76 -> 10538 | S76: ='TABLE Summary'!S76*1000 -> 2468900 | T76: ='TABLE Summary'!T76 -> 478 | U76: ='TABLE Summary'!U76*1000 -> 239800 | V76: ='TABLE Summary'!V76*1000 -> 879300 | W76: ='TABLE Summary'!W76*1000 -> 290900 | X76: ='TABLE Summary'!X76*1000 -> 399600 | Y76: ='TABLE Summary'!Y76*1000 -> 811800 | Z76: ='TABLE Summary'!Z76*1000 -> 502700 | AA76: =SUM(Q76+S76+U76) -> 3079300 | AB76: =AA76/M76 -> 0.51628858 | AC76: M.B. | AD76: =_xlfn.CONCAT(A76," ",AC76) -> Altrincham M.B. | AE76: =AD76 -> Altrincham M.B. | AF76: =INDEX(Lookup!G$2:G$1349, MATCH($AE76, Lookup!$G$2:$G$1349,0)) -> ALTRINCHAM M.B. | AG76: =INDEX(Lookup!F$2:F$1349, MATCH($AE76, Lookup!$G$2:$G$1349,0)) -> e050074 | AH76: =INDEX(Lookup!C$2:C$1349, MATCH($AE76, Lookup!$G$2:$G$1349,0)) -> Greater Manchester | AI76: =INDEX(Lookup!D$2:D$1349, MATCH($AE76, Lookup!$G$2:$G$1349,0)) -> North West | AJ76: =INDEX(Lookup!E$2:E$1349, MATCH($AE76, Lookup!$G$2:$G$1349,0)) -> Rest of England
A77: Bebington | B77: ='TABLE Summary'!B77 -> 62610 | C77: ='TABLE Summary'!C77 -> 90.5 | D77: ='TABLE Summary'!D77 -> 43.5 | E77: ='TABLE Summary'!E77 -> 15.3 | F77: ='TABLE Summary'!F77 -> 25.2 | G77: ='TABLE Summary'!G77 -> 3 | H77: ='TABLE Summary'!H77 -> 0 | I77: ='TABLE Summary'!I77 -> 77500 | ... L77: ='TABLE Summary'!L77 -> 4.6 | M77: ='TABLE Summary'!M77*1000 -> 8006000 | N77: ='TABLE Summary'!N77 -> 21063 | O77: ='TABLE Summary'!O77*1000 -> 4382200 | P77: ='TABLE Summary'!P77 -> 3620 | Q77: ='TABLE Summary'!Q77*1000 -> 462700 | R77: ='TABLE Summary'!R77 -> 17297 | S77: ='TABLE Summary'!S77*1000 -> 3848600 | T77: ='TABLE Summary'!T77 -> 142 | U77: ='TABLE Summary'!U77*1000 -> 70200 | V77: ='TABLE Summary'!V77*1000 -> 336800 | W77: ='TABLE Summary'!W77*1000 -> 76300 | X77: ='TABLE Summary'!X77*1000 -> 589700 | Y77: ='TABLE Summary'!Y77*1000 -> 1672900 | Z77: ='TABLE Summary'!Z77*1000 -> 947100 | AA77: =SUM(Q77+S77+U77) -> 4381500 | AB77: =AA77/M77 -> 0.54727704 | AC77: M.B. | AD77: =_xlfn.CONCAT(A77," ",AC77) -> Bebington M.B. | AE77: =AD77 -> Bebington M.B. | AF77: =INDEX(Lookup!G$2:G$1349, MATCH($AE77, Lookup!$G$2:$G$1349,0)) -> BEBINGTON M.B. | AG77: =INDEX(Lookup!F$2:F$1349, MATCH($AE77, Lookup!$G$2:$G$1349,0)) -> e050075 | AH77: =INDEX(Lookup!C$2:C$1349, MATCH($AE77, Lookup!$G$2:$G$1349,0)) -> Merseyside | AI77: =INDEX(Lookup!D$2:D$1349, MATCH($AE77, Lookup!$G$2:$G$1349,0)) -> North West | AJ77: =INDEX(Lookup!E$2:E$1349, MATCH($AE77, Lookup!$G$2:$G$1349,0)) -> Rest of England
A78: Congleton | B78: ='TABLE Summary'!B78 -> 20860 | C78: ='TABLE Summary'!C78 -> 86.5 | D78: ='TABLE Summary'!D78 -> 36 | E78: ='TABLE Summary'!E78 -> 9.4 | F78: ='TABLE Summary'!F78 -> 26.6 | G78: ='TABLE Summary'!G78 -> 0 | H78: ='TABLE Summary'!H78 -> 0 | I78: ='TABLE Summary'!I78 -> 21942 | ... L78: ='TABLE Summary'!L78 -> 20 | M78: ='TABLE Summary'!M78*1000 -> 2281200 | N78: ='TABLE Summary'!N78 -> 7618 | O78: ='TABLE Summary'!O78*1000 -> 1314000 | P78: ='TABLE Summary'!P78 -> 3316 | Q78: ='TABLE Summary'!Q78*1000 -> 322700 | R78: ='TABLE Summary'!R78 -> 4206 | S78: ='TABLE Summary'!S78*1000 -> 945500 | T78: ='TABLE Summary'!T78 -> 95 | U78: ='TABLE Summary'!U78*1000 -> 45700 | V78: ='TABLE Summary'!V78*1000 -> 179300 | W78: ='TABLE Summary'!W78*1000 -> 19700 | X78: ='TABLE Summary'!X78*1000 -> 113300 | Y78: ='TABLE Summary'!Y78*1000 -> 409200 | Z78: ='TABLE Summary'!Z78*1000 -> 245700 | AA78: =SUM(Q78+S78+U78) -> 1313900 | AB78: =AA78/M78 -> 0.57596879 | AC78: M.B. | AD78: =_xlfn.CONCAT(A78," ",AC78) -> Congleton M.B. | AE78: =AD78 -> Congleton M.B. | AF78: =INDEX(Lookup!G$2:G$1349, MATCH($AE78, Lookup!$G$2:$G$1349,0)) -> CONGLETON M.B. | AG78: =INDEX(Lookup!F$2:F$1349, MATCH($AE78, Lookup!$G$2:$G$1349,0)) -> e050080 | AH78: =INDEX(Lookup!C$2:C$1349, MATCH($AE78, Lookup!$G$2:$G$1349,0)) -> Cheshire | AI78: =INDEX(Lookup!D$2:D$1349, MATCH($AE78, Lookup!$G$2:$G$1349,0)) -> North West | AJ78: =INDEX(Lookup!E$2:E$1349, MATCH($AE78, Lookup!$G$2:$G$1349,0)) -> Rest of England
A79: Crewe | B79: ='TABLE Summary'!B79 -> 51190 | C79: ='TABLE Summary'!C79 -> 102.5 | D79: ='TABLE Summary'!D79 -> 42.5 | E79: ='TABLE Summary'!E79 -> 17.2 | F79: ='TABLE Summary'!F79 -> 25.3 | G79: ='TABLE Summary'!G79 -> 0 | H79: ='TABLE Summary'!H79 -> 0 | I79: ='TABLE Summary'!I79 -> 52500 | ... L79: ='TABLE Summary'!L79 -> 18.5 | M79: ='TABLE Summary'!M79*1000 -> 5488000 | N79: ='TABLE Summary'!N79 -> 18448 | O79: ='TABLE Summary'!O79*1000 -> 2847300 | P79: ='TABLE Summary'!P79 -> 9018 | Q79: ='TABLE Summary'!Q79*1000 -> 970600 | R79: ='TABLE Summary'!R79 -> 9393 | S79: ='TABLE Summary'!S79*1000 -> 1861300 | T79: ='TABLE Summary'!T79 -> 36 | U79: ='TABLE Summary'!U79*1000 -> 15000 | V79: ='TABLE Summary'!V79*1000 -> 737200 | W79: ='TABLE Summary'!W79*1000 -> 117000 | X79: ='TABLE Summary'!X79*1000 -> 354400 | Y79: ='TABLE Summary'!Y79*1000 -> 755300 | Z79: ='TABLE Summary'!Z79*1000 -> 676800 | AA79: =SUM(Q79+S79+U79) -> 2846900 | AB79: =AA79/M79 -> 0.51875 | AC79: M.B. | AD79: =_xlfn.CONCAT(A79," ",AC79) -> Crewe M.B. | AE79: =AD79 -> Crewe M.B. | AF79: =INDEX(Lookup!G$2:G$1349, MATCH($AE79, Lookup!$G$2:$G$1349,0)) -> CREWE M.B. | AG79: =INDEX(Lookup!F$2:F$1349, MATCH($AE79, Lookup!$G$2:$G$1349,0)) -> e050081 | AH79: =INDEX(Lookup!C$2:C$1349, MATCH($AE79, Lookup!$G$2:$G$1349,0)) -> Cheshire | AI79: =INDEX(Lookup!D$2:D$1349, MATCH($AE79, Lookup!$G$2:$G$1349,0)) -> North West | AJ79: =INDEX(Lookup!E$2:E$1349, MATCH($AE79, Lookup!$G$2:$G$1349,0)) -> Rest of England
A80: Dukinfield | B80: ='TABLE Summary'!B80 -> 18190 | C80: ='TABLE Summary'!C80 -> 94.5 | D80: ='TABLE Summary'!D80 -> 41 | E80: ='TABLE Summary'!E80 -> 14.2 | F80: ='TABLE Summary'!F80 -> 25.4 | G80: ='TABLE Summary'!G80 -> 1.4 | H80: ='TABLE Summary'!H80 -> 0 | I80: ='TABLE Summary'!I80 -> 16075 | ... L80: ='TABLE Summary'!L80 -> 30.4 | M80: ='TABLE Summary'!M80*1000 -> 1687900 | N80: ='TABLE Summary'!N80 -> 6887 | O80: ='TABLE Summary'!O80*1000 -> 922200 | P80: ='TABLE Summary'!P80 -> 4357 | Q80: ='TABLE Summary'!Q80*1000 -> 453900 | R80: ='TABLE Summary'!R80 -> 2528 | S80: ='TABLE Summary'!S80*1000 -> 467400 | T80: ='TABLE Summary'!T80 -> 2 | U80: ='TABLE Summary'!U80*1000 -> 900 | V80: ='TABLE Summary'!V80*1000 -> 57300 | W80: ='TABLE Summary'!W80*1000 -> 6400 | X80: ='TABLE Summary'!X80*1000 -> 204300 | Y80: ='TABLE Summary'!Y80*1000 -> 303400 | Z80: ='TABLE Summary'!Z80*1000 -> 194200 | AA80: =SUM(Q80+S80+U80) -> 922200 | AB80: =AA80/M80 -> 0.54635938 | AC80: M.B. | AD80: =_xlfn.CONCAT(A80," ",AC80) -> Dukinfield M.B. | AE80: =AD80 -> Dukinfield M.B. | AF80: =INDEX(Lookup!G$2:G$1349, MATCH($AE80, Lookup!$G$2:$G$1349,0)) -> DUKINFIELD M.B. | AG80: =INDEX(Lookup!F$2:F$1349, MATCH($AE80, Lookup!$G$2:$G$1349,0)) -> e050082 | AH80: =INDEX(Lookup!C$2:C$1349, MATCH($AE80, Lookup!$G$2:$G$1349,0)) -> Greater Manchester | AI80: =INDEX(Lookup!D$2:D$1349, MATCH($AE80, Lookup!$G$2:$G$1349,0)) -> North West | AJ80: =INDEX(Lookup!E$2:E$1349, MATCH($AE80, Lookup!$G$2:$G$1349,0)) -> Rest of England
A81: Ellesmere Port | B81: ='TABLE Summary'!B81 -> 62850 | C81: ='TABLE Summary'!C81 -> 85.5 | D81: ='TABLE Summary'!D81 -> 36 | E81: ='TABLE Summary'!E81 -> 10.8 | F81: ='TABLE Summary'!F81 -> 25.2 | G81: ='TABLE Summary'!G81 -> 0 | H81: ='TABLE Summary'!H81 -> 0 | I81: ='TABLE Summary'!I81 -> 137000 | ... L81: ='TABLE Summary'!L81 -> 0 | M81: ='TABLE Summary'!M81*1000 -> 13733000 | N81: ='TABLE Summary'!N81 -> 19763 | O81: ='TABLE Summary'!O81*1000 -> 3737900 | P81: ='TABLE Summary'!P81 -> 5245 | Q81: ='TABLE Summary'!Q81*1000 -> 623200 | R81: ='TABLE Summary'!R81 -> 14414 | S81: ='TABLE Summary'!S81*1000 -> 3068400 | T81: ='TABLE Summary'!T81 -> 99 | U81: ='TABLE Summary'!U81*1000 -> 45400 | V81: ='TABLE Summary'!V81*1000 -> 563900 | W81: ='TABLE Summary'!W81*1000 -> 80300 | X81: ='TABLE Summary'!X81*1000 -> 677400 | Y81: ='TABLE Summary'!Y81*1000 -> 7319500 | Z81: ='TABLE Summary'!Z81*1000 -> 1353900 | AA81: =SUM(Q81+S81+U81) -> 3737000 | AB81: =AA81/M81 -> 0.27211826 | AC81: M.B. | AD81: =_xlfn.CONCAT(A81," ",AC81) -> Ellesmere Port M.B. | AE81: =AD81 -> Ellesmere Port M.B. | AF81: =INDEX(Lookup!G$2:G$1349, MATCH($AE81, Lookup!$G$2:$G$1349,0)) -> ELLESMERE PORT M.B. | AG81: =INDEX(Lookup!F$2:F$1349, MATCH($AE81, Lookup!$G$2:$G$1349,0)) -> e050083 | AH81: =INDEX(Lookup!C$2:C$1349, MATCH($AE81, Lookup!$G$2:$G$1349,0)) -> Cheshire | AI81: =INDEX(Lookup!D$2:D$1349, MATCH($AE81, Lookup!$G$2:$G$1349,0)) -> North West | AJ81: =INDEX(Lookup!E$2:E$1349, MATCH($AE81, Lookup!$G$2:$G$1349,0)) -> Rest of England
A82: Hyde | B82: ='TABLE Summary'!B82 -> 37430 | C82: ='TABLE Summary'!C82 -> 99.5 | D82: ='TABLE Summary'!D82 -> 42.5 | E82: ='TABLE Summary'!E82 -> 15.6 | F82: ='TABLE Summary'!F82 -> 25.2 | G82: ='TABLE Summary'!G82 -> 1.7 | H82: ='TABLE Summary'!H82 -> 0 | I82: ='TABLE Summary'!I82 -> 35300 | ... L82: ='TABLE Summary'!L82 -> 26.1 | M82: ='TABLE Summary'!M82*1000 -> 3691000 | N82: ='TABLE Summary'!N82 -> 13796 | O82: ='TABLE Summary'!O82*1000 -> 1884000 | P82: ='TABLE Summary'!P82 -> 7405 | Q82: ='TABLE Summary'!Q82*1000 -> 716200 | R82: ='TABLE Summary'!R82 -> 6342 | S82: ='TABLE Summary'!S82*1000 -> 1145200 | T82: ='TABLE Summary'!T82 -> 47 | U82: ='TABLE Summary'!U82*1000 -> 22600 | V82: ='TABLE Summary'!V82*1000 -> 300900 | W82: ='TABLE Summary'!W82*1000 -> 29900 | X82: ='TABLE Summary'!X82*1000 -> 200300 | Y82: ='TABLE Summary'!Y82*1000 -> 881900 | Z82: ='TABLE Summary'!Z82*1000 -> 394100 | AA82: =SUM(Q82+S82+U82) -> 1884000 | AB82: =AA82/M82 -> 0.51043078 | AC82: M.B. | AD82: =_xlfn.CONCAT(A82," ",AC82) -> Hyde M.B. | AE82: =AD82 -> Hyde M.B. | AF82: =INDEX(Lookup!G$2:G$1349, MATCH($AE82, Lookup!$G$2:$G$1349,0)) -> HYDE M.B. | AG82: =INDEX(Lookup!F$2:F$1349, MATCH($AE82, Lookup!$G$2:$G$1349,0)) -> e050087 | AH82: =INDEX(Lookup!C$2:C$1349, MATCH($AE82, Lookup!$G$2:$G$1349,0)) -> Greater Manchester | AI82: =INDEX(Lookup!D$2:D$1349, MATCH($AE82, Lookup!$G$2:$G$1349,0)) -> North West | AJ82: =INDEX(Lookup!E$2:E$1349, MATCH($AE82, Lookup!$G$2:$G$1349,0)) -> Rest of England
A83: Macclesfield | B83: ='TABLE Summary'!B83 -> 44480 | C83: ='TABLE Summary'!C83 -> 98 | D83: ='TABLE Summary'!D83 -> 41.5 | E83: ='TABLE Summary'!E83 -> 16.2 | F83: ='TABLE Summary'!F83 -> 25.3 | G83: ='TABLE Summary'!G83 -> 0 | H83: ='TABLE Summary'!H83 -> 0 | I83: ='TABLE Summary'!I83 -> 46900 | ... L83: ='TABLE Summary'!L83 -> 18.5 | M83: ='TABLE Summary'!M83*1000 -> 4843200 | N83: ='TABLE Summary'!N83 -> 16341 | O83: ='TABLE Summary'!O83*1000 -> 2736400 | P83: ='TABLE Summary'!P83 -> 6940 | Q83: ='TABLE Summary'!Q83*1000 -> 605700 | R83: ='TABLE Summary'!R83 -> 9049 | S83: ='TABLE Summary'!S83*1000 -> 1969800 | T83: ='TABLE Summary'!T83 -> 334 | U83: ='TABLE Summary'!U83*1000 -> 157100 | V83: ='TABLE Summary'!V83*1000 -> 517500 | W83: ='TABLE Summary'!W83*1000 -> 65700 | X83: ='TABLE Summary'!X83*1000 -> 285000 | Y83: ='TABLE Summary'!Y83*1000 -> 759600 | Z83: ='TABLE Summary'!Z83*1000 -> 479000 | AA83: =SUM(Q83+S83+U83) -> 2732600 | AB83: =AA83/M83 -> 0.56421374 | AC83: M.B. | AD83: =_xlfn.CONCAT(A83," ",AC83) -> Macclesfield M.B. | AE83: =AD83 -> Macclesfield M.B. | AF83: =INDEX(Lookup!G$2:G$1349, MATCH($AE83, Lookup!$G$2:$G$1349,0)) -> MACCLESFIELD M.B. | AG83: =INDEX(Lookup!F$2:F$1349, MATCH($AE83, Lookup!$G$2:$G$1349,0)) -> e050091 | AH83: =INDEX(Lookup!C$2:C$1349, MATCH($AE83, Lookup!$G$2:$G$1349,0)) -> Cheshire | AI83: =INDEX(Lookup!D$2:D$1349, MATCH($AE83, Lookup!$G$2:$G$1349,0)) -> North West | AJ83: =INDEX(Lookup!E$2:E$1349, MATCH($AE83, Lookup!$G$2:$G$1349,0)) -> Rest of England
A84: Sale | B84: ='TABLE Summary'!B84 -> 57080 | C84: ='TABLE Summary'!C84 -> 101 | D84: ='TABLE Summary'!D84 -> 43.6 | E84: ='TABLE Summary'!E84 -> 16.9 | F84: ='TABLE Summary'!F84 -> 25.2 | G84: ='TABLE Summary'!G84 -> 1.5 | H84: ='TABLE Summary'!H84 -> 0 | I84: ='TABLE Summary'!I84 -> 62350 | ... L84: ='TABLE Summary'!L84 -> 14.3 | M84: ='TABLE Summary'!M84*1000 -> 6579600 | N84: ='TABLE Summary'!N84 -> 21356 | O84: ='TABLE Summary'!O84*1000 -> 4819700 | P84: ='TABLE Summary'!P84 -> 4256 | Q84: ='TABLE Summary'!Q84*1000 -> 468200 | R84: ='TABLE Summary'!R84 -> 16208 | S84: ='TABLE Summary'!S84*1000 -> 3926000 | T84: ='TABLE Summary'!T84 -> 885 | U84: ='TABLE Summary'!U84*1000 -> 423800 | V84: ='TABLE Summary'!V84*1000 -> 664900 | W84: ='TABLE Summary'!W84*1000 -> 248500 | X84: ='TABLE Summary'!X84*1000 -> 245900 | Y84: ='TABLE Summary'!Y84*1000 -> 75600 | Z84: ='TABLE Summary'!Z84*1000 -> 524900 | AA84: =SUM(Q84+S84+U84) -> 4818000 | AB84: =AA84/M84 -> 0.73226336 | AC84: M.B. | AD84: =_xlfn.CONCAT(A84," ",AC84) -> Sale M.B. | AE84: =AD84 -> Sale M.B. | AF84: =INDEX(Lookup!G$2:G$1349, MATCH($AE84, Lookup!$G$2:$G$1349,0)) -> SALE M.B. | AG84: =INDEX(Lookup!F$2:F$1349, MATCH($AE84, Lookup!$G$2:$G$1349,0)) -> e050100 | AH84: =INDEX(Lookup!C$2:C$1349, MATCH($AE84, Lookup!$G$2:$G$1349,0)) -> Greater Manchester | AI84: =INDEX(Lookup!D$2:D$1349, MATCH($AE84, Lookup!$G$2:$G$1349,0)) -> North West | AJ84: =INDEX(Lookup!E$2:E$1349, MATCH($AE84, Lookup!$G$2:$G$1349,0)) -> Rest of England
A85: Stalybridge | B85: ='TABLE Summary'!B85 -> 23390 | C85: ='TABLE Summary'!C85 -> 92.5 | D85: ='TABLE Summary'!D85 -> 39 | E85: ='TABLE Summary'!E85 -> 12.2 | F85: ='TABLE Summary'!F85 -> 25.4 | G85: ='TABLE Summary'!G85 -> 1.4 | H85: ='TABLE Summary'!H85 -> 0 | I85: ='TABLE Summary'!I85 -> 19930 | ... L85: ='TABLE Summary'!L85 -> 31.1 | M85: ='TABLE Summary'!M85*1000 -> 2165400 | N85: ='TABLE Summary'!N85 -> 8782 | O85: ='TABLE Summary'!O85*1000 -> 1220900 | P85: ='TABLE Summary'!P85 -> 5133 | Q85: ='TABLE Summary'!Q85*1000 -> 486300 | R85: ='TABLE Summary'!R85 -> 3600 | S85: ='TABLE Summary'!S85*1000 -> 711400 | T85: ='TABLE Summary'!T85 -> 49 | U85: ='TABLE Summary'!U85*1000 -> 23200 | V85: ='TABLE Summary'!V85*1000 -> 130400 | W85: ='TABLE Summary'!W85*1000 -> 11600 | X85: ='TABLE Summary'!X85*1000 -> 149100 | Y85: ='TABLE Summary'!Y85*1000 -> 378900 | Z85: ='TABLE Summary'!Z85*1000 -> 274400 | AA85: =SUM(Q85+S85+U85) -> 1220900 | AB85: =AA85/M85 -> 0.56382193 | AC85: M.B. | AD85: =_xlfn.CONCAT(A85," ",AC85) -> Stalybridge M.B. | AE85: =AD85 -> Stalybridge M.B. | AF85: =INDEX(Lookup!G$2:G$1349, MATCH($AE85, Lookup!$G$2:$G$1349,0)) -> STALYBRIDGE M.B. | AG85: =INDEX(Lookup!F$2:F$1349, MATCH($AE85, Lookup!$G$2:$G$1349,0)) -> e050102 | AH85: =INDEX(Lookup!C$2:C$1349, MATCH($AE85, Lookup!$G$2:$G$1349,0)) -> Greater Manchester | AI85: =INDEX(Lookup!D$2:D$1349, MATCH($AE85, Lookup!$G$2:$G$1349,0)) -> North West | AJ85: =INDEX(Lookup!E$2:E$1349, MATCH($AE85, Lookup!$G$2:$G$1349,0)) -> Rest of England
A86: Alderley Edge | B86: ='TABLE Summary'!B86 -> 4470 | C86: ='TABLE Summary'!C86 -> 100 | D86: ='TABLE Summary'!D86 -> 39 | E86: ='TABLE Summary'!E86 -> 10.9 | F86: ='TABLE Summary'!F86 -> 26.6 | G86: ='TABLE Summary'!G86 -> 1.5 | H86: ='TABLE Summary'!H86 -> 0 | I86: ='TABLE Summary'!I86 -> 6930 | ... L86: ='TABLE Summary'!L86 -> 0 | M86: ='TABLE Summary'!M86*1000 -> 688500 | N86: ='TABLE Summary'!N86 -> 1650 | O86: ='TABLE Summary'!O86*1000 -> 508400 | P86: ='TABLE Summary'!P86 -> 330 | Q86: ='TABLE Summary'!Q86*1000 -> 39600 | R86: ='TABLE Summary'!R86 -> 860 | S86: ='TABLE Summary'!S86*1000 -> 216100 | T86: ='TABLE Summary'!T86 -> 460 | U86: ='TABLE Summary'!U86*1000 -> 252700 | V86: ='TABLE Summary'!V86*1000 -> 61000 | W86: ='TABLE Summary'!W86*1000 -> 20100 | X86: ='TABLE Summary'!X86*1000 -> 42400 | Y86: ='TABLE Summary'!Y86*1000 -> 1800 | Z86: ='TABLE Summary'!Z86*1000 -> 54800 | AA86: =SUM(Q86+S86+U86) -> 508400 | AB86: =AA86/M86 -> 0.73841685 | AC86: U.D. | AD86: =_xlfn.CONCAT(A86," ",AC86) -> Alderley Edge U.D. | AE86: =AD86 -> Alderley Edge U.D. | AF86: =INDEX(Lookup!G$2:G$1349, MATCH($AE86, Lookup!$G$2:$G$1349,0)) -> ALDERLEY EDGE U.D. | AG86: =INDEX(Lookup!F$2:F$1349, MATCH($AE86, Lookup!$G$2:$G$1349,0)) -> e050072 | AH86: =INDEX(Lookup!C$2:C$1349, MATCH($AE86, Lookup!$G$2:$G$1349,0)) -> Cheshire | AI86: =INDEX(Lookup!D$2:D$1349, MATCH($AE86, Lookup!$G$2:$G$1349,0)) -> North West | AJ86: =INDEX(Lookup!E$2:E$1349, MATCH($AE86, Lookup!$G$2:$G$1349,0)) -> Rest of England
A87: Alsager | B87: ='TABLE Summary'!B87 -> 10810 | C87: ='TABLE Summary'!C87 -> 86.5 | D87: ='TABLE Summary'!D87 -> 36 | E87: ='TABLE Summary'!E87 -> 9.4 | F87: ='TABLE Summary'!F87 -> 26.6 | G87: ='TABLE Summary'!G87 -> 0 | H87: ='TABLE Summary'!H87 -> 0 | I87: ='TABLE Summary'!I87 -> 12000 | ... L87: ='TABLE Summary'!L87 -> 16.6 | M87: ='TABLE Summary'!M87*1000 -> 1219300 | N87: ='TABLE Summary'!N87 -> 3483 | O87: ='TABLE Summary'!O87*1000 -> 732300 | P87: ='TABLE Summary'!P87 -> 727 | Q87: ='TABLE Summary'!Q87*1000 -> 78300 | R87: ='TABLE Summary'!R87 -> 2669 | S87: ='TABLE Summary'!S87*1000 -> 612900 | T87: ='TABLE Summary'!T87 -> 86 | U87: ='TABLE Summary'!U87*1000 -> 41000 | V87: ='TABLE Summary'!V87*1000 -> 66900 | W87: ='TABLE Summary'!W87*1000 -> 2400 | X87: ='TABLE Summary'!X87*1000 -> 34100 | Y87: ='TABLE Summary'!Y87*1000 -> 150200 | Z87: ='TABLE Summary'!Z87*1000 -> 233400 | AA87: =SUM(Q87+S87+U87) -> 732200 | AB87: =AA87/M87 -> 0.60050849 | AC87: U.D. | AD87: =_xlfn.CONCAT(A87," ",AC87) -> Alsager U.D. | AE87: =AD87 -> Alsager U.D. | AF87: =INDEX(Lookup!G$2:G$1349, MATCH($AE87, Lookup!$G$2:$G$1349,0)) -> ALSAGER U.D. | AG87: =INDEX(Lookup!F$2:F$1349, MATCH($AE87, Lookup!$G$2:$G$1349,0)) -> e050073 | AH87: =INDEX(Lookup!C$2:C$1349, MATCH($AE87, Lookup!$G$2:$G$1349,0)) -> Cheshire | AI87: =INDEX(Lookup!D$2:D$1349, MATCH($AE87, Lookup!$G$2:$G$1349,0)) -> North West | AJ87: =INDEX(Lookup!E$2:E$1349, MATCH($AE87, Lookup!$G$2:$G$1349,0)) -> Rest of England
... A117: Tintwistle | B117: ='TABLE Summary'!B117 -> 1460 | C117: ='TABLE Summary'!C117 -> 86.5 | D117: ='TABLE Summary'!D117 -> 35 | E117: ='TABLE Summary'!E117 -> 6.9 | F117: ='TABLE Summary'!F117 -> 26.6 | G117: ='TABLE Summary'!G117 -> 1.5 | H117: ='TABLE Summary'!H117 -> 35 | I117: ='TABLE Summary'!I117 -> 1540 | ... L117: ='TABLE Summary'!L117 -> 18.4 | M117: ='TABLE Summary'!M117*1000 -> 157900 | N117: ='TABLE Summary'!N117 -> 581 | O117: ='TABLE Summary'!O117*1000 -> 64000 | P117: ='TABLE Summary'!P117 -> 403 | Q117: ='TABLE Summary'!Q117*1000 -> 31800 | R117: ='TABLE Summary'!R117 -> 176 | S117: ='TABLE Summary'!S117*1000 -> 31500 | T117: ='TABLE Summary'!T117 -> 1 | U117: ='TABLE Summary'!U117*1000 -> 600 | V117: ='TABLE Summary'!V117*1000 -> 2700 | W117: ='TABLE Summary'!W117*1000 -> 0 | X117: ='TABLE Summary'!X117*1000 -> 3100 | Y117: ='TABLE Summary'!Y117*1000 -> 3500 | Z117: ='TABLE Summary'!Z117*1000 -> 84600 | AA117: =SUM(Q117+S117+U117) -> 63900 | AB117: =AA117/M117 -> 0.40468651 | AC117: R.D. | AD117: =_xlfn.CONCAT(A117," ",AC117) -> Tintwistle R.D. | AE117: =AD117 -> Tintwistle R.D. | AF117: =INDEX(Lookup!G$2:G$1349, MATCH($AE117, Lookup!$G$2:$G$1349,0)) -> TINTWISTLE R.D. | AG117: =INDEX(Lookup!F$2:F$1349, MATCH($AE117, Lookup!$G$2:$G$1349,0)) -> e050120 | AH117: =INDEX(Lookup!C$2:C$1349, MATCH($AE117, Lookup!$G$2:$G$1349,0)) -> Derbyshire | AI117: =INDEX(Lookup!D$2:D$1349, MATCH($AE117, Lookup!$G$2:$G$1349,0)) -> East Midlands | AJ117: =INDEX(Lookup!E$2:E$1349, MATCH($AE117, Lookup!$G$2:$G$1349,0)) -> Rest of England
A118: CORNWALL | B118: ='TABLE Summary'!B118 -> 0 | C118: ='TABLE Summary'!C118 -> 0 | D118: ='TABLE Summary'!D118 -> 0 | E118: ='TABLE Summary'!E118 -> 0 | F118: ='TABLE Summary'!F118 -> 0 | G118: ='TABLE Summary'!G118 -> 0 | H118: ='TABLE Summary'!H118 -> 0 | I118: ='TABLE Summary'!I118 -> 0 | ... L118: ='TABLE Summary'!L118 -> 0 | M118: ='TABLE Summary'!M118*1000 -> 0 | N118: ='TABLE Summary'!N118 -> 0 | O118: ='TABLE Summary'!O118*1000 -> 0 | P118: ='TABLE Summary'!P118 -> 0 | Q118: ='TABLE Summary'!Q118*1000 -> 0 | R118: ='TABLE Summary'!R118 -> 0 | S118: ='TABLE Summary'!S118*1000 -> 0 | T118: ='TABLE Summary'!T118 -> 0 | U118: ='TABLE Summary'!U118*1000 -> 0 | V118: ='TABLE Summary'!V118*1000 -> 0 | W118: ='TABLE Summary'!W118*1000 -> 0 | X118: ='TABLE Summary'!X118*1000 -> 0 | Y118: ='TABLE Summary'!Y118*1000 -> 0 | Z118: ='TABLE Summary'!Z118*1000 -> 0 | AA118: =SUM(Q118+S118+U118) -> 0 | AB118: =AA118/M118 -> #DIV/0! | AE118: =AD118 -> 0 | AF118: =INDEX(Lookup!G$2:G$1349, MATCH($AE118, Lookup!$G$2:$G$1349,0)) -> #N/A | AG118: =INDEX(Lookup!F$2:F$1349, MATCH($AE118, Lookup!$G$2:$G$1349,0)) -> #N/A | AH118: =INDEX(Lookup!C$2:C$1349, MATCH($AE118, Lookup!$G$2:$G$1349,0)) -> #N/A | AI118: =INDEX(Lookup!D$2:D$1349, MATCH($AE118, Lookup!$G$2:$G$1349,0)) -> #N/A | AJ118: =INDEX(Lookup!E$2:E$1349, MATCH($AE118, Lookup!$G$2:$G$1349,0)) -> #N/A
A119: General County Precept | B119: ='TABLE Summary'!B119 -> 0 | C119: ='TABLE Summary'!C119 -> 51.7 | D119: ='TABLE Summary'!D119 -> 20.5 | E119: ='TABLE Summary'!E119 -> 0 | F119: ='TABLE Summary'!F119 -> 0 | G119: ='TABLE Summary'!G119 -> 0 | H119: ='TABLE Summary'!H119 -> 0 | I119: ='TABLE Summary'!I119 -> 363559 | ... L119: ='TABLE Summary'!L119 -> 26.6 | M119: ='TABLE Summary'!M119*1000 -> 0 | N119: ='TABLE Summary'!N119 -> 0 | O119: ='TABLE Summary'!O119*1000 -> 0 | P119: ='TABLE Summary'!P119 -> 0 | Q119: ='TABLE Summary'!Q119*1000 -> 0 | R119: ='TABLE Summary'!R119 -> 0 | S119: ='TABLE Summary'!S119*1000 -> 0 | T119: ='TABLE Summary'!T119 -> 0 | U119: ='TABLE Summary'!U119*1000 -> 0 | V119: ='TABLE Summary'!V119*1000 -> 0 | W119: ='TABLE Summary'!W119*1000 -> 0 | X119: ='TABLE Summary'!X119*1000 -> 0 | Y119: ='TABLE Summary'!Y119*1000 -> 0 | Z119: ='TABLE Summary'!Z119*1000 -> 0 | AA119: =SUM(Q119+S119+U119) -> 0 | AB119: =AA119/M119 -> #DIV/0! | AE119: =AD119 -> 0 | AF119: =INDEX(Lookup!G$2:G$1349, MATCH($AE119, Lookup!$G$2:$G$1349,0)) -> #N/A | AG119: =INDEX(Lookup!F$2:F$1349, MATCH($AE119, Lookup!$G$2:$G$1349,0)) -> #N/A | AH119: =INDEX(Lookup!C$2:C$1349, MATCH($AE119, Lookup!$G$2:$G$1349,0)) -> #N/A | AI119: =INDEX(Lookup!D$2:D$1349, MATCH($AE119, Lookup!$G$2:$G$1349,0)) -> #N/A | AJ119: =INDEX(Lookup!E$2:E$1349, MATCH($AE119, Lookup!$G$2:$G$1349,0)) -> #N/A
A120: County totals | B120: ='TABLE Summary'!B120 -> 383390 | C120: ='TABLE Summary'!C120 -> 0 | D120: ='TABLE Summary'!D120 -> 0 | E120: ='TABLE Summary'!E120 -> 0 | F120: ='TABLE Summary'!F120 -> 0 | G120: ='TABLE Summary'!G120 -> 0 | H120: ='TABLE Summary'!H120 -> 32.7 | I120: ='TABLE Summary'!I120 -> 363911 | ... L120: ='TABLE Summary'!L120 -> 0 | M120: ='TABLE Summary'!M120*1000 -> 37847800 | N120: ='TABLE Summary'!N120 -> 149627 | O120: ='TABLE Summary'!O120*1000 -> 22360900 | P120: ='TABLE Summary'!P120 -> 81711 | Q120: ='TABLE Summary'!Q120*1000 -> 8769500 | R120: ='TABLE Summary'!R120 -> 66391 | S120: ='TABLE Summary'!S120*1000 -> 12925100 | T120: ='TABLE Summary'!T120 -> 1105 | U120: ='TABLE Summary'!U120*1000 -> 572800 | V120: ='TABLE Summary'!V120*1000 -> 4114000 | W120: ='TABLE Summary'!W120*1000 -> 545000 | X120: ='TABLE Summary'!X120*1000 -> 4275500 | Y120: ='TABLE Summary'!Y120*1000 -> 1644800 | Z120: ='TABLE Summary'!Z120*1000 -> 4907600 | AA120: =SUM(Q120+S120+U120) -> 22267400 | AB120: =AA120/M120 -> 0.58834067 | AE120: =AD120 -> 0 | AF120: =INDEX(Lookup!G$2:G$1349, MATCH($AE120, Lookup!$G$2:$G$1349,0)) -> #N/A | AG120: =INDEX(Lookup!F$2:F$1349, MATCH($AE120, Lookup!$G$2:$G$1349,0)) -> #N/A | AH120: =INDEX(Lookup!C$2:C$1349, MATCH($AE120, Lookup!$G$2:$G$1349,0)) -> #N/A | AI120: =INDEX(Lookup!D$2:D$1349, MATCH($AE120, Lookup!$G$2:$G$1349,0)) -> #N/A | AJ120: =INDEX(Lookup!E$2:E$1349, MATCH($AE120, Lookup!$G$2:$G$1349,0)) -> #N/A
A121: Bodmin | B121: ='TABLE Summary'!B121 -> 9900 | C121: ='TABLE Summary'!C121 -> 80 | D121: ='TABLE Summary'!D121 -> 32 | E121: ='TABLE Summary'!E121 -> 9.8 | F121: ='TABLE Summary'!F121 -> 21.8 | G121: ='TABLE Summary'!G121 -> 0.4 | H121: ='TABLE Summary'!H121 -> 0 | I121: ='TABLE Summary'!I121 -> 8578 | ... L121: ='TABLE Summary'!L121 -> 378 | M121: ='TABLE Summary'!M121*1000 -> 854300 | N121: ='TABLE Summary'!N121 -> 3245 | O121: ='TABLE Summary'!O121*1000 -> 477700 | P121: ='TABLE Summary'!P121 -> 1842 | Q121: ='TABLE Summary'!Q121*1000 -> 215500 | R121: ='TABLE Summary'!R121 -> 1391 | S121: ='TABLE Summary'!S121*1000 -> 257900 | T121: ='TABLE Summary'!T121 -> 5 | U121: ='TABLE Summary'!U121*1000 -> 2000 | V121: ='TABLE Summary'!V121*1000 -> 102300 | W121: ='TABLE Summary'!W121*1000 -> 18600 | X121: ='TABLE Summary'!X121*1000 -> 78100 | Y121: ='TABLE Summary'!Y121*1000 -> 58900 | Z121: ='TABLE Summary'!Z121*1000 -> 118600 | AA121: =SUM(Q121+S121+U121) -> 475400 | AB121: =AA121/M121 -> 0.55647899 | AC121: M.B. | AD121: =_xlfn.CONCAT(A121," ",AC121) -> Bodmin M.B. | AE121: =AD121 -> Bodmin M.B. | AF121: =INDEX(Lookup!G$2:G$1349, MATCH($AE121, Lookup!$G$2:$G$1349,0)) -> BODMIN M.B. | AG121: =INDEX(Lookup!F$2:F$1349, MATCH($AE121, Lookup!$G$2:$G$1349,0)) -> e060121 | AH121: =INDEX(Lookup!C$2:C$1349, MATCH($AE121, Lookup!$G$2:$G$1349,0)) -> Cornwall And Isles Of Scilly | AI121: =INDEX(Lookup!D$2:D$1349, MATCH($AE121, Lookup!$G$2:$G$1349,0)) -> South West | AJ121: =INDEX(Lookup!E$2:E$1349, MATCH($AE121, Lookup!$G$2:$G$1349,0)) -> Rest of England
A122: Falmouth | B122: ='TABLE Summary'!B122 -> 17410 | C122: ='TABLE Summary'!C122 -> 89 | D122: ='TABLE Summary'!D122 -> 36.9 | E122: ='TABLE Summary'!E122 -> 15 | F122: ='TABLE Summary'!F122 -> 21.8 | G122: ='TABLE Summary'!G122 -> 0.1 | H122: ='TABLE Summary'!H122 -> 0 | I122: ='TABLE Summary'!I122 -> 19580 | ... L122: ='TABLE Summary'!L122 -> 13.5 | M122: ='TABLE Summary'!M122*1000 -> 2009000 | N122: ='TABLE Summary'!N122 -> 6320 | O122: ='TABLE Summary'!O122*1000 -> 1000100 | P122: ='TABLE Summary'!P122 -> 3239 | Q122: ='TABLE Summary'!Q122*1000 -> 379900 | R122: ='TABLE Summary'!R122 -> 3040 | S122: ='TABLE Summary'!S122*1000 -> 604000 | T122: ='TABLE Summary'!T122 -> 28 | U122: ='TABLE Summary'!U122*1000 -> 13500 | V122: ='TABLE Summary'!V122*1000 -> 345900 | W122: ='TABLE Summary'!W122*1000 -> 29300 | X122: ='TABLE Summary'!X122*1000 -> 264100 | Y122: ='TABLE Summary'!Y122*1000 -> 128400 | Z122: ='TABLE Summary'!Z122*1000 -> 241100 | AA122: =SUM(Q122+S122+U122) -> 997400 | AB122: =AA122/M122 -> 0.4964659 | AC122: M.B. | AD122: =_xlfn.CONCAT(A122," ",AC122) -> Falmouth M.B. | AE122: =AD122 -> Falmouth M.B. | AF122: =INDEX(Lookup!G$2:G$1349, MATCH($AE122, Lookup!$G$2:$G$1349,0)) -> FALMOUTH M.B. | AG122: =INDEX(Lookup!F$2:F$1349, MATCH($AE122, Lookup!$G$2:$G$1349,0)) -> e060124 | AH122: =INDEX(Lookup!C$2:C$1349, MATCH($AE122, Lookup!$G$2:$G$1349,0)) -> Cornwall And Isles Of Scilly | AI122: =INDEX(Lookup!D$2:D$1349, MATCH($AE122, Lookup!$G$2:$G$1349,0)) -> South West | AJ122: =INDEX(Lookup!E$2:E$1349, MATCH($AE122, Lookup!$G$2:$G$1349,0)) -> Rest of England
A123: Helston | B123: ='TABLE Summary'!B123 -> 10680 | C123: ='TABLE Summary'!C123 -> 76.5 | D123: ='TABLE Summary'!D123 -> 30.5 | E123: ='TABLE Summary'!E123 -> 8.3 | F123: ='TABLE Summary'!F123 -> 21.8 | G123: ='TABLE Summary'!G123 -> 0.4 | H123: ='TABLE Summary'!H123 -> 0 | I123: ='TABLE Summary'!I123 -> 8694 | ... L123: ='TABLE Summary'!L123 -> 38.7 | M123: ='TABLE Summary'!M123*1000 -> 889800 | N123: ='TABLE Summary'!N123 -> 3629 | O123: ='TABLE Summary'!O123*1000 -> 532800 | P123: ='TABLE Summary'!P123 -> 1768 | Q123: ='TABLE Summary'!Q123*1000 -> 194500 | R123: ='TABLE Summary'!R123 -> 1550 | S123: ='TABLE Summary'!S123*1000 -> 307200 | T123: ='TABLE Summary'!T123 -> 4 | U123: ='TABLE Summary'!U123*1000 -> 2100 | V123: ='TABLE Summary'!V123*1000 -> 119800 | W123: ='TABLE Summary'!W123*1000 -> 12200 | X123: ='TABLE Summary'!X123*1000 -> 71100 | Y123: ='TABLE Summary'!Y123*1000 -> 24000 | Z123: ='TABLE Summary'!Z123*1000 -> 129900 | AA123: =SUM(Q123+S123+U123) -> 503800 | AB123: =AA123/M123 -> 0.56619465 | AC123: M.B. | AD123: =_xlfn.CONCAT(A123," ",AC123) -> Helston M.B. | AE123: =AD123 -> Helston M.B. | AF123: =INDEX(Lookup!G$2:G$1349, MATCH($AE123, Lookup!$G$2:$G$1349,0)) -> HELSTON M.B. | AG123: =INDEX(Lookup!F$2:F$1349, MATCH($AE123, Lookup!$G$2:$G$1349,0)) -> e060125 | AH123: =INDEX(Lookup!C$2:C$1349, MATCH($AE123, Lookup!$G$2:$G$1349,0)) -> Cornwall And Isles Of Scilly | AI123: =INDEX(Lookup!D$2:D$1349, MATCH($AE123, Lookup!$G$2:$G$1349,0)) -> South West | AJ123: =INDEX(Lookup!E$2:E$1349, MATCH($AE123, Lookup!$G$2:$G$1349,0)) -> Rest of England
A124: Launceston | B124: ='TABLE Summary'!B124 -> 4890 | C124: ='TABLE Summary'!C124 -> 96 | D124: ='TABLE Summary'!D124 -> 38.3 | E124: ='TABLE Summary'!E124 -> 12.7 | F124: ='TABLE Summary'!F124 -> 21.8 | G124: ='TABLE Summary'!G124 -> 3.8 | H124: ='TABLE Summary'!H124 -> 0 | I124: ='TABLE Summary'!I124 -> 6357 | ... L124: ='TABLE Summary'!L124 -> 1.4 | M124: ='TABLE Summary'!M124*1000 -> 657100 | N124: ='TABLE Summary'!N124 -> 1924 | O124: ='TABLE Summary'!O124*1000 -> 307400 | P124: ='TABLE Summary'!P124 -> 846 | Q124: ='TABLE Summary'!Q124*1000 -> 94100 | R124: ='TABLE Summary'!R124 -> 1072 | S124: ='TABLE Summary'!S124*1000 -> 210500 | T124: ='TABLE Summary'!T124 -> 6 | U124: ='TABLE Summary'!U124*1000 -> 2700 | V124: ='TABLE Summary'!V124*1000 -> 110700 | W124: ='TABLE Summary'!W124*1000 -> 24400 | X124: ='TABLE Summary'!X124*1000 -> 81400 | Y124: ='TABLE Summary'!Y124*1000 -> 51700 | Z124: ='TABLE Summary'!Z124*1000 -> 81400 | AA124: =SUM(Q124+S124+U124) -> 307300 | AB124: =AA124/M124 -> 0.46766093 | AC124: M.B. | AD124: =_xlfn.CONCAT(A124," ",AC124) -> Launceston M.B. | AE124: =AD124 -> Launceston M.B. | AF124: =INDEX(Lookup!G$2:G$1349, MATCH($AE124, Lookup!$G$2:$G$1349,0)) -> LAUNCESTON M.B. | AG124: =INDEX(Lookup!F$2:F$1349, MATCH($AE124, Lookup!$G$2:$G$1349,0)) -> e060126 | AH124: =INDEX(Lookup!C$2:C$1349, MATCH($AE124, Lookup!$G$2:$G$1349,0)) -> Cornwall And Isles Of Scilly | AI124: =INDEX(Lookup!D$2:D$1349, MATCH($AE124, Lookup!$G$2:$G$1349,0)) -> South West | AJ124: =INDEX(Lookup!E$2:E$1349, MATCH($AE124, Lookup!$G$2:$G$1349,0)) -> Rest of England
A125: Liskeard | B125: ='TABLE Summary'!B125 -> 5320 | C125: ='TABLE Summary'!C125 -> 92.5 | D125: ='TABLE Summary'!D125 -> 37 | E125: ='TABLE Summary'!E125 -> 12.4 | F125: ='TABLE Summary'!F125 -> 21.8 | G125: ='TABLE Summary'!G125 -> 2.8 | H125: ='TABLE Summary'!H125 -> 0 | I125: ='TABLE Summary'!I125 -> 5326 | ... L125: ='TABLE Summary'!L125 -> 24.6 | M125: ='TABLE Summary'!M125*1000 -> 542700 | N125: ='TABLE Summary'!N125 -> 1997 | O125: ='TABLE Summary'!O125*1000 -> 293000 | P125: ='TABLE Summary'!P125 -> 1263 | Q125: ='TABLE Summary'!Q125*1000 -> 139500 | R125: ='TABLE Summary'!R125 -> 723 | S125: ='TABLE Summary'!S125*1000 -> 150600 | T125: ='TABLE Summary'!T125 -> 6 | U125: ='TABLE Summary'!U125*1000 -> 2400 | V125: ='TABLE Summary'!V125*1000 -> 79900 | W125: ='TABLE Summary'!W125*1000 -> 12800 | X125: ='TABLE Summary'!X125*1000 -> 56800 | Y125: ='TABLE Summary'!Y125*1000 -> 31300 | Z125: ='TABLE Summary'!Z125*1000 -> 69000 | AA125: =SUM(Q125+S125+U125) -> 292500 | AB125: =AA125/M125 -> 0.53897181 | AC125: M.B. | AD125: =_xlfn.CONCAT(A125," ",AC125) -> Liskeard M.B. | AE125: =AD125 -> Liskeard M.B. | AF125: =INDEX(Lookup!G$2:G$1349, MATCH($AE125, Lookup!$G$2:$G$1349,0)) -> LISKEARD M.B. | AG125: =INDEX(Lookup!F$2:F$1349, MATCH($AE125, Lookup!$G$2:$G$1349,0)) -> e060127 | AH125: =INDEX(Lookup!C$2:C$1349, MATCH($AE125, Lookup!$G$2:$G$1349,0)) -> Cornwall And Isles Of Scilly | AI125: =INDEX(Lookup!D$2:D$1349, MATCH($AE125, Lookup!$G$2:$G$1349,0)) -> South West | AJ125: =INDEX(Lookup!E$2:E$1349, MATCH($AE125, Lookup!$G$2:$G$1349,0)) -> Rest of England
A126: Penryn | B126: ='TABLE Summary'!B126 -> 5520 | C126: ='TABLE Summary'!C126 -> 77.5 | D126: ='TABLE Summary'!D126 -> 34 | E126: ='TABLE Summary'!E126 -> 11 | F126: ='TABLE Summary'!F126 -> 21.8 | G126: ='TABLE Summary'!G126 -> 1.2 | H126: ='TABLE Summary'!H126 -> 0 | I126: ='TABLE Summary'!I126 -> 3986 | ... L126: ='TABLE Summary'!L126 -> 35.7 | M126: ='TABLE Summary'!M126*1000 -> 477500 | N126: ='TABLE Summary'!N126 -> 1919 | O126: ='TABLE Summary'!O126*1000 -> 253700 | P126: ='TABLE Summary'!P126 -> 1299 | Q126: ='TABLE Summary'!Q126*1000 -> 138700 | R126: ='TABLE Summary'!R126 -> 618 | S126: ='TABLE Summary'!S126*1000 -> 114000 | T126: ='TABLE Summary'!T126 -> 2 | U126: ='TABLE Summary'!U126*1000 -> 1100 | V126: ='TABLE Summary'!V126*1000 -> 40500 | W126: ='TABLE Summary'!W126*1000 -> 800 | X126: ='TABLE Summary'!X126*1000 -> 66900 | Y126: ='TABLE Summary'!Y126*1000 -> 65200 | Z126: ='TABLE Summary'!Z126*1000 -> 50300 | AA126: =SUM(Q126+S126+U126) -> 253800 | AB126: =AA126/M126 -> 0.53151832 | AC126: M.B. | AD126: =_xlfn.CONCAT(A126," ",AC126) -> Penryn M.B. | AE126: =AD126 -> Penryn M.B. | AF126: =INDEX(Lookup!G$2:G$1349, MATCH($AE126, Lookup!$G$2:$G$1349,0)) -> PENRYN M.B. | AG126: =INDEX(Lookup!F$2:F$1349, MATCH($AE126, Lookup!$G$2:$G$1349,0)) -> e060130 | AH126: =INDEX(Lookup!C$2:C$1349, MATCH($AE126, Lookup!$G$2:$G$1349,0)) -> Cornwall And Isles Of Scilly | AI126: =INDEX(Lookup!D$2:D$1349, MATCH($AE126, Lookup!$G$2:$G$1349,0)) -> South West | AJ126: =INDEX(Lookup!E$2:E$1349, MATCH($AE126, Lookup!$G$2:$G$1349,0)) -> Rest of England
A127: Penzance | B127: ='TABLE Summary'!B127 -> 19110 | C127: ='TABLE Summary'!C127 -> 80.5 | D127: ='TABLE Summary'!D127 -> 34.2 | E127: ='TABLE Summary'!E127 -> 14 | F127: ='TABLE Summary'!F127 -> 20.2 | G127: ='TABLE Summary'!G127 -> 0 | H127: ='TABLE Summary'!H127 -> 0 | I127: ='TABLE Summary'!I127 -> 19157 | ... L127: ='TABLE Summary'!L127 -> 20.6 | M127: ='TABLE Summary'!M127*1000 -> 2035600 | N127: ='TABLE Summary'!N127 -> 7812 | O127: ='TABLE Summary'!O127*1000 -> 1130100 | P127: ='TABLE Summary'!P127 -> 5080 | Q127: ='TABLE Summary'!Q127*1000 -> 571400 | R127: ='TABLE Summary'!R127 -> 2701 | S127: ='TABLE Summary'!S127*1000 -> 545500 | T127: ='TABLE Summary'!T127 -> 29 | U127: ='TABLE Summary'!U127*1000 -> 13000 | V127: ='TABLE Summary'!V127*1000 -> 368700 | W127: ='TABLE Summary'!W127*1000 -> 29500 | X127: ='TABLE Summary'!X127*1000 -> 214100 | Y127: ='TABLE Summary'!Y127*1000 -> 44800 | Z127: ='TABLE Summary'!Z127*1000 -> 248400 | AA127: =SUM(Q127+S127+U127) -> 1129900 | AB127: =AA127/M127 -> 0.55506976 | AC127: M.B. | AD127: =_xlfn.CONCAT(A127," ",AC127) -> Penzance M.B. | AE127: =AD127 -> Penzance M.B. | AF127: =INDEX(Lookup!G$2:G$1349, MATCH($AE127, Lookup!$G$2:$G$1349,0)) -> PENZANCE M.B. | AG127: =INDEX(Lookup!F$2:F$1349, MATCH($AE127, Lookup!$G$2:$G$1349,0)) -> e060131 | AH127: =INDEX(Lookup!C$2:C$1349, MATCH($AE127, Lookup!$G$2:$G$1349,0)) -> Cornwall And Isles Of Scilly | AI127: =INDEX(Lookup!D$2:D$1349, MATCH($AE127, Lookup!$G$2:$G$1349,0)) -> South West | AJ127: =INDEX(Lookup!E$2:E$1349, MATCH($AE127, Lookup!$G$2:$G$1349,0)) -> Rest of England
A128: St.Austell with Fowey | B128: ='TABLE Summary'!B128 -> 32520 | C128: ='TABLE Summary'!C128 -> 87 | D128: ='TABLE Summary'!D128 -> 32.2 | E128: ='TABLE Summary'!E128 -> 9.8 | F128: ='TABLE Summary'!F128 -> 21.8 | G128: ='TABLE Summary'!G128 -> 0.6 | H128: ='TABLE Summary'!H128 -> 0 | I128: ='TABLE Summary'!I128 -> 36000 | ... L128: ='TABLE Summary'!L128 -> 13 | M128: ='TABLE Summary'!M128*1000 -> 3761700 | N128: ='TABLE Summary'!N128 -> 12350 | O128: ='TABLE Summary'!O128*1000 -> 1961400 | P128: ='TABLE Summary'!P128 -> 6380 | Q128: ='TABLE Summary'!Q128*1000 -> 696400 | R128: ='TABLE Summary'!R128 -> 5821 | S128: ='TABLE Summary'!S128*1000 -> 1191500 | T128: ='TABLE Summary'!T128 -> 142 | U128: ='TABLE Summary'!U128*1000 -> 72900 | V128: ='TABLE Summary'!V128*1000 -> 449900 | W128: ='TABLE Summary'!W128*1000 -> 162800 | X128: ='TABLE Summary'!X128*1000 -> 377400 | Y128: ='TABLE Summary'!Y128*1000 -> 195800 | Z128: ='TABLE Summary'!Z128*1000 -> 614300 | AA128: =SUM(Q128+S128+U128) -> 1960800 | AB128: =AA128/M128 -> 0.52125369 | AC128: M.B. | AD128: =_xlfn.CONCAT(A128," ",AC128) -> St.Austell with Fowey M.B. | AE128: =AD128 -> St.Austell with Fowey M.B. | AF128: =INDEX(Lookup!G$2:G$1349, MATCH($AE128, Lookup!$G$2:$G$1349,0)) -> ST.AUSTELL WITH FOWEY M.B. | AG128: =INDEX(Lookup!F$2:F$1349, MATCH($AE128, Lookup!$G$2:$G$1349,0)) -> e060132 | AH128: =INDEX(Lookup!C$2:C$1349, MATCH($AE128, Lookup!$G$2:$G$1349,0)) -> Cornwall And Isles Of Scilly | AI128: =INDEX(Lookup!D$2:D$1349, MATCH($AE128, Lookup!$G$2:$G$1349,0)) -> South West | AJ128: =INDEX(Lookup!E$2:E$1349, MATCH($AE128, Lookup!$G$2:$G$1349,0)) -> Rest of England
A129: St.Ives | B129: ='TABLE Summary'!B129 -> 9490 | C129: ='TABLE Summary'!C129 -> 85 | D129: ='TABLE Summary'!D129 -> 34.8 | E129: ='TABLE Summary'!E129 -> 13 | F129: ='TABLE Summary'!F129 -> 21.8 | G129: ='TABLE Summary'!G129 -> 0 | H129: ='TABLE Summary'!H129 -> 0 | I129: ='TABLE Summary'!I129 -> 12240 | ... L129: ='TABLE Summary'!L129 -> 2.6 | M129: ='TABLE Summary'!M129*1000 -> 1241400 | N129: ='TABLE Summary'!N129 -> 4121 | O129: ='TABLE Summary'!O129*1000 -> 702400 | P129: ='TABLE Summary'!P129 -> 1980 | Q129: ='TABLE Summary'!Q129*1000 -> 223300 | R129: ='TABLE Summary'!R129 -> 2074 | S129: ='TABLE Summary'!S129*1000 -> 443800 | T129: ='TABLE Summary'!T129 -> 66 | U129: ='TABLE Summary'!U129*1000 -> 35000 | V129: ='TABLE Summary'!V129*1000 -> 166600 | W129: ='TABLE Summary'!W129*1000 -> 10500 | X129: ='TABLE Summary'!X129*1000 -> 243100 | Y129: ='TABLE Summary'!Y129*1000 -> 19100 | Z129: ='TABLE Summary'!Z129*1000 -> 99800 | AA129: =SUM(Q129+S129+U129) -> 702100 | AB129: =AA129/M129 -> 0.56557113 | AC129: M.B. | AD129: =_xlfn.CONCAT(A129," ",AC129) -> St.Ives M.B. | AE129: =AD129 -> St.Ives M.B. | AF129: =INDEX(Lookup!G$2:G$1349, MATCH($AE129, Lookup!$G$2:$G$1349,0)) -> ST.IVES M.B. | AG129: =INDEX(Lookup!F$2:F$1349, MATCH($AE129, Lookup!$G$2:$G$1349,0)) -> e060133 | AH129: =INDEX(Lookup!C$2:C$1349, MATCH($AE129, Lookup!$G$2:$G$1349,0)) -> Cornwall And Isles Of Scilly | AI129: =INDEX(Lookup!D$2:D$1349, MATCH($AE129, Lookup!$G$2:$G$1349,0)) -> South West | AJ129: =INDEX(Lookup!E$2:E$1349, MATCH($AE129, Lookup!$G$2:$G$1349,0)) -> Rest of England
A130: Saltash | B130: ='TABLE Summary'!B130 -> 10280 | C130: ='TABLE Summary'!C130 -> 93 | D130: ='TABLE Summary'!D130 -> 35.8 | E130: ='TABLE Summary'!E130 -> 11.6 | F130: ='TABLE Summary'!F130 -> 21.8 | G130: ='TABLE Summary'!G130 -> 24 | H130: ='TABLE Summary'!H130 -> 0 | I130: ='TABLE Summary'!I130 -> 8560 | ... L130: ='TABLE Summary'!L130 -> 36.8 | M130: ='TABLE Summary'!M130*1000 -> 867400 | N130: ='TABLE Summary'!N130 -> 3730 | O130: ='TABLE Summary'!O130*1000 -> 650300 | P130: ='TABLE Summary'!P130 -> 1151 | Q130: ='TABLE Summary'!Q130*1000 -> 143100 | R130: ='TABLE Summary'!R130 -> 2560 | S130: ='TABLE Summary'!S130*1000 -> 496000 | T130: ='TABLE Summary'!T130 -> 19 | U130: ='TABLE Summary'!U130*1000 -> 11200 | V130: ='TABLE Summary'!V130*1000 -> 66300 | W130: ='TABLE Summary'!W130*1000 -> 7600 | X130: ='TABLE Summary'!X130*1000 -> 52500 | Y130: ='TABLE Summary'!Y130*1000 -> 10000 | Z130: ='TABLE Summary'!Z130*1000 -> 80600 | AA130: =SUM(Q130+S130+U130) -> 650300 | AB130: =AA130/M130 -> 0.74971178 | AC130: M.B. | AD130: =_xlfn.CONCAT(A130," ",AC130) -> Saltash M.B. | AE130: =AD130 -> Saltash M.B. | AF130: =INDEX(Lookup!G$2:G$1349, MATCH($AE130, Lookup!$G$2:$G$1349,0)) -> SALTASH M.B. | AG130: =INDEX(Lookup!F$2:F$1349, MATCH($AE130, Lookup!$G$2:$G$1349,0)) -> e060135 | AH130: =INDEX(Lookup!C$2:C$1349, MATCH($AE130, Lookup!$G$2:$G$1349,0)) -> Cornwall And Isles Of Scilly | AI130: =INDEX(Lookup!D$2:D$1349, MATCH($AE130, Lookup!$G$2:$G$1349,0)) -> South West | AJ130: =INDEX(Lookup!E$2:E$1349, MATCH($AE130, Lookup!$G$2:$G$1349,0)) -> Rest of England
A131: Truro | B131: ='TABLE Summary'!B131 -> 15310 | C131: ='TABLE Summary'!C131 -> 80.5 | D131: ='TABLE Summary'!D131 -> 34.5 | E131: ='TABLE Summary'!E131 -> 14 | F131: ='TABLE Summary'!F131 -> 20.5 | G131: ='TABLE Summary'!G131 -> 0 | H131: ='TABLE Summary'!H131 -> 0 | I131: ='TABLE Summary'!I131 -> 20055 | ... L131: ='TABLE Summary'!L131 -> 1.2 | M131: ='TABLE Summary'!M131*1000 -> 2023000 | N131: ='TABLE Summary'!N131 -> 5616 | O131: ='TABLE Summary'!O131*1000 -> 864900 | P131: ='TABLE Summary'!P131 -> 3133 | Q131: ='TABLE Summary'!Q131*1000 -> 363900 | R131: ='TABLE Summary'!R131 -> 2450 | S131: ='TABLE Summary'!S131*1000 -> 487800 | T131: ='TABLE Summary'!T131 -> 24 | U131: ='TABLE Summary'!U131*1000 -> 11200 | V131: ='TABLE Summary'!V131*1000 -> 448200 | W131: ='TABLE Summary'!W131*1000 -> 108500 | X131: ='TABLE Summary'!X131*1000 -> 207700 | Y131: ='TABLE Summary'!Y131*1000 -> 42500 | Z131: ='TABLE Summary'!Z131*1000 -> 351200 | AA131: =SUM(Q131+S131+U131) -> 862900 | AB131: =AA131/M131 -> 0.42654474 | AC131: M.B. | AD131: =_xlfn.CONCAT(A131," ",AC131) -> Truro M.B. | AE131: =AD131 -> Truro M.B. | AF131: =INDEX(Lookup!G$2:G$1349, MATCH($AE131, Lookup!$G$2:$G$1349,0)) -> TRURO M.B. | AG131: =INDEX(Lookup!F$2:F$1349, MATCH($AE131, Lookup!$G$2:$G$1349,0)) -> e060137 | AH131: =INDEX(Lookup!C$2:C$1349, MATCH($AE131, Lookup!$G$2:$G$1349,0)) -> Cornwall And Isles Of Scilly | AI131: =INDEX(Lookup!D$2:D$1349, MATCH($AE131, Lookup!$G$2:$G$1349,0)) -> South West | AJ131: =INDEX(Lookup!E$2:E$1349, MATCH($AE131, Lookup!$G$2:$G$1349,0)) -> Rest of England
A132: Bude-Stratton | B132: ='TABLE Summary'!B132 -> 5630 | C132: ='TABLE Summary'!C132 -> 98.5 | D132: ='TABLE Summary'!D132 -> 36.3 | E132: ='TABLE Summary'!E132 -> 13.5 | F132: ='TABLE Summary'!F132 -> 21.8 | G132: ='TABLE Summary'!G132 -> 1 | H132: ='TABLE Summary'!H132 -> 0 | I132: ='TABLE Summary'!I132 -> 6822 | ... L132: ='TABLE Summary'!L132 -> 9.4 | M132: ='TABLE Summary'!M132*1000 -> 703000 | N132: ='TABLE Summary'!N132 -> 2326 | O132: ='TABLE Summary'!O132*1000 -> 419700 | P132: ='TABLE Summary'!P132 -> 734 | Q132: ='TABLE Summary'!Q132*1000 -> 83700 | R132: ='TABLE Summary'!R132 -> 1569 | S132: ='TABLE Summary'!S132*1000 -> 325300 | T132: ='TABLE Summary'!T132 -> 23 | U132: ='TABLE Summary'!U132*1000 -> 10700 | V132: ='TABLE Summary'!V132*1000 -> 82000 | W132: ='TABLE Summary'!W132*1000 -> 8000 | X132: ='TABLE Summary'!X132*1000 -> 100200 | Y132: ='TABLE Summary'!Y132*1000 -> 15100 | Z132: ='TABLE Summary'!Z132*1000 -> 77800 | AA132: =SUM(Q132+S132+U132) -> 419700 | AB132: =AA132/M132 -> 0.5970128 | AC132: U.D. | AD132: =_xlfn.CONCAT(A132," ",AC132) -> Bude-Stratton U.D. | AE132: =AD132 -> Bude-Stratton U.D. | AF132: =INDEX(Lookup!G$2:G$1349, MATCH($AE132, Lookup!$G$2:$G$1349,0)) -> BUDE-STRATTON U.D. | AG132: =INDEX(Lookup!F$2:F$1349, MATCH($AE132, Lookup!$G$2:$G$1349,0)) -> e060122 | AH132: =INDEX(Lookup!C$2:C$1349, MATCH($AE132, Lookup!$G$2:$G$1349,0)) -> Cornwall And Isles Of Scilly | AI132: =INDEX(Lookup!D$2:D$1349, MATCH($AE132, Lookup!$G$2:$G$1349,0)) -> South West | AJ132: =INDEX(Lookup!E$2:E$1349, MATCH($AE132, Lookup!$G$2:$G$1349,0)) -> Rest of England
... A147: West Penwith | B147: ='TABLE Summary'!B147 -> 18330 | C147: ='TABLE Summary'!C147 -> 68 | D147: ='TABLE Summary'!D147 -> 29.4 | E147: ='TABLE Summary'!E147 -> 7.6 | F147: ='TABLE Summary'!F147 -> 21.8 | G147: ='TABLE Summary'!G147 -> 0 | H147: ='TABLE Summary'!H147 -> 30.9 | I147: ='TABLE Summary'!I147 -> 15586 | ... L147: ='TABLE Summary'!L147 -> 32.3 | M147: ='TABLE Summary'!M147*1000 -> 1673700 | N147: ='TABLE Summary'!N147 -> 8064 | O147: ='TABLE Summary'!O147*1000 -> 1096800 | P147: ='TABLE Summary'!P147 -> 4902 | Q147: ='TABLE Summary'!Q147*1000 -> 512200 | R147: ='TABLE Summary'!R147 -> 3130 | S147: ='TABLE Summary'!S147*1000 -> 569000 | T147: ='TABLE Summary'!T147 -> 28 | U147: ='TABLE Summary'!U147*1000 -> 15200 | V147: ='TABLE Summary'!V147*1000 -> 93000 | W147: ='TABLE Summary'!W147*1000 -> 7500 | X147: ='TABLE Summary'!X147*1000 -> 179200 | Y147: ='TABLE Summary'!Y147*1000 -> 113500 | Z147: ='TABLE Summary'!Z147*1000 -> 183700 | AA147: =SUM(Q147+S147+U147) -> 1096400 | AB147: =AA147/M147 -> 0.65507558 | AC147: R.D. | AD147: =_xlfn.CONCAT(A147," ",AC147) -> West Penwith R.D. | AE147: =AD147 -> West Penwith R.D. | AF147: =INDEX(Lookup!G$2:G$1349, MATCH($AE147, Lookup!$G$2:$G$1349,0)) -> WEST PENWITH R.D. | AG147: =INDEX(Lookup!F$2:F$1349, MATCH($AE147, Lookup!$G$2:$G$1349,0)) -> e060147 | AH147: =INDEX(Lookup!C$2:C$1349, MATCH($AE147, Lookup!$G$2:$G$1349,0)) -> Cornwall And Isles Of Scilly | AI147: =INDEX(Lookup!D$2:D$1349, MATCH($AE147, Lookup!$G$2:$G$1349,0)) -> South West | AJ147: =INDEX(Lookup!E$2:E$1349, MATCH($AE147, Lookup!$G$2:$G$1349,0)) -> Rest of England
A148: CUMBERLAND | B148: ='TABLE Summary'!B148 -> 0 | C148: ='TABLE Summary'!C148 -> 0 | D148: ='TABLE Summary'!D148 -> 0 | E148: ='TABLE Summary'!E148 -> 0 | F148: ='TABLE Summary'!F148 -> 0 | G148: ='TABLE Summary'!G148 -> 0 | H148: ='TABLE Summary'!H148 -> 0 | I148: ='TABLE Summary'!I148 -> 0 | ... L148: ='TABLE Summary'!L148 -> 0 | M148: ='TABLE Summary'!M148*1000 -> 0 | N148: ='TABLE Summary'!N148 -> 0 | O148: ='TABLE Summary'!O148*1000 -> 0 | P148: ='TABLE Summary'!P148 -> 0 | Q148: ='TABLE Summary'!Q148*1000 -> 0 | R148: ='TABLE Summary'!R148 -> 0 | S148: ='TABLE Summary'!S148*1000 -> 0 | T148: ='TABLE Summary'!T148 -> 0 | U148: ='TABLE Summary'!U148*1000 -> 0 | V148: ='TABLE Summary'!V148*1000 -> 0 | W148: ='TABLE Summary'!W148*1000 -> 0 | X148: ='TABLE Summary'!X148*1000 -> 0 | Y148: ='TABLE Summary'!Y148*1000 -> 0 | Z148: ='TABLE Summary'!Z148*1000 -> 0 | AA148: =SUM(Q148+S148+U148) -> 0 | AB148: =AA148/M148 -> #DIV/0! | AD148: =_xlfn.CONCAT(A148," ",AC148) -> CUMBERLAND | AE148: =AD148 -> CUMBERLAND | AF148: =INDEX(Lookup!G$2:G$1349, MATCH($AE148, Lookup!$G$2:$G$1349,0)) -> #N/A | AG148: =INDEX(Lookup!F$2:F$1349, MATCH($AE148, Lookup!$G$2:$G$1349,0)) -> #N/A | AH148: =INDEX(Lookup!C$2:C$1349, MATCH($AE148, Lookup!$G$2:$G$1349,0)) -> #N/A | AI148: =INDEX(Lookup!D$2:D$1349, MATCH($AE148, Lookup!$G$2:$G$1349,0)) -> #N/A | AJ148: =INDEX(Lookup!E$2:E$1349, MATCH($AE148, Lookup!$G$2:$G$1349,0)) -> #N/A
A149: General County Precept | B149: ='TABLE Summary'!B149 -> 0 | C149: ='TABLE Summary'!C149 -> 71.5 | D149: ='TABLE Summary'!D149 -> 30 | E149: ='TABLE Summary'!E149 -> 0 | F149: ='TABLE Summary'!F149 -> 0 | G149: ='TABLE Summary'!G149 -> 0 | H149: ='TABLE Summary'!H149 -> 0 | I149: ='TABLE Summary'!I149 -> 181033 | ... L149: ='TABLE Summary'!L149 -> 37.5 | M149: ='TABLE Summary'!M149*1000 -> 0 | N149: ='TABLE Summary'!N149 -> 0 | O149: ='TABLE Summary'!O149*1000 -> 0 | P149: ='TABLE Summary'!P149 -> 0 | Q149: ='TABLE Summary'!Q149*1000 -> 0 | R149: ='TABLE Summary'!R149 -> 0 | S149: ='TABLE Summary'!S149*1000 -> 0 | T149: ='TABLE Summary'!T149 -> 0 | U149: ='TABLE Summary'!U149*1000 -> 0 | V149: ='TABLE Summary'!V149*1000 -> 0 | W149: ='TABLE Summary'!W149*1000 -> 0 | X149: ='TABLE Summary'!X149*1000 -> 0 | Y149: ='TABLE Summary'!Y149*1000 -> 0 | Z149: ='TABLE Summary'!Z149*1000 -> 0 | AA149: =SUM(Q149+S149+U149) -> 0 | AB149: =AA149/M149 -> #DIV/0! | AD149: =_xlfn.CONCAT(A149," ",AC149) -> General County Precept | AE149: =AD149 -> General County Precept | AF149: =INDEX(Lookup!G$2:G$1349, MATCH($AE149, Lookup!$G$2:$G$1349,0)) -> #N/A | AG149: =INDEX(Lookup!F$2:F$1349, MATCH($AE149, Lookup!$G$2:$G$1349,0)) -> #N/A | AH149: =INDEX(Lookup!C$2:C$1349, MATCH($AE149, Lookup!$G$2:$G$1349,0)) -> #N/A | AI149: =INDEX(Lookup!D$2:D$1349, MATCH($AE149, Lookup!$G$2:$G$1349,0)) -> #N/A | AJ149: =INDEX(Lookup!E$2:E$1349, MATCH($AE149, Lookup!$G$2:$G$1349,0)) -> #N/A
...

Sheet TABLE Summary
C1: Rate Poundage 72-73 | D1: Rate Poundage 73-74 | E1: Rate Poundage 73-74 Local purpose | F1: Rate Poundage 73-74 County Purposes | G1: Rate Poundage 73-74 Other Purpose | H1: Average rate Poundage 1973-74 | I1: Peeny rate Product 1971-73 | J1: Change in penney rate product from 1972-73 | K1: Rate Call 1973-74 | L1: Resources element of rate support Grant | M1: Total rateable value in April 1973 | N1: N Total Domestic(Including Crown Domestic) | O1: POUNDS Total Domestic(Including Crown Domestic) | P1: N £1-£150 | Q1: POUNDS £1-£150 | R1: N£151-£400 | S1: POUNDS £151-£400 | T1: N Over £400 | U1: POUNDS Over £400 | V1: Shops | W1: Offices | X1: Other Commercial | Y1: Industrial | Z1: All other including non-domestic Crown Property | AA1: Domestic heriditaments total | AB1: Domestic heriditaments ratio | AD1: CONCAT | AE1: CONCAT EDITED | AF1: equiv_1971_nm | AG1: equiv_1971_cd | AH1: cty_1981 | AI1: rgn | AJ1: srgn
A2: County totals | B2: 3110000 | H2: 46.4 | I2: 411943 | J2: 158.6 | K2: 19109795 | M2: 41815.3 | N2: 100574 | O2: 21763.9 | P2: 20041 | Q2: 2308.6 | R2: 78229 | S2: 18300.2 | T2: 2176 | U2: 1055 | V2: 3091.4 | W2: 1004.3 | X2: 3426.8 | Y2: 6536.9 | Z2: 5992 | AA2: =SUM(Q2+S2+U2) -> 21663.8 | AB2: =AA2/M2 -> 0.51808309
A3: Bedford | B3: 73960 | C3: 101.5 | D3: 50 | E3: 17 | F3: 33 | G3: 0 | I3: 103250 | J3: 127.7 | K3: 5162500 | L3: 0 | M3: 10503.2 | N3: 23506 | O3: 4835.7 | P3: 6125 | Q3: 751 | R3: 16955 | S3: 3892 | T3: 406 | U3: 185.8 | V3: 1593.9 | W3: 459.9 | X3: 805.5 | Y3: 1219 | Z3: 1589.2 | AA3: =SUM(Q3+S3+U3) -> 4828.8 | AB3: =AA3/M3 -> 0.4597456 | AC3: M.B. | AD3: =_xlfn.CONCAT(A3," ",AC3) -> Bedford M.B. | AE3: =AD3 -> Bedford M.B. | AF3: =INDEX(Lookup!G$2:G$1349, MATCH($AE3, Lookup!$G$2:$G$1349,0)) -> BEDFORD M.B. | AG3: =INDEX(Lookup!F$2:F$1349, MATCH($AE3, Lookup!$G$2:$G$1349,0)) -> e010002 | AH3: =INDEX(Lookup!C$2:C$1349, MATCH($AE3, Lookup!$G$2:$G$1349,0)) -> Bedfordshire | AI3: =INDEX(Lookup!D$2:D$1349, MATCH($AE3, Lookup!$G$2:$G$1349,0)) -> East of England | AJ3: =INDEX(Lookup!E$2:E$1349, MATCH($AE3, Lookup!$G$2:$G$1349,0)) -> Greater South East
A4: Dunstable | B4: 32040 | C4: 97.5 | D4: 47.5 | E4: 13 | F4: 34.5 | G4: 0 | I4: 66200 | J4: 136.4 | K4: 3144500 | L4: 0 | M4: 6797.8 | N4: 10384 | O4: 2571.9 | P4: 423 | Q4: 57.5 | R4: 9805 | S4: 2441.5 | T4: 154 | U4: 72.8 | V4: 576.4 | W4: 117.2 | X4: 273.8 | Y4: 2720.4 | Z4: 538.1 | AA4: =SUM(Q4+S4+U4) -> 2571.8 | AB4: =AA4/M4 -> 0.37832828 | AC4: M.B. | AD4: =_xlfn.CONCAT(A4," ",AC4) -> Dunstable M.B. | AE4: Luton C.B. | AF4: =INDEX(Lookup!G$2:G$1349, MATCH($AE4, Lookup!$G$2:$G$1349,0)) -> LUTON C.B. | AG4: =INDEX(Lookup!F$2:F$1349, MATCH($AE4, Lookup!$G$2:$G$1349,0)) -> e010000 | AH4: =INDEX(Lookup!C$2:C$1349, MATCH($AE4, Lookup!$G$2:$G$1349,0)) -> Bedfordshire | AI4: =INDEX(Lookup!D$2:D$1349, MATCH($AE4, Lookup!$G$2:$G$1349,0)) -> East of England | AJ4: =INDEX(Lookup!E$2:E$1349, MATCH($AE4, Lookup!$G$2:$G$1349,0)) -> Greater South East
A5: Ampthill | B5: 5750 | C5: 90.5 | D5: 41.5 | E5: 7 | F5: 34.5 | G5: 0 | I5: 6500 | J5: 190.2 | K5: 269750 | L5: 11.2 | M5: 689.9 | N5: 1934 | O5: 439.5 | P5: 384 | Q5: 42 | R5: 1509 | S5: 378.1 | T5: 41 | U5: 19.4 | V5: 58.8 | W5: 15.8 | X5: 61.7 | Y5: 14.9 | Z5: 99.2 | AA5: =SUM(Q5+S5+U5) -> 439.5 | AB5: =AA5/M5 -> 0.63704885 | AC5: U.D. | AD5: =_xlfn.CONCAT(A5," ",AC5) -> Ampthill U.D. | AE5: =AD5 -> Ampthill U.D. | AF5: =INDEX(Lookup!G$2:G$1349, MATCH($AE5, Lookup!$G$2:$G$1349,0)) -> AMPTHILL U.D. | AG5: =INDEX(Lookup!F$2:F$1349, MATCH($AE5, Lookup!$G$2:$G$1349,0)) -> e010001 | AH5: =INDEX(Lookup!C$2:C$1349, MATCH($AE5, Lookup!$G$2:$G$1349,0)) -> Bedfordshire | AI5: =INDEX(Lookup!D$2:D$1349, MATCH($AE5, Lookup!$G$2:$G$1349,0)) -> East of England | AJ5: =INDEX(Lookup!E$2:E$1349, MATCH($AE5, Lookup!$G$2:$G$1349,0)) -> Greater South East
A6: Biggleswade | B6: 9790 | C6: 101.4 | D6: 46 | E6: 11.5 | F6: 34.5 | G6: 0 | I6: 15120 | J6: 224.2 | K6: 695520 | L6: 0 | M6: 1568.1 | N6: 3381 | O6: 665 | P6: 824 | Q6: 98.1 | R6: 1536 | S6: 558.3 | T6: 18 | U6: 8.3 | V6: 180.2 | W6: 32.2 | X6: 141.9 | Y6: 405.9 | Z6: 143 | AA6: =SUM(Q6+S6+U6) -> 664.7 | AB6: =AA6/M6 -> 0.42388878 | AC6: U.D. | AD6: =_xlfn.CONCAT(A6," ",AC6) -> Biggleswade U.D. | AE6: =AD6 -> Biggleswade U.D. | AF6: =INDEX(Lookup!G$2:G$1349, MATCH($AE6, Lookup!$G$2:$G$1349,0)) -> BIGGLESWADE U.D. | AG6: =INDEX(Lookup!F$2:F$1349, MATCH($AE6, Lookup!$G$2:$G$1349,0)) -> e010003 | AH6: =INDEX(Lookup!C$2:C$1349, MATCH($AE6, Lookup!$G$2:$G$1349,0)) -> Bedfordshire | AI6: =INDEX(Lookup!D$2:D$1349, MATCH($AE6, Lookup!$G$2:$G$1349,0)) -> East of England | AJ6: =INDEX(Lookup!E$2:E$1349, MATCH($AE6, Lookup!$G$2:$G$1349,0)) -> Greater South East
A7: Kempston | B7: 13060 | C7: 95 | D7: 46.5 | E7: 11.8 | F7: 34.5 | G7: 0.2 | I7: 16650 | J7: 154.2 | K7: 774225 | L7: 4.9 | M7: 1650.6 | N7: 4550 | O7: 904.7 | P7: 765 | Q7: 91.3 | R7: 3740 | S7: 805.2 | T7: 8 | U7: 3.6 | V7: 75.8 | W7: 85.2 | X7: 141.9 | Y7: 288.7 | Z7: 154.4 | AA7: =SUM(Q7+S7+U7) -> 900.1 | AB7: =AA7/M7 -> 0.54531685 | AC7: U.D. | AD7: =_xlfn.CONCAT(A7," ",AC7) -> Kempston U.D. | AE7: =AD7 -> Kempston U.D. | AF7: =INDEX(Lookup!G$2:G$1349, MATCH($AE7, Lookup!$G$2:$G$1349,0)) -> KEMPSTON U.D. | AG7: =INDEX(Lookup!F$2:F$1349, MATCH($AE7, Lookup!$G$2:$G$1349,0)) -> e010005 | AH7: =INDEX(Lookup!C$2:C$1349, MATCH($AE7, Lookup!$G$2:$G$1349,0)) -> Bedfordshire | AI7: =INDEX(Lookup!D$2:D$1349, MATCH($AE7, Lookup!$G$2:$G$1349,0)) -> East of England | AJ7: =INDEX(Lookup!E$2:E$1349, MATCH($AE7, Lookup!$G$2:$G$1349,0)) -> Greater South East
A8: Leighton-Linslade | B8: 21650 | C8: 105.5 | D8: 48 | E8: 13.5 | F8: 34.5 | G8: 0 | I8: 29875 | J8: 167.9 | K8: 1434000 | L8: 0 | M8: 3086 | N8: 7252 | O8: 1730 | P8: 991 | Q8: 124.5 | R8: 5984 | S8: 1470.7 | T8: 274 | U8: 124 | V8: 195.2 | W8: 53.2 | X8: 285.5 | Y8: 553 | Z8: 268.3 | AA8: =SUM(Q8+S8+U8) -> 1719.2 | AB8: =AA8/M8 -> 0.55709657 | AC8: U.D. | AD8: =_xlfn.CONCAT(A8," ",AC8) -> Leighton-Linslade U.D. | AE8: =AD8 -> Leighton-Linslade U.D. | AF8: =INDEX(Lookup!G$2:G$1349, MATCH($AE8, Lookup!$G$2:$G$1349,0)) -> LEIGHTON-LINSLADE U.D. | AG8: =INDEX(Lookup!F$2:F$1349, MATCH($AE8, Lookup!$G$2:$G$1349,0)) -> e010006 | AH8: =INDEX(Lookup!C$2:C$1349, MATCH($AE8, Lookup!$G$2:$G$1349,0)) -> Bedfordshire | AI8: =INDEX(Lookup!D$2:D$1349, MATCH($AE8, Lookup!$G$2:$G$1349,0)) -> East of England | AJ8: =INDEX(Lookup!E$2:E$1349, MATCH($AE8, Lookup!$G$2:$G$1349,0)) -> Greater South East
A9: Sandy | B9: 5660 | C9: 103.5 | D9: 46.8 | E9: 12.3 | F9: 34.5 | G9: 0 | I9: 7600 | J9: 209.6 | K9: 355680 | L9: 1 | M9: 758.2 | N9: 2145 | O9: 432 | P9: 509 | Q9: 56.1 | R9: 1598 | S9: 356.4 | T9: 37 | U9: 19.5 | V9: 41.1 | W9: 14.9 | X9: 62.8 | Y9: 119 | Z9: 88.3 | AA9: =SUM(Q9+S9+U9) -> 432 | AB9: =AA9/M9 -> 0.56977051 | AC9: U.D. | AD9: =_xlfn.CONCAT(A9," ",AC9) -> Sandy U.D. | AE9: =AD9 -> Sandy U.D. | AF9: =INDEX(Lookup!G$2:G$1349, MATCH($AE9, Lookup!$G$2:$G$1349,0)) -> SANDY U.D. | AG9: =INDEX(Lookup!F$2:F$1349, MATCH($AE9, Lookup!$G$2:$G$1349,0)) -> e010007 | AH9: =INDEX(Lookup!C$2:C$1349, MATCH($AE9, Lookup!$G$2:$G$1349,0)) -> Bedfordshire | AI9: =INDEX(Lookup!D$2:D$1349, MATCH($AE9, Lookup!$G$2:$G$1349,0)) -> East of England | AJ9: =INDEX(Lookup!E$2:E$1349, MATCH($AE9, Lookup!$G$2:$G$1349,0)) -> Greater South East
A10: Ampthill | B10: 34570 | C10: 89 | D10: 42.8 | E10: 8.3 | F10: 34.5 | G10: 0 | H10: 43.9 | I10: 36220 | J10: 186.4 | K10: 1588849 | L10: 13.7 | M10: 4008.5 | N10: 11153 | O10: 2325.9 | P10: 2723 | Q10: 298.2 | R10: 8121 | S10: 1877.2 | T10: 306 | U10: 150.4 | V10: 79.3 | W10: 16 | X10: 281.6 | Y10: 129.9 | Z10: 1175.9 | AA10: =SUM(Q10+S10+U10) -> 2325.8 | AB10: =AA10/M10 -> 0.58021704 | AC10: R.D. | AD10: =_xlfn.CONCAT(A10," ",AC10) -> Ampthill R.D. | AE10: =AD10 -> Ampthill R.D. | AF10: =INDEX(Lookup!G$2:G$1349, MATCH($AE10, Lookup!$G$2:$G$1349,0)) -> AMPTHILL R.D. | AG10: =INDEX(Lookup!F$2:F$1349, MATCH($AE10, Lookup!$G$2:$G$1349,0)) -> e010008 | AH10: =INDEX(Lookup!C$2:C$1349, MATCH($AE10, Lookup!$G$2:$G$1349,0)) -> Bedfordshire | AI10: =INDEX(Lookup!D$2:D$1349, MATCH($AE10, Lookup!$G$2:$G$1349,0)) -> East of England | AJ10: =INDEX(Lookup!E$2:E$1349, MATCH($AE10, Lookup!$G$2:$G$1349,0)) -> Greater South East
A11: Bedford | B11: 39540 | C11: 87.3 | D11: 41.6 | E11: 7.1 | F11: 34.5 | G11: 0 | H11: 42.3 | I11: 47328 | J11: 181.3 | K11: 2000504 | L11: 13.1 | M11: 4631.7 | N11: 13667 | O11: 2853.6 | P11: 3471 | Q11: 367.5 | R11: 9723 | S11: 2234.9 | T11: 443 | U11: 228.9 | V11: 54.9 | W11: 106.9 | X11: 251.5 | Y11: 606.8 | Z11: 758 | AA11: =SUM(Q11+S11+U11) -> 2831.3 | AB11: =AA11/M11 -> 0.61128743 | AC11: R.D. | AD11: =_xlfn.CONCAT(A11," ",AC11) -> Bedford R.D. | AE11: =AD11 -> Bedford R.D. | AF11: =INDEX(Lookup!G$2:G$1349, MATCH($AE11, Lookup!$G$2:$G$1349,0)) -> BEDFORD R.D. | AG11: =INDEX(Lookup!F$2:F$1349, MATCH($AE11, Lookup!$G$2:$G$1349,0)) -> e010009 | AH11: =INDEX(Lookup!C$2:C$1349, MATCH($AE11, Lookup!$G$2:$G$1349,0)) -> Bedfordshire | AI11: =INDEX(Lookup!D$2:D$1349, MATCH($AE11, Lookup!$G$2:$G$1349,0)) -> East of England | AJ11: =INDEX(Lookup!E$2:E$1349, MATCH($AE11, Lookup!$G$2:$G$1349,0)) -> Greater South East
A12: Biggleswade | B12: 37690 | C12: 84 | D12: 38.3 | E12: 3.8 | F12: 34.5 | G12: 0 | H12: 39.5 | I12: 33000 | J12: 230 | K12: 1302775 | L12: 37.7 | M12: 3156.6 | N12: 10515 | O12: 2218.6 | P12: 2328 | Q12: 251.1 | R12: 8014 | S12: 1845 | T12: 147 | U12: 72.1 | V12: 124.4 | W12: 45.3 | X12: 182.5 | Y12: 173 | Z12: 412.9 | AA12: =SUM(Q12+S12+U12) -> 2168.2 | AB12: =AA12/M12 -> 0.68687829 | AC12: R.D. | AD12: =_xlfn.CONCAT(A12," ",AC12) -> Biggleswade R.D. | AE12: =AD12 -> Biggleswade R.D. | AF12: =INDEX(Lookup!G$2:G$1349, MATCH($AE12, Lookup!$G$2:$G$1349,0)) -> BIGGLESWADE R.D. | AG12: =INDEX(Lookup!F$2:F$1349, MATCH($AE12, Lookup!$G$2:$G$1349,0)) -> e010010 | AH12: =INDEX(Lookup!C$2:C$1349, MATCH($AE12, Lookup!$G$2:$G$1349,0)) -> Bedfordshire | AI12: =INDEX(Lookup!D$2:D$1349, MATCH($AE12, Lookup!$G$2:$G$1349,0)) -> East of England | AJ12: =INDEX(Lookup!E$2:E$1349, MATCH($AE12, Lookup!$G$2:$G$1349,0)) -> Greater South East
A13: Luton | B13: 37920 | C13: 99.5 | D13: 47 | E13: 12.5 | F13: 34.5 | G13: 0 | H13: 47.4 | I13: 50200 | J13: 158.8 | K13: 2381492 | L13: 1.1 | M13: 4964.6 | N13: 12087 | O13: 2786.3 | P13: 1498 | Q13: 171.3 | R13: 10244 | S13: 2440.9 | T13: 342 | U13: 170.2 | V13: 111.6 | W13: 57.4 | X13: 938.1 | Y13: 306.3 | Z13: 764.9 | AA13: =SUM(Q13+S13+U13) -> 2782.4 | AB13: =AA13/M13 -> 0.56044797 | AC13: R.D. | AD13: =_xlfn.CONCAT(A13," ",AC13) -> Luton R.D. | AE13: Luton C.B. | AF13: =INDEX(Lookup!G$2:G$1349, MATCH($AE13, Lookup!$G$2:$G$1349,0)) -> LUTON C.B. | AG13: =INDEX(Lookup!F$2:F$1349, MATCH($AE13, Lookup!$G$2:$G$1349,0)) -> e010000 | AH13: =INDEX(Lookup!C$2:C$1349, MATCH($AE13, Lookup!$G$2:$G$1349,0)) -> Bedfordshire | AI13: =INDEX(Lookup!D$2:D$1349, MATCH($AE13, Lookup!$G$2:$G$1349,0)) -> East of England | AJ13: =INDEX(Lookup!E$2:E$1349, MATCH($AE13, Lookup!$G$2:$G$1349,0)) -> Greater South East
A14: BERKSHIRE | AA14: =SUM(Q14+S14+U14) -> 0 | AB14: =AA14/M14 -> #DIV/0! | AE14: =AD14 -> 0 | AF14: =INDEX(Lookup!G$2:G$1349, MATCH($AE14, Lookup!$G$2:$G$1349,0)) -> #N/A | AG14: =INDEX(Lookup!F$2:F$1349, MATCH($AE14, Lookup!$G$2:$G$1349,0)) -> #N/A | AH14: =INDEX(Lookup!C$2:C$1349, MATCH($AE14, Lookup!$G$2:$G$1349,0)) -> #N/A | AI14: =INDEX(Lookup!D$2:D$1349, MATCH($AE14, Lookup!$G$2:$G$1349,0)) -> #N/A | AJ14: =INDEX(Lookup!E$2:E$1349, MATCH($AE14, Lookup!$G$2:$G$1349,0)) -> #N/A
A15: General County Precept | C15: 56.2 | D15: 23.2 | I15: 687812 | J15: 174.2 | K15: 15957238 | L15: 1.5 | AA15: =SUM(Q15+S15+U15) -> 0 | AB15: =AA15/M15 -> #DIV/0! | AE15: =AD15 -> 0 | AF15: =INDEX(Lookup!G$2:G$1349, MATCH($AE15, Lookup!$G$2:$G$1349,0)) -> #N/A | AG15: =INDEX(Lookup!F$2:F$1349, MATCH($AE15, Lookup!$G$2:$G$1349,0)) -> #N/A | AH15: =INDEX(Lookup!C$2:C$1349, MATCH($AE15, Lookup!$G$2:$G$1349,0)) -> #N/A | AI15: =INDEX(Lookup!D$2:D$1349, MATCH($AE15, Lookup!$G$2:$G$1349,0)) -> #N/A | AJ15: =INDEX(Lookup!E$2:E$1349, MATCH($AE15, Lookup!$G$2:$G$1349,0)) -> #N/A
A16: County totals | B16: 523280 | H16: 34.3 | I16: 691927 | J16: 175.8 | K16: 2376895 | M16: 69291.2 | N16: 167337 | O16: 41061.1 | P16: 22724 | Q16: 2460 | R16: 129325 | S16: 31820 | T16: 12104 | U16: 6487.6 | V16: 4907 | W16: 1877.8 | X16: 4726.7 | Y16: 7012.9 | Z16: 9705.7 | AA16: =SUM(Q16+S16+U16) -> 40767.6 | AB16: =AA16/M16 -> 0.58835177 | AE16: =AD16 -> 0 | AF16: =INDEX(Lookup!G$2:G$1349, MATCH($AE16, Lookup!$G$2:$G$1349,0)) -> #N/A | AG16: =INDEX(Lookup!F$2:F$1349, MATCH($AE16, Lookup!$G$2:$G$1349,0)) -> #N/A | AH16: =INDEX(Lookup!C$2:C$1349, MATCH($AE16, Lookup!$G$2:$G$1349,0)) -> #N/A | AI16: =INDEX(Lookup!D$2:D$1349, MATCH($AE16, Lookup!$G$2:$G$1349,0)) -> #N/A | AJ16: =INDEX(Lookup!E$2:E$1349, MATCH($AE16, Lookup!$G$2:$G$1349,0)) -> #N/A
A17: Abingdon | B17: 19470 | C17: 86.5 | D17: 35 | E17: 11 | F17: 24 | G17: 0 | I17: 25340 | J17: 194.7 | K17: 886900 | L17: 2.7 | M17: 2541.6 | N17: 6294 | O17: 1430.8 | P17: 563 | Q17: 67.7 | R17: 5583 | S17: 1311.6 | T17: 102 | U17: 48.6 | V17: 309.4 | W17: 32.6 | X17: 116.9 | Y17: 330 | Z17: 321.9 | AA17: =SUM(Q17+S17+U17) -> 1427.9 | AB17: =AA17/M17 -> 0.56181146 | AC17: M.B. | AD17: =_xlfn.CONCAT(A17," ",AC17) -> Abingdon M.B. | AE17: =AD17 -> Abingdon M.B. | AF17: =INDEX(Lookup!G$2:G$1349, MATCH($AE17, Lookup!$G$2:$G$1349,0)) -> ABINGDON M.B. | AG17: =INDEX(Lookup!F$2:F$1349, MATCH($AE17, Lookup!$G$2:$G$1349,0)) -> e020013 | AH17: =INDEX(Lookup!C$2:C$1349, MATCH($AE17, Lookup!$G$2:$G$1349,0)) -> Oxfordshire | AI17: =INDEX(Lookup!D$2:D$1349, MATCH($AE17, Lookup!$G$2:$G$1349,0)) -> South East | AJ17: =INDEX(Lookup!E$2:E$1349, MATCH($AE17, Lookup!$G$2:$G$1349,0)) -> Greater South East
A18: Maidenhead | B18: 47220 | C18: 81 | D18: 34 | E18: 10.8 | F18: 23.2 | G18: 0 | I18: 77700 | J18: 169.8 | K18: 2641800 | L18: 0 | M18: 8066.3 | N18: 15199 | O18: 4250.4 | P18: 1070 | Q18: 130.9 | R18: 12153 | S18: 3092.6 | T18: 1968 | U18: 1026.1 | V18: 773.7 | W18: 279.3 | X18: 591.8 | Y18: 1426.6 | Z18: 684.4 | AA18: =SUM(Q18+S18+U18) -> 4249.6 | AB18: =AA18/M18 -> 0.52683386 | AC18: M.B. | AD18: =_xlfn.CONCAT(A18," ",AC18) -> Maidenhead M.B. | AE18: =AD18 -> Maidenhead M.B. | AF18: =INDEX(Lookup!G$2:G$1349, MATCH($AE18, Lookup!$G$2:$G$1349,0)) -> MAIDENHEAD M.B. | AG18: =INDEX(Lookup!F$2:F$1349, MATCH($AE18, Lookup!$G$2:$G$1349,0)) -> e020014 | AH18: =INDEX(Lookup!C$2:C$1349, MATCH($AE18, Lookup!$G$2:$G$1349,0)) -> Berkshire | AI18: =INDEX(Lookup!D$2:D$1349, MATCH($AE18, Lookup!$G$2:$G$1349,0)) -> South East | AJ18: =INDEX(Lookup!E$2:E$1349, MATCH($AE18, Lookup!$G$2:$G$1349,0)) -> Greater South East
A19: Newbury | B19: 24310 | C19: 84 | D19: 33 | E19: 9.8 | F19: 23.2 | G19: 0 | I19: 39450 | J19: 202.3 | K19: 1301850 | L19: 0 | M19: 4059.1 | N19: 8321 | O19: 1949.2 | P19: 1474 | Q19: 177 | R19: 6536 | S19: 1623.1 | T19: 304 | U19: 147.9 | V19: 801 | W19: 183.6 | X19: 430.4 | Y19: 399.2 | Z19: 295.7 | AA19: =SUM(Q19+S19+U19) -> 1948 | AB19: =AA19/M19 -> 0.47990934 | AC19: M.B. | AD19: =_xlfn.CONCAT(A19," ",AC19) -> Newbury M.B. | AE19: =AD19 -> Newbury M.B. | AF19: =INDEX(Lookup!G$2:G$1349, MATCH($AE19, Lookup!$G$2:$G$1349,0)) -> NEWBURY M.B. | AG19: =INDEX(Lookup!F$2:F$1349, MATCH($AE19, Lookup!$G$2:$G$1349,0)) -> e020015 | AH19: =INDEX(Lookup!C$2:C$1349, MATCH($AE19, Lookup!$G$2:$G$1349,0)) -> Berkshire | AI19: =INDEX(Lookup!D$2:D$1349, MATCH($AE19, Lookup!$G$2:$G$1349,0)) -> South East | AJ19: =INDEX(Lookup!E$2:E$1349, MATCH($AE19, Lookup!$G$2:$G$1349,0)) -> Greater South East
A20: New Windsor | B20: 30360 | C20: 85 | D20: 36.3 | E20: 12.3 | F20: 24 | G20: 0 | I20: 43590 | J20: 177.1 | K20: 1582317 | L20: 0 | M20: 4302.5 | N20: 9978 | O20: 2347.6 | P20: 1665 | Q20: 190.4 | R20: 7562 | S20: 1881.9 | T20: 493 | U20: 255.5 | V20: 601.4 | W20: 156.9 | X20: 433.1 | Y20: 239.2 | Z20: 524.4 | AA20: =SUM(Q20+S20+U20) -> 2327.8 | AB20: =AA20/M20 -> 0.54103428 | AC20: M.B. | AD20: =_xlfn.CONCAT(A20," ",AC20) -> New Windsor M.B. | AE20: =AD20 -> New Windsor M.B. | AF20: =INDEX(Lookup!G$2:G$1349, MATCH($AE20, Lookup!$G$2:$G$1349,0)) -> NEW WINDSOR M.B. | AG20: =INDEX(Lookup!F$2:F$1349, MATCH($AE20, Lookup!$G$2:$G$1349,0)) -> e020016 | AH20: =INDEX(Lookup!C$2:C$1349, MATCH($AE20, Lookup!$G$2:$G$1349,0)) -> Berkshire | AI20: =INDEX(Lookup!D$2:D$1349, MATCH($AE20, Lookup!$G$2:$G$1349,0)) -> South East | AJ20: =INDEX(Lookup!E$2:E$1349, MATCH($AE20, Lookup!$G$2:$G$1349,0)) -> Greater South East
A21: Wallingford | B21: 6180 | C21: 93 | D21: 37 | E21: 13 | F21: 24 | G21: 0 | I21: 8461 | J21: 148.9 | K21: 313507 | L21: 0 | M21: 942.1 | N21: 1959 | O21: 404.3 | P21: 425 | Q21: 46.4 | R21: 1482 | S21: 348.4 | T21: 14 | U21: 6.3 | V21: 161.1 | W21: 15.3 | X21: 105.8 | Y21: 149.5 | Z21: 106.1 | AA21: =SUM(Q21+S21+U21) -> 401.1 | AB21: =AA21/M21 -> 0.42575098 | AC21: M.B. | AD21: =_xlfn.CONCAT(A21," ",AC21) -> Wallingford M.B. | AE21: =AD21 -> Wallingford M.B. | AF21: =INDEX(Lookup!G$2:G$1349, MATCH($AE21, Lookup!$G$2:$G$1349,0)) -> WALLINGFORD M.B. | AG21: =INDEX(Lookup!F$2:F$1349, MATCH($AE21, Lookup!$G$2:$G$1349,0)) -> e020017 | AH21: =INDEX(Lookup!C$2:C$1349, MATCH($AE21, Lookup!$G$2:$G$1349,0)) -> Oxfordshire | AI21: =INDEX(Lookup!D$2:D$1349, MATCH($AE21, Lookup!$G$2:$G$1349,0)) -> South East | AJ21: =INDEX(Lookup!E$2:E$1349, MATCH($AE21, Lookup!$G$2:$G$1349,0)) -> Greater South East
A22: Wokingham | B22: 22070 | C22: 89 | D22: 38.5 | E22: 14.5 | F22: 24 | G22: 0 | I22: 30350 | J22: 143.8 | K22: 1168475 | L22: 0 | M22: 3206.4 | N22: 6945 | O22: 1906.6 | P22: 813 | Q22: 96.3 | R22: 5335 | S22: 1432 | T22: 797 | U22: 378.3 | V22: 276.1 | W22: 61.6 | X22: 211.4 | Y22: 472.5 | Z22: 278.3 | AA22: =SUM(Q22+S22+U22) -> 1906.6 | AB22: =AA22/M22 -> 0.59462325 | AC22: M.B. | AD22: =_xlfn.CONCAT(A22," ",AC22) -> Wokingham M.B. | AE22: =AD22 -> Wokingham M.B. | AF22: =INDEX(Lookup!G$2:G$1349, MATCH($AE22, Lookup!$G$2:$G$1349,0)) -> WOKINGHAM M.B. | AG22: =INDEX(Lookup!F$2:F$1349, MATCH($AE22, Lookup!$G$2:$G$1349,0)) -> e020019 | AH22: =INDEX(Lookup!C$2:C$1349, MATCH($AE22, Lookup!$G$2:$G$1349,0)) -> Berkshire | AI22: =INDEX(Lookup!D$2:D$1349, MATCH($AE22, Lookup!$G$2:$G$1349,0)) -> South East | AJ22: =INDEX(Lookup!E$2:E$1349, MATCH($AE22, Lookup!$G$2:$G$1349,0)) -> Greater South East
A23: Wantage | B23: 8440 | C23: 81.5 | D23: 35 | E23: 11 | F23: 24 | G23: 0 | I23: 7566 | J23: 157.2 | K23: 264810 | L23: 25.3 | M23: 835.6 | N23: 2420 | O23: 513.7 | P23: 542 | Q23: 59.8 | R23: 1841 | S23: 431.5 | T23: 35 | U23: 17.3 | V23: 121.5 | W23: 11.8 | X23: 56 | Y23: 29.8 | Z23: 102.8 | AA23: =SUM(Q23+S23+U23) -> 508.6 | AB23: =AA23/M23 -> 0.60866443 | AC23: U.D. | AD23: =_xlfn.CONCAT(A23," ",AC23) -> Wantage U.D. | AE23: =AD23 -> Wantage U.D. | AF23: =INDEX(Lookup!G$2:G$1349, MATCH($AE23, Lookup!$G$2:$G$1349,0)) -> WANTAGE U.D. | AG23: =INDEX(Lookup!F$2:F$1349, MATCH($AE23, Lookup!$G$2:$G$1349,0)) -> e020018 | AH23: =INDEX(Lookup!C$2:C$1349, MATCH($AE23, Lookup!$G$2:$G$1349,0)) -> Oxfordshire | AI23: =INDEX(Lookup!D$2:D$1349, MATCH($AE23, Lookup!$G$2:$G$1349,0)) -> South East | AJ23: =INDEX(Lookup!E$2:E$1349, MATCH($AE23, Lookup!$G$2:$G$1349,0)) -> Greater South East
A24: Rural Districts- | AA24: =SUM(Q24+S24+U24) -> 0 | AB24: =AA24/M24 -> #DIV/0! | AD24: =_xlfn.CONCAT(A24," ",AC24) -> Rural Districts- | AE24: =AD24 -> Rural Districts- | AF24: =INDEX(Lookup!G$2:G$1349, MATCH($AE24, Lookup!$G$2:$G$1349,0)) -> #N/A | AG24: =INDEX(Lookup!F$2:F$1349, MATCH($AE24, Lookup!$G$2:$G$1349,0)) -> #N/A | AH24: =INDEX(Lookup!C$2:C$1349, MATCH($AE24, Lookup!$G$2:$G$1349,0)) -> #N/A | AI24: =INDEX(Lookup!D$2:D$1349, MATCH($AE24, Lookup!$G$2:$G$1349,0)) -> #N/A | AJ24: =INDEX(Lookup!E$2:E$1349, MATCH($AE24, Lookup!$G$2:$G$1349,0)) -> #N/A
A25: Abingdon | B25: 37170 | C25: 73 | D25: 30 | E25: 6 | F25: 24 | H25: 30.7 | I25: 48123 | J25: 201.2 | K25: 1476341 | L25: 3.4 | M25: 4788.9 | N25: 11646 | O25: 2764.8 | P25: 1252 | Q25: 125.5 | R25: 8959 | S25: 2163.1 | T25: 896 | U25: 434.8 | V25: 97.6 | W25: 38.4 | X25: 455.2 | Y25: 78.3 | Z25: 1354.5 | AA25: =SUM(Q25+S25+U25) -> 2723.4 | AB25: =AA25/M25 -> 0.5686901 | AC25: R.D. | AD25: =_xlfn.CONCAT(A25," ",AC25) -> Abingdon R.D. | AE25: =AD25 -> Abingdon R.D. | AF25: =INDEX(Lookup!G$2:G$1349, MATCH($AE25, Lookup!$G$2:$G$1349,0)) -> ABINGDON R.D. | AG25: =INDEX(Lookup!F$2:F$1349, MATCH($AE25, Lookup!$G$2:$G$1349,0)) -> e020020 | AH25: =INDEX(Lookup!C$2:C$1349, MATCH($AE25, Lookup!$G$2:$G$1349,0)) -> Oxfordshire | AI25: =INDEX(Lookup!D$2:D$1349, MATCH($AE25, Lookup!$G$2:$G$1349,0)) -> South East | AJ25: =INDEX(Lookup!E$2:E$1349, MATCH($AE25, Lookup!$G$2:$G$1349,0)) -> Greater South East
A26: Bradfield | B26: 41710 | C26: 77 | D26: 31 | E26: 7 | F26: 24 | H26: 31.4 | I26: 58000 | J26: 213.5 | K26: 1820566 | L26: 7.6 | M26: 5131.3 | N26: 13231 | O26: 3298.4 | P26: 1621 | Q26: 162.4 | R26: 10653 | S26: 2607.5 | T26: 951 | U26: 527 | V26: 157.5 | W26: 56 | X26: 216.4 | Y26: 483.5 | Z26: 919.5 | AA26: =SUM(Q26+S26+U26) -> 3296.9 | AB26: =AA26/M26 -> 0.64250775 | AC26: R.D. | AD26: =_xlfn.CONCAT(A26," ",AC26) -> Bradfield R.D. | AE26: =AD26 -> Bradfield R.D. | AF26: =INDEX(Lookup!G$2:G$1349, MATCH($AE26, Lookup!$G$2:$G$1349,0)) -> BRADFIELD R.D. | AG26: =INDEX(Lookup!F$2:F$1349, MATCH($AE26, Lookup!$G$2:$G$1349,0)) -> e020021 | AH26: =INDEX(Lookup!C$2:C$1349, MATCH($AE26, Lookup!$G$2:$G$1349,0)) -> Berkshire | AI26: =INDEX(Lookup!D$2:D$1349, MATCH($AE26, Lookup!$G$2:$G$1349,0)) -> South East | AJ26: =INDEX(Lookup!E$2:E$1349, MATCH($AE26, Lookup!$G$2:$G$1349,0)) -> Greater South East
A27: Cookham | B27: 19290 | C27: 87 | D27: 38 | E27: 14 | F27: 24 | H27: 38.5 | I27: 27000 | J27: 158.4 | K27: 1039628 | L27: 0 | M27: 2834.1 | N27: 7142 | O27: 1856 | P27: 1884 | Q27: 170.4 | R27: 3973 | S27: 999.4 | T27: 1163 | U27: 674.8 | V27: 75.2 | W27: 132.6 | X27: 236.1 | Y27: 248.4 | Z27: 285.8 | AA27: =SUM(Q27+S27+U27) -> 1844.6 | AB27: =AA27/M27 -> 0.65085918 | AC27: R.D. | AD27: =_xlfn.CONCAT(A27," ",AC27) -> Cookham R.D. | AE27: =AD27 -> Cookham R.D. | AF27: =INDEX(Lookup!G$2:G$1349, MATCH($AE27, Lookup!$G$2:$G$1349,0)) -> COOKHAM R.D. | AG27: =INDEX(Lookup!F$2:F$1349, MATCH($AE27, Lookup!$G$2:$G$1349,0)) -> e020022 | AH27: =INDEX(Lookup!C$2:C$1349, MATCH($AE27, Lookup!$G$2:$G$1349,0)) -> Berkshire | AI27: =INDEX(Lookup!D$2:D$1349, MATCH($AE27, Lookup!$G$2:$G$1349,0)) -> South East | AJ27: =INDEX(Lookup!E$2:E$1349, MATCH($AE27, Lookup!$G$2:$G$1349,0)) -> Greater South East
A28: Easthampstead | B28: 67690 | C28: 89 | D28: 38.5 | E28: 14.5 | F28: 24 | H28: 40 | I28: 97487 | J28: 169.8 | K28: 3895297 | L28: 0 | M28: 9741.5 | N28: 21251 | O28: 5155.4 | P28: 2483 | Q28: 273.9 | R28: 17050 | S28: 4265.4 | T28: 1030 | U28: 555.6 | V28: 638.5 | W28: 663.5 | X28: 732.5 | Y28: 1314.4 | Z28: 1237.1 | AA28: =SUM(Q28+S28+U28) -> 5094.9 | AB28: =AA28/M28 -> 0.5230098 | AC28: R.D. | AD28: =_xlfn.CONCAT(A28," ",AC28) -> Easthampstead R.D. | AE28: =AD28 -> Easthampstead R.D. | AF28: =INDEX(Lookup!G$2:G$1349, MATCH($AE28, Lookup!$G$2:$G$1349,0)) -> EASTHAMPSTEAD R.D. | AG28: =INDEX(Lookup!F$2:F$1349, MATCH($AE28, Lookup!$G$2:$G$1349,0)) -> e020023 | AH28: =INDEX(Lookup!C$2:C$1349, MATCH($AE28, Lookup!$G$2:$G$1349,0)) -> Berkshire | AI28: =INDEX(Lookup!D$2:D$1349, MATCH($AE28, Lookup!$G$2:$G$1349,0)) -> South East | AJ28: =INDEX(Lookup!E$2:E$1349, MATCH($AE28, Lookup!$G$2:$G$1349,0)) -> Greater South East
A29: Faringdon | B29: 14830 | C29: 80 | D29: 31 | E29: 7 | F29: 24 | H29: 31.4 | I29: 14305 | J29: 212.4 | K29: 449095 | L29: 36.3 | M29: 1266.1 | N29: 5036 | O29: 850.9 | P29: 1494 | Q29: 158.7 | R29: 2995 | S29: 608.9 | T29: 94 | U29: 50.5 | V29: 66.7 | W29: 8 | X29: 82.2 | Y29: 22.6 | Z29: 235.7 | AA29: =SUM(Q29+S29+U29) -> 818.1 | AB29: =AA29/M29 -> 0.64615749 | AC29: R.D. | AD29: =_xlfn.CONCAT(A29," ",AC29) -> Faringdon R.D. | AE29: =AD29 -> Faringdon R.D. | AF29: =INDEX(Lookup!G$2:G$1349, MATCH($AE29, Lookup!$G$2:$G$1349,0)) -> FARINGDON R.D. | AG29: =INDEX(Lookup!F$2:F$1349, MATCH($AE29, Lookup!$G$2:$G$1349,0)) -> e020025 | AH29: =INDEX(Lookup!C$2:C$1349, MATCH($AE29, Lookup!$G$2:$G$1349,0)) -> Oxfordshire | AI29: =INDEX(Lookup!D$2:D$1349, MATCH($AE29, Lookup!$G$2:$G$1349,0)) -> South East | AJ29: =INDEX(Lookup!E$2:E$1349, MATCH($AE29, Lookup!$G$2:$G$1349,0)) -> Greater South East
A30: Hungerford | B30: 11680 | C30: 76.5 | D30: 29.8 | E30: 5.8 | F30: 24 | G30: 0 | H30: 31 | I30: 10991 | J30: 199 | K30: 341190 | L30: 29.5 | M30: 1094.5 | N30: 3790 | O30: 704.7 | P30: 1264 | Q30: 136 | R30: 2418 | S30: 497.1 | T30: 107 | U30: 71.5 | V30: 67.2 | W30: 13.3 | X30: 93.8 | Y30: 78.4 | Z30: 137.2 | AA30: =SUM(Q30+S30+U30) -> 704.6 | AB30: =AA30/M30 -> 0.64376428 | AC30: R.D. | AD30: =_xlfn.CONCAT(A30," ",AC30) -> Hungerford R.D. | AE30: =AD30 -> Hungerford R.D. | AF30: =INDEX(Lookup!G$2:G$1349, MATCH($AE30, Lookup!$G$2:$G$1349,0)) -> HUNGERFORD R.D. | AG30: =INDEX(Lookup!F$2:F$1349, MATCH($AE30, Lookup!$G$2:$G$1349,0)) -> e020026 | AH30: =INDEX(Lookup!C$2:C$1349, MATCH($AE30, Lookup!$G$2:$G$1349,0)) -> Berkshire | AI30: =INDEX(Lookup!D$2:D$1349, MATCH($AE30, Lookup!$G$2:$G$1349,0)) -> South East | AJ30: =INDEX(Lookup!E$2:E$1349, MATCH($AE30, Lookup!$G$2:$G$1349,0)) -> Greater South East
A31: Newbury | B31: 26260 | C31: 72.5 | D31: 32.2 | E31: 8.2 | F31: 24 | G31: 0 | H31: 32.6 | I31: 34500 | J31: 185.1 | K31: 1126086 | L31: 0 | M31: 3510 | N31: 8325 | O31: 1968.4 | P31: 1095 | Q31: 116.7 | R31: 6846 | S31: 1635 | T31: 380 | U31: 207.8 | V31: 94.8 | W31: 5.6 | X31: 194.6 | Y31: 807 | Z31: 439.5 | AA31: =SUM(Q31+S31+U31) -> 1959.5 | AB31: =AA31/M31 -> 0.55826211 | AC31: R.D. | AD31: =_xlfn.CONCAT(A31," ",AC31) -> Newbury R.D. | AE31: =AD31 -> Newbury R.D. | AF31: =INDEX(Lookup!G$2:G$1349, MATCH($AE31, Lookup!$G$2:$G$1349,0)) -> NEWBURY R.D. | AG31: =INDEX(Lookup!F$2:F$1349, MATCH($AE31, Lookup!$G$2:$G$1349,0)) -> e020027 | AH31: =INDEX(Lookup!C$2:C$1349, MATCH($AE31, Lookup!$G$2:$G$1349,0)) -> Berkshire | AI31: =INDEX(Lookup!D$2:D$1349, MATCH($AE31, Lookup!$G$2:$G$1349,0)) -> South East | AJ31: =INDEX(Lookup!E$2:E$1349, MATCH($AE31, Lookup!$G$2:$G$1349,0)) -> Greater South East
A32: Wallingford | B32: 23600 | C32: 69 | D32: 29.3 | E32: 5.3 | F32: 24 | G32: 0 | H32: 30.4 | I32: 21975 | J32: 190.6 | K32: 668739 | L32: 32.8 | M32: 2155.6 | N32: 7573 | O32: 1520.8 | P32: 896 | Q32: 93.1 | R32: 6308 | S32: 1349.3 | T32: 119 | U32: 61.6 | V32: 165.2 | W32: 19.1 | X32: 119 | Y32: 91.2 | Z32: 240.4 | AA32: =SUM(Q32+S32+U32) -> 1504 | AB32: =AA32/M32 -> 0.69771757 | AC32: R.D. | AD32: =_xlfn.CONCAT(A32," ",AC32) -> Wallingford R.D. | AE32: =AD32 -> Wallingford R.D. | AF32: =INDEX(Lookup!G$2:G$1349, MATCH($AE32, Lookup!$G$2:$G$1349,0)) -> WALLINGFORD R.D. | AG32: =INDEX(Lookup!F$2:F$1349, MATCH($AE32, Lookup!$G$2:$G$1349,0)) -> e020028 | AH32: =INDEX(Lookup!C$2:C$1349, MATCH($AE32, Lookup!$G$2:$G$1349,0)) -> Oxfordshire | AI32: =INDEX(Lookup!D$2:D$1349, MATCH($AE32, Lookup!$G$2:$G$1349,0)) -> South East | AJ32: =INDEX(Lookup!E$2:E$1349, MATCH($AE32, Lookup!$G$2:$G$1349,0)) -> Greater South East
A33: Wantage | B33: 20850 | C33: 76 | D33: 32 | E33: 8 | F33: 24 | G33: 0 | H33: 32.9 | I33: 26482 | J33: 154.3 | K33: 870305 | L33: 17.9 | M33: 2268.7 | N33: 6811 | O33: 1434 | P33: 1468 | Q33: 152.6 | R33: 5160 | S33: 1171.3 | T33: 169 | U33: 92.9 | V33: 51.9 | W33: 3 | X33: 93.2 | Y33: 46.2 | Z33: 640.4 | AA33: =SUM(Q33+S33+U33) -> 1416.8 | AB33: =AA33/M33 -> 0.62449861 | AC33: R.D. | AD33: =_xlfn.CONCAT(A33," ",AC33) -> Wantage R.D. | AE33: =AD33 -> Wantage R.D. | AF33: =INDEX(Lookup!G$2:G$1349, MATCH($AE33, Lookup!$G$2:$G$1349,0)) -> WANTAGE R.D. | AG33: =INDEX(Lookup!F$2:F$1349, MATCH($AE33, Lookup!$G$2:$G$1349,0)) -> e020029 | AH33: =INDEX(Lookup!C$2:C$1349, MATCH($AE33, Lookup!$G$2:$G$1349,0)) -> Oxfordshire | AI33: =INDEX(Lookup!D$2:D$1349, MATCH($AE33, Lookup!$G$2:$G$1349,0)) -> South East | AJ33: =INDEX(Lookup!E$2:E$1349, MATCH($AE33, Lookup!$G$2:$G$1349,0)) -> Greater South East
A34: Windsor | B34: 18100 | C34: 77 | D34: 32.5 | E34: 8.5 | F34: 24 | G34: 0 | H34: 33.2 | I34: 25607 | J34: 169.3 | K34: 850096 | L34: 0 | M34: 2657.3 | N34: 5598 | O34: 1659.1 | P34: 719 | Q34: 82 | R34: 3534 | S34: 878.1 | T34: 1141 | U34: 682.6 | V34: 148.6 | W34: 156.9 | X34: 136.9 | Y34: 89.2 | Z34: 466.6 | AA34: =SUM(Q34+S34+U34) -> 1642.7 | AB34: =AA34/M34 -> 0.61818387 | AC34: R.D. | AD34: =_xlfn.CONCAT(A34," ",AC34) -> Windsor R.D. | AE34: =AD34 -> Windsor R.D. | AF34: =INDEX(Lookup!G$2:G$1349, MATCH($AE34, Lookup!$G$2:$G$1349,0)) -> WINDSOR R.D. | AG34: =INDEX(Lookup!F$2:F$1349, MATCH($AE34, Lookup!$G$2:$G$1349,0)) -> e020031 | AH34: =INDEX(Lookup!C$2:C$1349, MATCH($AE34, Lookup!$G$2:$G$1349,0)) -> Berkshire | AI34: =INDEX(Lookup!D$2:D$1349, MATCH($AE34, Lookup!$G$2:$G$1349,0)) -> South East | AJ34: =INDEX(Lookup!E$2:E$1349, MATCH($AE34, Lookup!$G$2:$G$1349,0)) -> Greater South East
A35: Wokingham | B35: 84050 | C35: 75 | D35: 31.4 | E35: 7.4 | F35: 24 | G35: 0 | H35: 32.3 | I35: 95000 | J35: 156.8 | K35: 3069343 | L35: 12.9 | M35: 9949.5 | N35: 25818 | O35: 7046 | P35: 1996 | Q35: 220.4 | R35: 20937 | S35: 5524.8 | T35: 2341 | U35: 1248.4 | V35: 299.5 | W35: 40.3 | X35: 421.2 | Y35: 707 | Z35: 1435.5 | AA35: =SUM(Q35+S35+U35) -> 6993.6 | AB35: =AA35/M35 -> 0.70290969 | AC35: R.D. | AD35: =_xlfn.CONCAT(A35," ",AC35) -> Wokingham R.D. | AE35: =AD35 -> Wokingham R.D. | AF35: =INDEX(Lookup!G$2:G$1349, MATCH($AE35, Lookup!$G$2:$G$1349,0)) -> WOKINGHAM R.D. | AG35: =INDEX(Lookup!F$2:F$1349, MATCH($AE35, Lookup!$G$2:$G$1349,0)) -> e020032 | AH35: =INDEX(Lookup!C$2:C$1349, MATCH($AE35, Lookup!$G$2:$G$1349,0)) -> Berkshire | AI35: =INDEX(Lookup!D$2:D$1349, MATCH($AE35, Lookup!$G$2:$G$1349,0)) -> South East | AJ35: =INDEX(Lookup!E$2:E$1349, MATCH($AE35, Lookup!$G$2:$G$1349,0)) -> Greater South East
A36: BUCKINGHAMSHIRE | AA36: =SUM(Q36+S36+U36) -> 0 | AB36: =AA36/M36 -> #DIV/0! | AE36: =AD36 -> 0 | AF36: =INDEX(Lookup!G$2:G$1349, MATCH($AE36, Lookup!$G$2:$G$1349,0)) -> #N/A | AG36: =INDEX(Lookup!F$2:F$1349, MATCH($AE36, Lookup!$G$2:$G$1349,0)) -> #N/A | AH36: =INDEX(Lookup!C$2:C$1349, MATCH($AE36, Lookup!$G$2:$G$1349,0)) -> #N/A | AI36: =INDEX(Lookup!D$2:D$1349, MATCH($AE36, Lookup!$G$2:$G$1349,0)) -> #N/A | AJ36: =INDEX(Lookup!E$2:E$1349, MATCH($AE36, Lookup!$G$2:$G$1349,0)) -> #N/A
A37: General County Precept | C37: 64.8 | D37: 27.5 | I37: 967758 | J37: 163.6 | K37: 26613345 | L37: 0 | AA37: =SUM(Q37+S37+U37) -> 0 | AB37: =AA37/M37 -> #DIV/0! | AE37: =AD37 -> 0 | AF37: =INDEX(Lookup!G$2:G$1349, MATCH($AE37, Lookup!$G$2:$G$1349,0)) -> #N/A | AG37: =INDEX(Lookup!F$2:F$1349, MATCH($AE37, Lookup!$G$2:$G$1349,0)) -> #N/A | AH37: =INDEX(Lookup!C$2:C$1349, MATCH($AE37, Lookup!$G$2:$G$1349,0)) -> #N/A | AI37: =INDEX(Lookup!D$2:D$1349, MATCH($AE37, Lookup!$G$2:$G$1349,0)) -> #N/A | AJ37: =INDEX(Lookup!E$2:E$1349, MATCH($AE37, Lookup!$G$2:$G$1349,0)) -> #N/A
A38: County totals | B38: 598290 | H38: 39.2 | I38: 968356 | J38: 163.7 | K38: 37995350 | M38: 97644.4 | N38: 194688 | O38: 51288.4 | P38: 25120 | Q38: 2897.9 | R38: 145628 | S38: 36064.3 | T38: 22037 | U38: 12085 | V38: 7641 | W38: 2569.5 | X38: 8780.5 | Y38: 17139 | Z38: 10285.6 | AA38: =SUM(Q38+S38+U38) -> 51047.2 | AB38: =AA38/M38 -> 0.52278677 | AE38: =AD38 -> 0 | AF38: =INDEX(Lookup!G$2:G$1349, MATCH($AE38, Lookup!$G$2:$G$1349,0)) -> #N/A | AG38: =INDEX(Lookup!F$2:F$1349, MATCH($AE38, Lookup!$G$2:$G$1349,0)) -> #N/A | AH38: =INDEX(Lookup!C$2:C$1349, MATCH($AE38, Lookup!$G$2:$G$1349,0)) -> #N/A | AI38: =INDEX(Lookup!D$2:D$1349, MATCH($AE38, Lookup!$G$2:$G$1349,0)) -> #N/A | AJ38: =INDEX(Lookup!E$2:E$1349, MATCH($AE38, Lookup!$G$2:$G$1349,0)) -> #N/A
A39: Aylesbury | B39: 40860 | C39: 90 | D39: 37.8 | E39: 8.9 | F39: 28.9 | G39: 0 | I39: 69308 | J39: 149 | K39: 2619842 | L39: 0 | M39: 6845.8 | N39: 12866 | O39: 2636.9 | P39: 2191 | Q39: 266.8 | R39: 10152 | S39: 2208.8 | T39: 326 | U39: 149.4 | V39: 989.5 | W39: 242 | X39: 687.7 | Y39: 1361.5 | Z39: 928.1 | AA39: =SUM(Q39+S39+U39) -> 2625 | AB39: =AA39/M39 -> 0.38344678 | AC39: M.B. | AD39: =_xlfn.CONCAT(A39," ",AC39) -> Aylesbury M.B. | AE39: =AD39 -> Aylesbury M.B. | AF39: =INDEX(Lookup!G$2:G$1349, MATCH($AE39, Lookup!$G$2:$G$1349,0)) -> AYLESBURY M.B. | AG39: =INDEX(Lookup!F$2:F$1349, MATCH($AE39, Lookup!$G$2:$G$1349,0)) -> e030033 | AH39: =INDEX(Lookup!C$2:C$1349, MATCH($AE39, Lookup!$G$2:$G$1349,0)) -> Buckinghamshire | AI39: =INDEX(Lookup!D$2:D$1349, MATCH($AE39, Lookup!$G$2:$G$1349,0)) -> South East | AJ39: =INDEX(Lookup!E$2:E$1349, MATCH($AE39, Lookup!$G$2:$G$1349,0)) -> Greater South East
A40: Buckingham | B40: 5200 | C40: 975.5 | D40: 40.2 | E40: 11.1 | F40: 28.9 | G40: 0.2 | I40: 7850 | J40: 201.9 | K40: 315570 | L40: 0 | M40: 776.6 | N40: 1871 | O40: 341.4 | P40: 687 | Q40: 70 | R40: 1145 | S40: 251 | T40: 38 | U40: 20.3 | V40: 96.1 | W40: 12.3 | X40: 77.1 | Y40: 172 | Z40: 77.7 | AA40: =SUM(Q40+S40+U40) -> 341.3 | AB40: =AA40/M40 -> 0.43947978 | AC40: M.B. | AD40: =_xlfn.CONCAT(A40," ",AC40) -> Buckingham M.B. | AE40: =AD40 -> Buckingham M.B. | AF40: =INDEX(Lookup!G$2:G$1349, MATCH($AE40, Lookup!$G$2:$G$1349,0)) -> BUCKINGHAM M.B. | AG40: =INDEX(Lookup!F$2:F$1349, MATCH($AE40, Lookup!$G$2:$G$1349,0)) -> e030036 | AH40: =INDEX(Lookup!C$2:C$1349, MATCH($AE40, Lookup!$G$2:$G$1349,0)) -> Buckinghamshire | AI40: =INDEX(Lookup!D$2:D$1349, MATCH($AE40, Lookup!$G$2:$G$1349,0)) -> South East | AJ40: =INDEX(Lookup!E$2:E$1349, MATCH($AE40, Lookup!$G$2:$G$1349,0)) -> Greater South East
A41: High Wycombe | B41: 60510 | C41: 90.5 | D41: 39.6 | E41: 12 | F41: 27.6 | G41: 0 | I41: 112000 | J41: 160.2 | K41: 4435200 | L41: 0 | M41: 11531.6 | N41: 18952 | O41: 4864.9 | P41: 1608 | Q41: 205.1 | R41: 16318 | S41: 4183.8 | T41: 961 | U41: 469.2 | V41: 1316.8 | W41: 426.1 | X41: 1273.6 | Y41: 2610.9 | Z41: 1039.2 | AA41: =SUM(Q41+S41+U41) -> 4858.1 | AB41: =AA41/M41 -> 0.42128586 | AC41: M.B. | AD41: =_xlfn.CONCAT(A41," ",AC41) -> High Wycombe M.B. | AE41: =AD41 -> High Wycombe M.B. | AF41: =INDEX(Lookup!G$2:G$1349, MATCH($AE41, Lookup!$G$2:$G$1349,0)) -> HIGH WYCOMBE M.B. | AG41: =INDEX(Lookup!F$2:F$1349, MATCH($AE41, Lookup!$G$2:$G$1349,0)) -> e030039 | AH41: =INDEX(Lookup!C$2:C$1349, MATCH($AE41, Lookup!$G$2:$G$1349,0)) -> Buckinghamshire | AI41: =INDEX(Lookup!D$2:D$1349, MATCH($AE41, Lookup!$G$2:$G$1349,0)) -> South East | AJ41: =INDEX(Lookup!E$2:E$1349, MATCH($AE41, Lookup!$G$2:$G$1349,0)) -> Greater South East
A42: Slough | B42: 88420 | C42: 96 | D42: 42 | E42: 13.3 | F42: 28.7 | G42: 0 | I42: 199500 | J42: 141.1 | K42: 8379000 | L42: 0 | M42: 20350.1 | N42: 27321 | O42: 6448 | P42: 903 | Q42: 110.5 | R42: 25289 | S42: 5953.3 | T42: 1126 | U42: 383.8 | V42: 2005.3 | W42: 817.9 | X42: 2382.5 | Y42: 6737.5 | Z42: 1959 | AA42: =SUM(Q42+S42+U42) -> 6447.6 | AB42: =AA42/M42 -> 0.31683382 | AC42: M.B. | AD42: =_xlfn.CONCAT(A42," ",AC42) -> Slough M.B. | AE42: =AD42 -> Slough M.B. | AF42: =INDEX(Lookup!G$2:G$1349, MATCH($AE42, Lookup!$G$2:$G$1349,0)) -> SLOUGH M.B. | AG42: =INDEX(Lookup!F$2:F$1349, MATCH($AE42, Lookup!$G$2:$G$1349,0)) -> e030043 | AH42: =INDEX(Lookup!C$2:C$1349, MATCH($AE42, Lookup!$G$2:$G$1349,0)) -> Berkshire | AI42: =INDEX(Lookup!D$2:D$1349, MATCH($AE42, Lookup!$G$2:$G$1349,0)) -> South East | AJ42: =INDEX(Lookup!E$2:E$1349, MATCH($AE42, Lookup!$G$2:$G$1349,0)) -> Greater South East
A43: Beaconsfield | B43: 11800 | C43: 91 | D43: 38.1 | E43: 9.2 | F43: 28.9 | G43: 0 | I43: 20000 | J43: 145.4 | K43: 762000 | L43: 0 | M43: 2075.7 | N43: 3608 | O43: 1357.6 | P43: 351 | Q43: 39.4 | R43: 1793 | S43: 450.2 | T43: 1463 | U43: 861.2 | V43: 233.5 | W43: 32.1 | X43: 171.3 | Y43: 60.9 | Z43: 220.3 | AA43: =SUM(Q43+S43+U43) -> 1350.8 | AB43: =AA43/M43 -> 0.65076842 | AC43: U.D. | AD43: =_xlfn.CONCAT(A43," ",AC43) -> Beaconsfield U.D. | AE43: =AD43 -> Beaconsfield U.D. | AF43: =INDEX(Lookup!G$2:G$1349, MATCH($AE43, Lookup!$G$2:$G$1349,0)) -> BEACONSFIELD U.D. | AG43: =INDEX(Lookup!F$2:F$1349, MATCH($AE43, Lookup!$G$2:$G$1349,0)) -> e030034 | AH43: =INDEX(Lookup!C$2:C$1349, MATCH($AE43, Lookup!$G$2:$G$1349,0)) -> Buckinghamshire | AI43: =INDEX(Lookup!D$2:D$1349, MATCH($AE43, Lookup!$G$2:$G$1349,0)) -> South East | AJ43: =INDEX(Lookup!E$2:E$1349, MATCH($AE43, Lookup!$G$2:$G$1349,0)) -> Greater South East
A44: Bletchley | B44: 31990 | C44: 89.5 | D44: 37.5 | E44: 8.6 | F44: 28.9 | G44: 0 | I44: 53000 | J44: 165 | K44: 1987500 | L44: 0 | M44: 5110.7 | N44: 10372 | O44: 2121.2 | P44: 1199 | Q44: 1538 | R44: 9039 | S44: 1907 | T44: 128 | U44: 60 | V44: 441.4 | W44: 91 | X44: 360.4 | Y44: 1469.1 | Z44: 627.6 | AA44: =SUM(Q44+S44+U44) -> 3505 | AB44: =AA44/M44 -> 0.68581603 | AC44: U.D. | AD44: =_xlfn.CONCAT(A44," ",AC44) -> Bletchley U.D. | AE44: =AD44 -> Bletchley U.D. | AF44: =INDEX(Lookup!G$2:G$1349, MATCH($AE44, Lookup!$G$2:$G$1349,0)) -> BLETCHLEY U.D. | AG44: =INDEX(Lookup!F$2:F$1349, MATCH($AE44, Lookup!$G$2:$G$1349,0)) -> e030035 | AH44: =INDEX(Lookup!C$2:C$1349, MATCH($AE44, Lookup!$G$2:$G$1349,0)) -> Buckinghamshire | AI44: =INDEX(Lookup!D$2:D$1349, MATCH($AE44, Lookup!$G$2:$G$1349,0)) -> South East | AJ44: =INDEX(Lookup!E$2:E$1349, MATCH($AE44, Lookup!$G$2:$G$1349,0)) -> Greater South East
A45: Chesham | B45: 20730 | C45: 93 | D45: 40.5 | E45: 11.6 | F45: 28.9 | G45: 0 | I45: 28120 | J45: 180.6 | K45: 1138860 | L45: 0 | M45: 2901.8 | N45: 6984 | O45: 1764.1 | P45: 1024 | Q45: 124.6 | R45: 5585 | S45: 1455.9 | T45: 375 | U45: 183.6 | V45: 372.6 | W45: 57.1 | X45: 203.5 | Y45: 314.9 | Z45: 189.7 | AA45: =SUM(Q45+S45+U45) -> 1764.1 | AB45: =AA45/M45 -> 0.60793301 | AC45: U.D. | AD45: =_xlfn.CONCAT(A45," ",AC45) -> Chesham U.D. | AE45: =AD45 -> Chesham U.D. | AF45: =INDEX(Lookup!G$2:G$1349, MATCH($AE45, Lookup!$G$2:$G$1349,0)) -> CHESHAM U.D. | AG45: =INDEX(Lookup!F$2:F$1349, MATCH($AE45, Lookup!$G$2:$G$1349,0)) -> e030037 | AH45: =INDEX(Lookup!C$2:C$1349, MATCH($AE45, Lookup!$G$2:$G$1349,0)) -> Buckinghamshire | AI45: =INDEX(Lookup!D$2:D$1349, MATCH($AE45, Lookup!$G$2:$G$1349,0)) -> South East | AJ45: =INDEX(Lookup!E$2:E$1349, MATCH($AE45, Lookup!$G$2:$G$1349,0)) -> Greater South East
A46: Eton | B46: 4880 | C46: 88 | D46: 40 | E46: 11.1 | F46: 28.9 | G46: 0.1 | I46: 4826 | J46: 136 | K46: 193040 | L46: 16.3 | M46: 554.7 | N46: 1183 | O46: 261.5 | P46: 240 | Q46: 28.7 | R46: 927 | S46: 224.5 | T46: 16 | U46: 8.3 | V46: 39.5 | W46: 11.4 | X46: 37.1 | Y46: 17.4 | Z46: 187.8 | AA46: =SUM(Q46+S46+U46) -> 261.5 | AB46: =AA46/M46 -> 0.471426 | AC46: U.D. | AD46: =_xlfn.CONCAT(A46," ",AC46) -> Eton U.D. | AE46: =AD46 -> Eton U.D. | AF46: =INDEX(Lookup!G$2:G$1349, MATCH($AE46, Lookup!$G$2:$G$1349,0)) -> ETON U.D. | AG46: =INDEX(Lookup!F$2:F$1349, MATCH($AE46, Lookup!$G$2:$G$1349,0)) -> e030038 | AH46: =INDEX(Lookup!C$2:C$1349, MATCH($AE46, Lookup!$G$2:$G$1349,0)) -> Berkshire | AI46: =INDEX(Lookup!D$2:D$1349, MATCH($AE46, Lookup!$G$2:$G$1349,0)) -> South East | AJ46: =INDEX(Lookup!E$2:E$1349, MATCH($AE46, Lookup!$G$2:$G$1349,0)) -> Greater South East
A47: Marlow | B47: 11720 | C47: 96 | D47: 41.8 | E47: 12.9 | F47: 28.9 | G47: 0 | I47: 16000 | J47: 161.9 | K47: 688800 | L47: 0 | M47: 1917.2 | N47: 4070 | O47: 1188.5 | P47: 424 | Q47: 52.7 | R47: 3108 | S47: 852.3 | T47: 538 | U47: 283.4 | V47: 242.6 | W47: 78.4 | X47: 114.8 | Y47: 163 | Z47: 129.9 | AA47: =SUM(Q47+S47+U47) -> 1188.4 | AB47: =AA47/M47 -> 0.6198623 | AC47: U.D. | AD47: =_xlfn.CONCAT(A47," ",AC47) -> Marlow U.D. | AE47: =AD47 -> Marlow U.D. | AF47: =INDEX(Lookup!G$2:G$1349, MATCH($AE47, Lookup!$G$2:$G$1349,0)) -> MARLOW U.D. | AG47: =INDEX(Lookup!F$2:F$1349, MATCH($AE47, Lookup!$G$2:$G$1349,0)) -> e030040 | AH47: =INDEX(Lookup!C$2:C$1349, MATCH($AE47, Lookup!$G$2:$G$1349,0)) -> Buckinghamshire | AI47: =INDEX(Lookup!D$2:D$1349, MATCH($AE47, Lookup!$G$2:$G$1349,0)) -> South East | AJ47: =INDEX(Lookup!E$2:E$1349, MATCH($AE47, Lookup!$G$2:$G$1349,0)) -> Greater South East
A48: Newport Pagnell | B48: 6660 | C48: 99 | D48: 40 | E48: 11.6 | F48: 28.9 | G48: 0 | I48: 10713 | J48: 194.4 | K48: 433877 | L48: 0 | M48: 1097.2 | N48: 2455 | O48: 463.5 | P48: 690 | Q48: 74.8 | R48: 1730 | S48: 375.5 | T48: 26 | U48: 12.6 | V48: 86.1 | W48: 27.7 | X48: 230.3 | Y48: 145.9 | Z48: 143.7 | AA48: =SUM(Q48+S48+U48) -> 462.9 | AB48: =AA48/M48 -> 0.42189209 | AC48: U.D. | AD48: =_xlfn.CONCAT(A48," ",AC48) -> Newport Pagnell U.D. | AE48: =AD48 -> Newport Pagnell U.D. | AF48: =INDEX(Lookup!G$2:G$1349, MATCH($AE48, Lookup!$G$2:$G$1349,0)) -> NEWPORT PAGNELL U.D. | AG48: =INDEX(Lookup!F$2:F$1349, MATCH($AE48, Lookup!$G$2:$G$1349,0)) -> e030041 | AH48: =INDEX(Lookup!C$2:C$1349, MATCH($AE48, Lookup!$G$2:$G$1349,0)) -> Buckinghamshire | AI48: =INDEX(Lookup!D$2:D$1349, MATCH($AE48, Lookup!$G$2:$G$1349,0)) -> South East | AJ48: =INDEX(Lookup!E$2:E$1349, MATCH($AE48, Lookup!$G$2:$G$1349,0)) -> Greater South East
A49: Wolverton | B49: 13810 | C49: 93.5 | D49: 39 | E49: 10.1 | F49: 28.9 | G49: 0 | I49: 18650 | J49: 201.4 | K49: 727350 | L49: 6.9 | M49: 1829.3 | N49: 5649 | O49: 893.1 | P49: 2976 | Q49: 347.9 | R49: 2654 | S49: 535.2 | T49: 19 | U49: 10 | V49: 160.3 | W49: 12.2 | X49: 278.7 | Y49: 283.9 | Z49: 201.1 | AA49: =SUM(Q49+S49+U49) -> 893.1 | AB49: =AA49/M49 -> 0.48821954 | AC49: U.D. | AD49: =_xlfn.CONCAT(A49," ",AC49) -> Wolverton U.D. | AE49: =AD49 -> Wolverton U.D. | AF49: =INDEX(Lookup!G$2:G$1349, MATCH($AE49, Lookup!$G$2:$G$1349,0)) -> WOLVERTON U.D. | AG49: =INDEX(Lookup!F$2:F$1349, MATCH($AE49, Lookup!$G$2:$G$1349,0)) -> e030044 | AH49: =INDEX(Lookup!C$2:C$1349, MATCH($AE49, Lookup!$G$2:$G$1349,0)) -> Buckinghamshire | AI49: =INDEX(Lookup!D$2:D$1349, MATCH($AE49, Lookup!$G$2:$G$1349,0)) -> South East | AJ49: =INDEX(Lookup!E$2:E$1349, MATCH($AE49, Lookup!$G$2:$G$1349,0)) -> Greater South East
A50: Amersham | B50: 69300 | C50: 88 | D50: 37.4 | E50: 8.5 | F50: 28.9 | G50: 0 | H50: 38.1 | I50: 106900 | J50: 189.7 | K50: 4071251 | L50: 0 | M50: 10673.4 | N50: 22582 | O50: 8063 | P50: 1032 | Q50: 109.3 | R50: 14737 | S50: 4160 | T50: 6731 | U50: 3785.1 | V50: 649.3 | W50: 127.9 | X50: 498.3 | Y50: 503.7 | Z50: 831.2 | AA50: =SUM(Q50+S50+U50) -> 8054.4 | AB50: =AA50/M50 -> 0.75462364 | AC50: R.D. | AD50: =_xlfn.CONCAT(A50," ",AC50) -> Amersham R.D. | AE50: =AD50 -> Amersham R.D. | AF50: =INDEX(Lookup!G$2:G$1349, MATCH($AE50, Lookup!$G$2:$G$1349,0)) -> AMERSHAM R.D. | AG50: =INDEX(Lookup!F$2:F$1349, MATCH($AE50, Lookup!$G$2:$G$1349,0)) -> e030046 | AH50: =INDEX(Lookup!C$2:C$1349, MATCH($AE50, Lookup!$G$2:$G$1349,0)) -> Buckinghamshire | AI50: =INDEX(Lookup!D$2:D$1349, MATCH($AE50, Lookup!$G$2:$G$1349,0)) -> South East | AJ50: =INDEX(Lookup!E$2:E$1349, MATCH($AE50, Lookup!$G$2:$G$1349,0)) -> Greater South East
A51: Aylesbury | B51: 38450 | C51: 84 | D51: 35.9 | E51: 7 | F51: 28.9 | G51: 0 | H51: 36.4 | I51: 42340 | J51: 197.7 | K51: 1541809 | L51: 23.5 | M51: 3947.6 | N51: 12403 | O51: 2798.5 | P51: 2629 | Q51: 305.6 | R51: 7959 | S51: 1943.3 | T51: 951 | U51: 487.5 | V51: 114.3 | W51: 18.5 | X51: 304.6 | Y51: 208.5 | Z51: 503.3 | AA51: =SUM(Q51+S51+U51) -> 2736.4 | AB51: =AA51/M51 -> 0.69318067 | AC51: R.D. | AD51: =_xlfn.CONCAT(A51," ",AC51) -> Aylesbury R.D. | AE51: =AD51 -> Aylesbury R.D. | AF51: =INDEX(Lookup!G$2:G$1349, MATCH($AE51, Lookup!$G$2:$G$1349,0)) -> AYLESBURY R.D. | AG51: =INDEX(Lookup!F$2:F$1349, MATCH($AE51, Lookup!$G$2:$G$1349,0)) -> e030047 | AH51: =INDEX(Lookup!C$2:C$1349, MATCH($AE51, Lookup!$G$2:$G$1349,0)) -> Buckinghamshire | AI51: =INDEX(Lookup!D$2:D$1349, MATCH($AE51, Lookup!$G$2:$G$1349,0)) -> South East | AJ51: =INDEX(Lookup!E$2:E$1349, MATCH($AE51, Lookup!$G$2:$G$1349,0)) -> Greater South East
A52: Buckingham | B52: 10190 | C52: 89.5 | D52: 35 | E52: 6.1 | F52: 28.9 | G52: 0 | H52: 36.3 | I52: 10169 | J52: 210.3 | K52: 368866 | L52: 24.3 | M52: 1045.1 | N52: 3287 | O52: 665.2 | P52: 1118 | Q52: 123.6 | R52: 2013 | S52: 455.3 | T52: 153 | U52: 86.1 | V52: 17.9 | W52: 2.7 | X52: 45.6 | Y52: 23.5 | Z52: 290.1 | AA52: =SUM(Q52+S52+U52) -> 665 | AB52: =AA52/M52 -> 0.63630275 | AC52: R.D. | AD52: =_xlfn.CONCAT(A52," ",AC52) -> Buckingham R.D. | AE52: =AD52 -> Buckingham R.D. | AF52: =INDEX(Lookup!G$2:G$1349, MATCH($AE52, Lookup!$G$2:$G$1349,0)) -> BUCKINGHAM R.D. | AG52: =INDEX(Lookup!F$2:F$1349, MATCH($AE52, Lookup!$G$2:$G$1349,0)) -> e030048 | AH52: =INDEX(Lookup!C$2:C$1349, MATCH($AE52, Lookup!$G$2:$G$1349,0)) -> Buckinghamshire | AI52: =INDEX(Lookup!D$2:D$1349, MATCH($AE52, Lookup!$G$2:$G$1349,0)) -> South East | AJ52: =INDEX(Lookup!E$2:E$1349, MATCH($AE52, Lookup!$G$2:$G$1349,0)) -> Greater South East
A53: Eton | B53: 73000 | C53: 88 | D53: 38.4 | E53: 9.5 | F53: 28.9 | G53: 0 | H53: 39.1 | I53: 123000 | J53: 144.5 | K53: 4804631 | L53: 0 | M53: 12658.2 | N53: 23426 | O53: 7462.5 | P53: 1614 | Q53: 167.9 | R53: 16714 | S53: 4208.4 | T53: 5085 | U53: 3082 | V53: 406.9 | W53: 336.3 | X53: 1455.7 | Y53: 1385.7 | Z53: 1611.1 | AA53: =SUM(Q53+S53+U53) -> 7458.3 | AB53: =AA53/M53 -> 0.589207 | AC53: R.D. | AD53: =_xlfn.CONCAT(A53," ",AC53) -> Eton R.D. | AE53: =AD53 -> Eton R.D. | AF53: =INDEX(Lookup!G$2:G$1349, MATCH($AE53, Lookup!$G$2:$G$1349,0)) -> ETON R.D. | AG53: =INDEX(Lookup!F$2:F$1349, MATCH($AE53, Lookup!$G$2:$G$1349,0)) -> e030049 | AH53: =INDEX(Lookup!C$2:C$1349, MATCH($AE53, Lookup!$G$2:$G$1349,0)) -> Buckinghamshire | AI53: =INDEX(Lookup!D$2:D$1349, MATCH($AE53, Lookup!$G$2:$G$1349,0)) -> South East | AJ53: =INDEX(Lookup!E$2:E$1349, MATCH($AE53, Lookup!$G$2:$G$1349,0)) -> Greater South East
A54: Newport Pagnell | B54: 16430 | C54: 87 | D54: 35.9 | E54: 7 | F54: 28.9 | G54: 0 | H54: 36.6 | I54: 22333 | J54: 238.4 | K54: 817695 | L54: 6.4 | M54: 2080.2 | N54: 6106 | O54: 1242.3 | P54: 2035 | Q54: 223 | R54: 3828 | S54: 889.4 | T54: 243 | U54: 129.9 | V54: 89.8 | W54: 94.2 | X54: 143.1 | Y54: 247.3 | Z54: 263.6 | AA54: =SUM(Q54+S54+U54) -> 1242.3 | AB54: =AA54/M54 -> 0.59720219 | AC54: R.D. | AD54: =_xlfn.CONCAT(A54," ",AC54) -> Newport Pagnell R.D. | AE54: =AD54 -> Newport Pagnell R.D. | AF54: =INDEX(Lookup!G$2:G$1349, MATCH($AE54, Lookup!$G$2:$G$1349,0)) -> NEWPORT PAGNELL R.D. | AG54: =INDEX(Lookup!F$2:F$1349, MATCH($AE54, Lookup!$G$2:$G$1349,0)) -> e030050 | AH54: =INDEX(Lookup!C$2:C$1349, MATCH($AE54, Lookup!$G$2:$G$1349,0)) -> Buckinghamshire | AI54: =INDEX(Lookup!D$2:D$1349, MATCH($AE54, Lookup!$G$2:$G$1349,0)) -> South East | AJ54: =INDEX(Lookup!E$2:E$1349, MATCH($AE54, Lookup!$G$2:$G$1349,0)) -> Greater South East
A55: Wing | G55: 0 | H55: 41.4 | I55: 15128 | J55: 183.7 | K55: 626542 | L55: 0 | M55: 1539.9 | N55: 3976 | O55: 944.8 | P55: 117 | Q55: 2603 | R55: 622.5 | S55: 386 | T55: 386 | U55: 204.5 | V55: 21.8 | W55: 2.7 | X55: 77.4 | Y55: 330.9 | Z55: 162.3 | AA55: =SUM(Q55+S55+U55) -> 3193.5 | AB55: =AA55/M55 -> 2.073836 | AC55: R.D. | AD55: =_xlfn.CONCAT(A55," ",AC55) -> Wing R.D. | AE55: =AD55 -> Wing R.D. | AF55: =INDEX(Lookup!G$2:G$1349, MATCH($AE55, Lookup!$G$2:$G$1349,0)) -> WING R.D. | AG55: =INDEX(Lookup!F$2:F$1349, MATCH($AE55, Lookup!$G$2:$G$1349,0)) -> e030052 | AH55: =INDEX(Lookup!C$2:C$1349, MATCH($AE55, Lookup!$G$2:$G$1349,0)) -> Buckinghamshire | AI55: =INDEX(Lookup!D$2:D$1349, MATCH($AE55, Lookup!$G$2:$G$1349,0)) -> South East | AJ55: =INDEX(Lookup!E$2:E$1349, MATCH($AE55, Lookup!$G$2:$G$1349,0)) -> Greater South East
A56: Winslow | G56: 0 | H56: 39.4 | I56: 9700 | J56: 193.9 | K56: 382552 | L56: 24.7 | M56: 1055 | N56: 3589 | O56: 763 | P56: 113.6 | Q56: 2394 | R56: 560 | S56: 169 | T56: 89.3 | U56: 89.3 | V56: 41.3 | W56: 4 | X56: 44.3 | Y56: 88.9 | Z56: 113.4 | AA56: =SUM(Q56+S56+U56) -> 2652.3 | AB56: =AA56/M56 -> 2.5140284 | AC56: R.D. | AD56: =_xlfn.CONCAT(A56," ",AC56) -> Winslow R.D. | AE56: =AD56 -> Winslow R.D. | AF56: =INDEX(Lookup!G$2:G$1349, MATCH($AE56, Lookup!$G$2:$G$1349,0)) -> WINSLOW R.D. | AG56: =INDEX(Lookup!F$2:F$1349, MATCH($AE56, Lookup!$G$2:$G$1349,0)) -> e030053 | AH56: =INDEX(Lookup!C$2:C$1349, MATCH($AE56, Lookup!$G$2:$G$1349,0)) -> Buckinghamshire | AI56: =INDEX(Lookup!D$2:D$1349, MATCH($AE56, Lookup!$G$2:$G$1349,0)) -> South East | AJ56: =INDEX(Lookup!E$2:E$1349, MATCH($AE56, Lookup!$G$2:$G$1349,0)) -> Greater South East
A57: Wycombe | B57: 73050 | C57: 88 | D57: 37 | E57: 8.1 | F57: 28.9 | G57: 0 | H57: 37.7 | I57: 98819 | J57: 183.4 | K57: 3720965 | L57: 2 | M57: 9654.2 | N57: 23988 | O57: 6948.3 | P57: 263.5 | Q57: 17640 | R57: 4833.6 | S57: 3303 | T57: 1778.8 | U57: 1778.8 | V57: 316.2 | W57: 175.1 | X57: 394.3 | Y57: 1013.8 | Z57: 806.5 | AA57: =SUM(Q57+S57+U57) -> 22721.8 | AB57: =AA57/M57 -> 2.3535663 | AC57: R.D. | AD57: =_xlfn.CONCAT(A57," ",AC57) -> Wycombe R.D. | AE57: =AD57 -> Wycombe R.D. | AF57: =INDEX(Lookup!G$2:G$1349, MATCH($AE57, Lookup!$G$2:$G$1349,0)) -> WYCOMBE R.D. | AG57: =INDEX(Lookup!F$2:F$1349, MATCH($AE57, Lookup!$G$2:$G$1349,0)) -> e030055 | AH57: =INDEX(Lookup!C$2:C$1349, MATCH($AE57, Lookup!$G$2:$G$1349,0)) -> Buckinghamshire | AI57: =INDEX(Lookup!D$2:D$1349, MATCH($AE57, Lookup!$G$2:$G$1349,0)) -> South East | AJ57: =INDEX(Lookup!E$2:E$1349, MATCH($AE57, Lookup!$G$2:$G$1349,0)) -> Greater South East
A58: CAMBRIDGESHIRE AND ISLE OF ELY | AA58: =SUM(Q58+S58+U58) -> 0 | AB58: =AA58/M58 -> #DIV/0! | AE58: =AD58 -> 0 | AF58: =INDEX(Lookup!G$2:G$1349, MATCH($AE58, Lookup!$G$2:$G$1349,0)) -> #N/A | AG58: =INDEX(Lookup!F$2:F$1349, MATCH($AE58, Lookup!$G$2:$G$1349,0)) -> #N/A | AH58: =INDEX(Lookup!C$2:C$1349, MATCH($AE58, Lookup!$G$2:$G$1349,0)) -> #N/A | AI58: =INDEX(Lookup!D$2:D$1349, MATCH($AE58, Lookup!$G$2:$G$1349,0)) -> #N/A | AJ58: =INDEX(Lookup!E$2:E$1349, MATCH($AE58, Lookup!$G$2:$G$1349,0)) -> #N/A
A59: General County Precept | C59: 64 | D59: 26 | I59: 384139 | J59: 179.5 | K59: 9987614 | L59: 6 | AA59: =SUM(Q59+S59+U59) -> 0 | AB59: =AA59/M59 -> #DIV/0! | AE59: =AD59 -> 0 | AF59: =INDEX(Lookup!G$2:G$1349, MATCH($AE59, Lookup!$G$2:$G$1349,0)) -> #N/A | AG59: =INDEX(Lookup!F$2:F$1349, MATCH($AE59, Lookup!$G$2:$G$1349,0)) -> #N/A | AH59: =INDEX(Lookup!C$2:C$1349, MATCH($AE59, Lookup!$G$2:$G$1349,0)) -> #N/A | AI59: =INDEX(Lookup!D$2:D$1349, MATCH($AE59, Lookup!$G$2:$G$1349,0)) -> #N/A | AJ59: =INDEX(Lookup!E$2:E$1349, MATCH($AE59, Lookup!$G$2:$G$1349,0)) -> #N/A
A60: County Totals | B60: 308280 | H60: 41.7 | I60: 384139 | J60: 179.5 | K60: 16033586 | M60: 38809.6 | N60: 106145 | O60: 21710.8 | P60: 28320 | Q60: 3038.7 | R60: 73882 | S60: 16687.7 | T60: 3750 | U60: 1904.5 | V60: 3608.2 | W60: 872.9 | X60: 2924.6 | Y60: 3665.8 | Z60: 6027.4 | AA60: =SUM(Q60+S60+U60) -> 21630.9 | AB60: =AA60/M60 -> 0.55735952 | AE60: =AD60 -> 0 | AF60: =INDEX(Lookup!G$2:G$1349, MATCH($AE60, Lookup!$G$2:$G$1349,0)) -> #N/A | AG60: =INDEX(Lookup!F$2:F$1349, MATCH($AE60, Lookup!$G$2:$G$1349,0)) -> #N/A | AH60: =INDEX(Lookup!C$2:C$1349, MATCH($AE60, Lookup!$G$2:$G$1349,0)) -> #N/A | AI60: =INDEX(Lookup!D$2:D$1349, MATCH($AE60, Lookup!$G$2:$G$1349,0)) -> #N/A | AJ60: =INDEX(Lookup!E$2:E$1349, MATCH($AE60, Lookup!$G$2:$G$1349,0)) -> #N/A
A61: Cambridge | B61: 100250 | C61: 104.5 | D61: 44.6 | E61: 15.6 | F61: 26 | G61: 3 | I61: 168600 | J61: 167.1 | K61: 7519560 | L61: 0 | M61: 17223.1 | N61: 32726 | O61: 7940.3 | P61: 4462 | Q61: 534.5 | R61: 26271 | S61: 6409 | T61: 1969 | U61: 992.7 | V61: 2507 | W61: 713.7 | X61: 1356.4 | Y61: 1233.4 | Z61: 3482.3 | AA61: =SUM(Q61+S61+U61) -> 7936.2 | AB61: =AA61/M61 -> 0.46078813 | AC61: M.B. | AD61: =_xlfn.CONCAT(A61," ",AC61) -> Cambridge M.B. | AE61: =AD61 -> Cambridge M.B. | AF61: =INDEX(Lookup!G$2:G$1349, MATCH($AE61, Lookup!$G$2:$G$1349,0)) -> CAMBRIDGE M.B. | AG61: =INDEX(Lookup!F$2:F$1349, MATCH($AE61, Lookup!$G$2:$G$1349,0)) -> e040056 | AH61: =INDEX(Lookup!C$2:C$1349, MATCH($AE61, Lookup!$G$2:$G$1349,0)) -> Cambridgeshire | AI61: =INDEX(Lookup!D$2:D$1349, MATCH($AE61, Lookup!$G$2:$G$1349,0)) -> East of England | AJ61: =INDEX(Lookup!E$2:E$1349, MATCH($AE61, Lookup!$G$2:$G$1349,0)) -> Greater South East
