Workbook

Sheet Table A
A1: OG NAME | B1: EDITED NAME | C1: Total amount in the pound of the local rates 1955-56 | E1: Total amount in the pound of the local rates1956-57 | G1: Total amount in the pound of all the local rates levied during 1956 57 in the parish (or part of the parish) having the Highest rate in the pound | I1: Total amount in the pound of all the local rates levied during 1956 57 in the parish (or part of the parish) having the Lowest rate in the pound | K1: Estimated product of a penny general rate, 1956-1957 | L1: Rateable Value Valuation in force in April, 1956 | M1: Rateable Value Increase per cent (April, 1956, compared with April, 1955) | N1: Amount of rates estimated to be collected per head of population 1956-57 | P1: Amount of rates estimated to be collected per head of population Increase(+) or decrease(-) per cent (1956-57 compared with (1955-56) | Q1: Other heriditaments ratio | R1: Other heriditaments estimate | S1: Concat Name | T1: Type of authority | V1: 61 CODE | W1: 1971 CODE | X1: cty_81
C2: s | D2: d | E2: s | F2: d | G2: s | H2: d | I2: s | J2: d | K2: £ | L2: £ | M2: % | N2: £ | O2: s
A3: City of London | B3: City of London | C3: 18 | D3: 9 | E3: 11 | F3: 0 | K3: 56710 | L3: 14032286 | M3: 102.7 | N3: 1412 | O3: 19 | P3: 16 | Q3: ='Table H'!$J$400 -> 0.92034639 | R3: =Q3*L3 -> 12914564 | S3: City of London | T3: MB | V3: J04000321 | W3: e140370 | X3: =INDEX('Lookup 1961'!$C$2:$C$1300, MATCH(V3, 'Lookup 1961'!$A$2:$A$1300,0)) -> Inner London
A4: Battersea | B4: Battersea | C4: 21 | D4: 0 | E4: 14 | F4: 4 | K4: 6400 | L4: 1606495 | M4: 61.8 | N4: 10 | O4: 1 | P4: 10.4 | Q4: ='Table H'!$J$400 -> 0.92034639 | R4: =Q4*L4 -> 1478531.9 | S4: =_xlfn.CONCAT(B4," ",T4) -> Battersea MB | T4: MB | V4: =INDEX('Lookup 1961'!$A$2:$A$1300, MATCH(S4, 'Lookup 1961'!$B$2:$B$1300,0)) -> J04000102 | W4: =INDEX('Lookup 1961'!$F$2:$F$1300, MATCH(S4, 'Lookup 1961'!$B$2:$B$1300,0)) -> e140408 | X4: =INDEX('Lookup 1961'!$C$2:$C$1300, MATCH(V4, 'Lookup 1961'!$A$2:$A$1300,0)) -> Inner London
A5: Bermondsey | B5: Bermondsey | C5: 23 | D5: 6 | E5: 15 | F5: 6 | K5: 5550 | L5: 1402136 | M5: 104.0 | N5: 18 | O5: 9 | P5: 33.3 | Q5: ='Table H'!$J$400 -> 0.92034639 | R5: =Q5*L5 -> 1290450.8 | S5: =_xlfn.CONCAT(B5," ",T5) -> Bermondsey MB | T5: MB | V5: =INDEX('Lookup 1961'!$A$2:$A$1300, MATCH(S5, 'Lookup 1961'!$B$2:$B$1300,0)) -> J04000127 | W5: =INDEX('Lookup 1961'!$F$2:$F$1300, MATCH(S5, 'Lookup 1961'!$B$2:$B$1300,0)) -> e140402 | X5: =INDEX('Lookup 1961'!$C$2:$C$1300, MATCH(V5, 'Lookup 1961'!$A$2:$A$1300,0)) -> Inner London
A6: Bethnal Green | B6: Bethnal Green | C6: 23 | D6: 8 | E6: 16 | F6: 4 | K6: 2700 | L6: 704170 | M6: 57.8 | N6: 10 | O6: 11 | P6: 11.4 | Q6: ='Table H'!$J$400 -> 0.92034639 | R6: =Q6*L6 -> 648080.31 | S6: =_xlfn.CONCAT(B6," ",T6) -> Bethnal Green MB | T6: MB | V6: =INDEX('Lookup 1961'!$A$2:$A$1300, MATCH(S6, 'Lookup 1961'!$B$2:$B$1300,0)) -> J04000130 | W6: =INDEX('Lookup 1961'!$F$2:$F$1300, MATCH(S6, 'Lookup 1961'!$B$2:$B$1300,0)) -> e140405 | X6: =INDEX('Lookup 1961'!$C$2:$C$1300, MATCH(V6, 'Lookup 1961'!$A$2:$A$1300,0)) -> Inner London
A7: Camberwell | B7: Camberwell | C7: 19 | D7: 8 | E7: 14 | F7: 0 | K7: 9710 | L7: 2467129 | M7: 50.1 | N7: 9 | O7: 6 | P7: 3.5 | Q7: ='Table H'!$J$400 -> 0.92034639 | R7: =Q7*L7 -> 2270613.3 | S7: =_xlfn.CONCAT(B7," ",T7) -> Camberwell MB | T7: MB | V7: =INDEX('Lookup 1961'!$A$2:$A$1300, MATCH(S7, 'Lookup 1961'!$B$2:$B$1300,0)) -> J04000254 | W7: =INDEX('Lookup 1961'!$F$2:$F$1300, MATCH(S7, 'Lookup 1961'!$B$2:$B$1300,0)) -> e140402 | X7: =INDEX('Lookup 1961'!$C$2:$C$1300, MATCH(V7, 'Lookup 1961'!$A$2:$A$1300,0)) -> Inner London
A8: Chelsea | B8: Chelsea | C8: 19 | D8: 10 | E8: 14 | F8: 4 | K8: 7850 | L8: 2039636 | M8: 54.5 | N8: 26 | O8: 13 | P8: 8 | Q8: ='Table H'!$J$400 -> 0.92034639 | R8: =Q8*L8 -> 1877171.6 | S8: =_xlfn.CONCAT(B8," ",T8) -> Chelsea MB | T8: MB | V8: =INDEX('Lookup 1961'!$A$2:$A$1300, MATCH(S8, 'Lookup 1961'!$B$2:$B$1300,0)) -> J04000290 | W8: =INDEX('Lookup 1961'!$F$2:$F$1300, MATCH(S8, 'Lookup 1961'!$B$2:$B$1300,0)) -> e140392 | X8: =INDEX('Lookup 1961'!$C$2:$C$1300, MATCH(V8, 'Lookup 1961'!$A$2:$A$1300,0)) -> Inner London
A9: Deptford | B9: Deptford | C9: 20 | D9: 0 | E9: 14 | F9: 8 | K9: 3522 | L9: 912209 | M9: 53.6 | N9: 8 | O9: 17 | P9: 10.9 | Q9: ='Table H'!$J$400 -> 0.92034639 | R9: =Q9*L9 -> 839548.26 | S9: =_xlfn.CONCAT(B9," ",T9) -> Deptford MB | T9: MB | V9: =INDEX('Lookup 1961'!$A$2:$A$1300, MATCH(S9, 'Lookup 1961'!$B$2:$B$1300,0)) -> J04000399 | W9: =INDEX('Lookup 1961'!$F$2:$F$1300, MATCH(S9, 'Lookup 1961'!$B$2:$B$1300,0)) -> e140397 | X9: =INDEX('Lookup 1961'!$C$2:$C$1300, MATCH(V9, 'Lookup 1961'!$A$2:$A$1300,0)) -> Inner London
A10: Finsbury | B10: Finsbury | C10: 23 | D10: 0 | E10: 15 | F10: 0 | K10: 8900 | L10: 2296964 | M10: 124.5 | N10: 46 | O10: 5 | P10: 40.5 | Q10: ='Table H'!$J$400 -> 0.92034639 | R10: =Q10*L10 -> 2114002.5 | S10: =_xlfn.CONCAT(B10," ",T10) -> Finsbury MB | T10: MB | V10: =INDEX('Lookup 1961'!$A$2:$A$1300, MATCH(S10, 'Lookup 1961'!$B$2:$B$1300,0)) -> J04000504 | W10: =INDEX('Lookup 1961'!$F$2:$F$1300, MATCH(S10, 'Lookup 1961'!$B$2:$B$1300,0)) -> e140390 | X10: =INDEX('Lookup 1961'!$C$2:$C$1300, MATCH(V10, 'Lookup 1961'!$A$2:$A$1300,0)) -> Inner London
A11: Fulham | B11: Fulham | C11: 20 | D11: 6 | E11: 14 | F11: 0 | K11: 7200 | L11: 1853383 | M11: 56.2 | N11: 10 | O11: 9 | P11: 3.2 | Q11: ='Table H'!$J$400 -> 0.92034639 | R11: =Q11*L11 -> 1705754.3 | S11: =_xlfn.CONCAT(B11," ",T11) -> Fulham MB | T11: MB | V11: =INDEX('Lookup 1961'!$A$2:$A$1300, MATCH(S11, 'Lookup 1961'!$B$2:$B$1300,0)) -> J04000521 | W11: =INDEX('Lookup 1961'!$F$2:$F$1300, MATCH(S11, 'Lookup 1961'!$B$2:$B$1300,0)) -> e140384 | X11: =INDEX('Lookup 1961'!$C$2:$C$1300, MATCH(V11, 'Lookup 1961'!$A$2:$A$1300,0)) -> Inner London
A12: Greenwich | B12: Greenwich | C12: 20 | D12: 4 | E12: 13 | F12: 0 | K12: 5755 | L12: 1402911 | M12: 68.5 | N12: 10 | O12: 4 | P12: 8.9 | Q12: ='Table H'!$J$400 -> 0.92034639 | R12: =Q12*L12 -> 1291164.1 | S12: =_xlfn.CONCAT(B12," ",T12) -> Greenwich MB | T12: MB | V12: =INDEX('Lookup 1961'!$A$2:$A$1300, MATCH(S12, 'Lookup 1961'!$B$2:$B$1300,0)) -> J04000553 | W12: =INDEX('Lookup 1961'!$F$2:$F$1300, MATCH(S12, 'Lookup 1961'!$B$2:$B$1300,0)) -> e140381 | X12: =INDEX('Lookup 1961'!$C$2:$C$1300, MATCH(V12, 'Lookup 1961'!$A$2:$A$1300,0)) -> Inner London
A13: Hackney | B13: Hackney | C13: 20 | D13: 4 | E13: 13 | F13: 8 | K13: 9860 | L13: 2491633 | M13: 71.8 | N13: 9 | O13: 19 | P13: 14.2 | Q13: ='Table H'!$J$400 -> 0.92034639 | R13: =Q13*L13 -> 2293165.4 | S13: =_xlfn.CONCAT(B13," ",T13) -> Hackney MB | T13: MB | V13: =INDEX('Lookup 1961'!$A$2:$A$1300, MATCH(S13, 'Lookup 1961'!$B$2:$B$1300,0)) -> J04000560 | W13: =INDEX('Lookup 1961'!$F$2:$F$1300, MATCH(S13, 'Lookup 1961'!$B$2:$B$1300,0)) -> e140382 | X13: =INDEX('Lookup 1961'!$C$2:$C$1300, MATCH(V13, 'Lookup 1961'!$A$2:$A$1300,0)) -> Inner London
A14: Hammersmith | B14: Hammersmith | C14: 20 | D14: 4 | E14: 13 | F14: 2 | K14: 8900 | L14: 2218926 | M14: 70.7 | N14: 12 | O14: 9 | P14: 11.6 | Q14: ='Table H'!$J$400 -> 0.92034639 | R14: =Q14*L14 -> 2042180.5 | S14: =_xlfn.CONCAT(B14," ",T14) -> Hammersmith MB | T14: MB | V14: =INDEX('Lookup 1961'!$A$2:$A$1300, MATCH(S14, 'Lookup 1961'!$B$2:$B$1300,0)) -> J04000572 | W14: =INDEX('Lookup 1961'!$F$2:$F$1300, MATCH(S14, 'Lookup 1961'!$B$2:$B$1300,0)) -> e140384 | X14: =INDEX('Lookup 1961'!$C$2:$C$1300, MATCH(V14, 'Lookup 1961'!$A$2:$A$1300,0)) -> Inner London
A15: Hampstead | B15: Hampstead | C15: 20 | D15: 2 | E15: 13 | F15: 10 | K15: 8936 | L15: 2236845 | M15: 31.7 | N15: 15 | O15: 9 | P15: -10.4 | Q15: ='Table H'!$J$400 -> 0.92034639 | R15: =Q15*L15 -> 2058672.2 | S15: =_xlfn.CONCAT(B15," ",T15) -> Hampstead MB | T15: MB | V15: =INDEX('Lookup 1961'!$A$2:$A$1300, MATCH(S15, 'Lookup 1961'!$B$2:$B$1300,0)) -> J04000573 | W15: =INDEX('Lookup 1961'!$F$2:$F$1300, MATCH(S15, 'Lookup 1961'!$B$2:$B$1300,0)) -> e140376 | X15: =INDEX('Lookup 1961'!$C$2:$C$1300, MATCH(V15, 'Lookup 1961'!$A$2:$A$1300,0)) -> Inner London
... A25: Shoreditch | B25: Shoreditch | C25: 23 | D25: 0 | E25: 14 | F25: 8 | K25: 4100 | L25: 1058161 | M25: 64.9 | N25: 16 | O25: 10 | P25: 4.4 | Q25: ='Table H'!$J$400 -> 0.92034639 | R25: =Q25*L25 -> 973874.65 | S25: =_xlfn.CONCAT(B25," ",T25) -> Shoreditch MB | T25: MB | V25: =INDEX('Lookup 1961'!$A$2:$A$1300, MATCH(S25, 'Lookup 1961'!$B$2:$B$1300,0)) -> J04001138 | W25: =INDEX('Lookup 1961'!$F$2:$F$1300, MATCH(S25, 'Lookup 1961'!$B$2:$B$1300,0)) -> e140382 | X25: =INDEX('Lookup 1961'!$C$2:$C$1300, MATCH(V25, 'Lookup 1961'!$A$2:$A$1300,0)) -> Inner London
A26: Southwark: | B26: Southwark | X26: =INDEX('Lookup 1961'!$C$2:$C$1300, MATCH(V26, 'Lookup 1961'!$A$2:$A$1300,0)) -> #N/A
A27: Rating area of-- | B27: Rating area of | X27: =INDEX('Lookup 1961'!$C$2:$C$1300, MATCH(V27, 'Lookup 1961'!$A$2:$A$1300,0)) -> #N/A
A28: St. George-the-Martyr and Christchurch | B28: St. George-the-Martyr and Christchurch | C28: 21 | D28: 0 | E28: 14 | F28: 5 | S28: =_xlfn.CONCAT(B28," ",T28) -> St. George-the-Martyr and Christchurch MB | T28: MB | V28: =INDEX('Lookup 1961'!$A$2:$A$1300, MATCH(S28, 'Lookup 1961'!$B$2:$B$1300,0)) -> #N/A | W28: =INDEX('Lookup 1961'!$F$2:$F$1300, MATCH(S28, 'Lookup 1961'!$B$2:$B$1300,0)) -> #N/A | X28: =INDEX('Lookup 1961'!$C$2:$C$1300, MATCH(V28, 'Lookup 1961'!$A$2:$A$1300,0)) -> #N/A
A29: St. Mary, Newington | B29: Southwark | C29: 20 | D29: 10 | E29: 14 | F29: 3 | K29: 7330 | L29: 1871918 | M29: 74.2 | N29: 13 | O29: 17 | P29: 19 | Q29: ='Table H'!$J$400 -> 0.92034639 | R29: =Q29*L29 -> 1722813 | S29: =_xlfn.CONCAT(B29," ",T29) -> Southwark MB | T29: MB | V29: =INDEX('Lookup 1961'!$A$2:$A$1300, MATCH(S29, 'Lookup 1961'!$B$2:$B$1300,0)) -> J04001169 | W29: =INDEX('Lookup 1961'!$F$2:$F$1300, MATCH(S29, 'Lookup 1961'!$B$2:$B$1300,0)) -> e140402 | X29: =INDEX('Lookup 1961'!$C$2:$C$1300, MATCH(V29, 'Lookup 1961'!$A$2:$A$1300,0)) -> Inner London
A30: St. Saviour | B30: St. Saviour | C30: 20 | D30: 6 | E30: 14 | F30: 1 | S30: =_xlfn.CONCAT(B30," ",T30) -> St. Saviour MB | T30: MB | V30: =INDEX('Lookup 1961'!$A$2:$A$1300, MATCH(S30, 'Lookup 1961'!$B$2:$B$1300,0)) -> #N/A | W30: =INDEX('Lookup 1961'!$F$2:$F$1300, MATCH(S30, 'Lookup 1961'!$B$2:$B$1300,0)) -> #N/A | X30: =INDEX('Lookup 1961'!$C$2:$C$1300, MATCH(V30, 'Lookup 1961'!$A$2:$A$1300,0)) -> #N/A
A31: Stephney | B31: Stepney | C31: 23 | D31: 4 | E31: 15 | F31: 8 | K31: 8500 | L31: 2261525 | M31: 78.0 | N31: 17 | O31: 1 | P31: 16.2 | Q31: ='Table H'!$J$400 -> 0.92034639 | R31: =Q31*L31 -> 2081386.4 | S31: =_xlfn.CONCAT(B31," ",T31) -> Stepney MB | T31: MB | V31: =INDEX('Lookup 1961'!$A$2:$A$1300, MATCH(S31, 'Lookup 1961'!$B$2:$B$1300,0)) -> J04001206 | W31: =INDEX('Lookup 1961'!$F$2:$F$1300, MATCH(S31, 'Lookup 1961'!$B$2:$B$1300,0)) -> e140405 | X31: =INDEX('Lookup 1961'!$C$2:$C$1300, MATCH(V31, 'Lookup 1961'!$A$2:$A$1300,0)) -> Inner London
A32: Stoke Newington | B32: Stoke Newington | C32: 20 | D32: 6 | E32: 15 | F32: 4 | K32: 2700 | L32: 694646 | M32: 52.6 | N32: 10 | O32: 7 | P32: 14.7 | Q32: ='Table H'!$J$400 -> 0.92034639 | R32: =Q32*L32 -> 639314.94 | S32: =_xlfn.CONCAT(B32," ",T32) -> Stoke Newington MB | T32: MB | V32: =INDEX('Lookup 1961'!$A$2:$A$1300, MATCH(S32, 'Lookup 1961'!$B$2:$B$1300,0)) -> J04001212 | W32: =INDEX('Lookup 1961'!$F$2:$F$1300, MATCH(S32, 'Lookup 1961'!$B$2:$B$1300,0)) -> e140382 | X32: =INDEX('Lookup 1961'!$C$2:$C$1300, MATCH(V32, 'Lookup 1961'!$A$2:$A$1300,0)) -> Inner London
A33: Wandsworth | B33: Wandsworth | C33: 19 | D33: 0 | E33: 12 | F33: 8 | K33: 20900 | L33: 5344015 | M33: 53.7 | N33: 9 | O33: 19 | P33: 2.2 | Q33: ='Table H'!$J$400 -> 0.92034639 | R33: =Q33*L33 -> 4918344.9 | S33: =_xlfn.CONCAT(B33," ",T33) -> Wandsworth MB | T33: MB | V33: =INDEX('Lookup 1961'!$A$2:$A$1300, MATCH(S33, 'Lookup 1961'!$B$2:$B$1300,0)) -> J04001334 | W33: =INDEX('Lookup 1961'!$F$2:$F$1300, MATCH(S33, 'Lookup 1961'!$B$2:$B$1300,0)) -> e140408 | X33: =INDEX('Lookup 1961'!$C$2:$C$1300, MATCH(V33, 'Lookup 1961'!$A$2:$A$1300,0)) -> Inner London
A34: Westminster | B34: Westminster | C34: 17 | D34: 4 | E34: 10 | F34: 10 | K34: 91500 | L34: 22459277 | M34: 98.2 | N34: 128 | O34: 12 | P34: 31.5 | Q34: ='Table H'!$J$400 -> 0.92034639 | R34: =Q34*L34 -> 20670314 | S34: =_xlfn.CONCAT(B34," ",T34) -> Westminster MB | T34: MB | V34: =INDEX('Lookup 1961'!$A$2:$A$1300, MATCH(S34, 'Lookup 1961'!$B$2:$B$1300,0)) -> J04001391 | W34: =INDEX('Lookup 1961'!$F$2:$F$1300, MATCH(S34, 'Lookup 1961'!$B$2:$B$1300,0)) -> e140409 | X34: =INDEX('Lookup 1961'!$C$2:$C$1300, MATCH(V34, 'Lookup 1961'!$A$2:$A$1300,0)) -> Inner London
A35: City of Woolwich | B35: Woolwich | C35: 20 | D35: 11 | E35: 13 | F35: 6 | K35: 9827 | L35: 2421106 | M35: 90.8 | N35: 10 | O35: 19 | P35: 23.3 | Q35: ='Table H'!$J$400 -> 0.92034639 | R35: =Q35*L35 -> 2228256.2 | S35: =_xlfn.CONCAT(B35," ",T35) -> Woolwich MB | T35: MB | V35: =INDEX('Lookup 1961'!$A$2:$A$1300, MATCH(S35, 'Lookup 1961'!$B$2:$B$1300,0)) -> J04001449 | W35: =INDEX('Lookup 1961'!$F$2:$F$1300, MATCH(S35, 'Lookup 1961'!$B$2:$B$1300,0)) -> e140381 | X35: =INDEX('Lookup 1961'!$C$2:$C$1300, MATCH(V35, 'Lookup 1961'!$A$2:$A$1300,0)) -> Inner London
A36: Barnsley | B36: Barnsley | C36: 23 | D36: 3 | E36: 18 | F36: 6 | K36: 2703 | L36: 705970 | M36: 64 | N36: 8 | O36: 8 | P36: 31.7 | Q36: ='Table H'!J311 -> 0.92522487 | R36: =Q36*L36 -> 653181 | S36: =_xlfn.CONCAT(B36," ",T36) -> Barnsley CB | T36: CB | V36: =INDEX('Lookup 1961'!$A$2:$A$1300, MATCH(S36, 'Lookup 1961'!$B$2:$B$1300,0)) -> J04000087 | W36: =INDEX('Lookup 1961'!$F$2:$F$1300, MATCH(S36, 'Lookup 1961'!$B$2:$B$1300,0)) -> e461199 | X36: =INDEX('Lookup 1961'!$C$2:$C$1300, MATCH(V36, 'Lookup 1961'!$A$2:$A$1300,0)) -> South Yorkshire
A37: Barrow-in-Furness | B37: Barrow-in-Furness | C37: 25 | D37: 4 | E37: 19 | F37: 0 | K37: 2950 | L37: 734374 | M37: 61.6 | N37: 10 | O37: 10 | P37: 22.2 | Q37: ='Table H'!J312 -> 0.87674945 | R37: =Q37*L37 -> 643862 | S37: =_xlfn.CONCAT(B37," ",T37) -> Barrow-in-Furness CB | T37: CB | V37: =INDEX('Lookup 1961'!$A$2:$A$1300, MATCH(S37, 'Lookup 1961'!$B$2:$B$1300,0)) -> J04000092 | W37: =INDEX('Lookup 1961'!$F$2:$F$1300, MATCH(S37, 'Lookup 1961'!$B$2:$B$1300,0)) -> e200560 | X37: =INDEX('Lookup 1961'!$C$2:$C$1300, MATCH(V37, 'Lookup 1961'!$A$2:$A$1300,0)) -> Cumbria
A38: Bath | B38: Bath, city of | C38: 23 | D38: 4 | E38: 17 | F38: 0 | K38: 4480 | L38: 1145778 | M38: 63.6 | N38: 11 | O38: 9 | P38: 15.3 | Q38: ='Table H'!J313 -> 0.95866651 | R38: =Q38*L38 -> 1098419 | S38: =_xlfn.CONCAT(B38," ",T38) -> Bath, city of CB | T38: CB | V38: =INDEX('Lookup 1961'!$A$2:$A$1300, MATCH(S38, 'Lookup 1961'!$B$2:$B$1300,0)) -> J04000099 | W38: =INDEX('Lookup 1961'!$F$2:$F$1300, MATCH(S38, 'Lookup 1961'!$B$2:$B$1300,0)) -> e320902 | X38: =INDEX('Lookup 1961'!$C$2:$C$1300, MATCH(V38, 'Lookup 1961'!$A$2:$A$1300,0)) -> Avon
A39: Birkinhead | B39: Birkenhead | C39: 23 | D39: 6 | E39: 16 | F39: 3 | K39: 6045 | L39: 1559984 | M39: 46.1 | N39: 8 | O39: 12 | P39: 0.8 | Q39: ='Table H'!J314 -> 0.92126265 | R39: =Q39*L39 -> 1437155 | S39: =_xlfn.CONCAT(B39," ",T39) -> Birkenhead CB | T39: CB | V39: =INDEX('Lookup 1961'!$A$2:$A$1300, MATCH(S39, 'Lookup 1961'!$B$2:$B$1300,0)) -> J04000149 | W39: =INDEX('Lookup 1961'!$F$2:$F$1300, MATCH(S39, 'Lookup 1961'!$B$2:$B$1300,0)) -> e050068 | X39: =INDEX('Lookup 1961'!$C$2:$C$1300, MATCH(V39, 'Lookup 1961'!$A$2:$A$1300,0)) -> Merseyside
A40: Birmingham | B40: Birmingham, city of | C40: 25 | D40: 0 | E40: 18 | F40: 6 | K40: 61850 | L40: 16006667 | M40: 105.1 | N40: 12 | O40: 12 | P40: 48.7 | Q40: ='Table H'!J315 -> 0.89616789 | R40: =Q40*L40 -> 14344661 | S40: =_xlfn.CONCAT(B40," ",T40) -> Birmingham, city of CB | T40: CB | V40: =INDEX('Lookup 1961'!$A$2:$A$1300, MATCH(S40, 'Lookup 1961'!$B$2:$B$1300,0)) -> J04000150 | W40: =INDEX('Lookup 1961'!$F$2:$F$1300, MATCH(S40, 'Lookup 1961'!$B$2:$B$1300,0)) -> e391064 | X40: =INDEX('Lookup 1961'!$C$2:$C$1300, MATCH(V40, 'Lookup 1961'!$A$2:$A$1300,0)) -> West Midlands
A41: Blackburn | B41: Blackburn | C41: 25 | D41: 0 | E41: 19 | F41: 6 | K41: 4368 | L41: 1122356 | M41: 43.1 | N41: 9 | O41: 6 | P41: 9.5 | Q41: ='Table H'!J316 -> 0.90406074 | R41: =Q41*L41 -> 1014678 | S41: =_xlfn.CONCAT(B41," ",T41) -> Blackburn CB | T41: CB | V41: =INDEX('Lookup 1961'!$A$2:$A$1300, MATCH(S41, 'Lookup 1961'!$B$2:$B$1300,0)) -> J04000155 | W41: =INDEX('Lookup 1961'!$F$2:$F$1300, MATCH(S41, 'Lookup 1961'!$B$2:$B$1300,0)) -> e200561 | X41: =INDEX('Lookup 1961'!$C$2:$C$1300, MATCH(V41, 'Lookup 1961'!$A$2:$A$1300,0)) -> Lancashire
A42: Blackpool | B42: Blackpool | C42: 19 | D42: 0 | E42: 11 | F42: 6 | K42: 14000 | L42: 3518409 | M42: 86.6 | N42: 13 | O42: 10 | P42: 12.6 | Q42: ='Table H'!J317 -> 0.9795092 | R42: =Q42*L42 -> 3446314 | S42: =_xlfn.CONCAT(B42," ",T42) -> Blackpool CB | T42: CB | V42: =INDEX('Lookup 1961'!$A$2:$A$1300, MATCH(S42, 'Lookup 1961'!$B$2:$B$1300,0)) -> J04000157 | W42: =INDEX('Lookup 1961'!$F$2:$F$1300, MATCH(S42, 'Lookup 1961'!$B$2:$B$1300,0)) -> e200562 | X42: =INDEX('Lookup 1961'!$C$2:$C$1300, MATCH(V42, 'Lookup 1961'!$A$2:$A$1300,0)) -> Lancashire
A43: Bolton | B43: Bolton | C43: 25 | D43: 6 | E43: 18 | F43: 6 | K43: 7000 | L43: 1824305 | M43: 52.8 | N43: 9 | O43: 11 | P43: 6 | Q43: ='Table H'!J318 -> 0.88360444 | R43: =Q43*L43 -> 1611964 | S43: =_xlfn.CONCAT(B43," ",T43) -> Bolton CB | T43: CB | V43: =INDEX('Lookup 1961'!$A$2:$A$1300, MATCH(S43, 'Lookup 1961'!$B$2:$B$1300,0)) -> J04000173 | W43: =INDEX('Lookup 1961'!$F$2:$F$1300, MATCH(S43, 'Lookup 1961'!$B$2:$B$1300,0)) -> e200563 | X43: =INDEX('Lookup 1961'!$C$2:$C$1300, MATCH(V43, 'Lookup 1961'!$A$2:$A$1300,0)) -> Greater Manchester
A44: Bootle | B44: Bootle | C44: 24 | D44: 11 | E44: 21 | F44: 4 | K44: 3370 | L44: 871470 | M44: 47.7 | N44: 10 | O44: 15 | P44: 18.7 | Q44: ='Table H'!J319 -> 0.84939126 | R44: =Q44*L44 -> 740219 | S44: =_xlfn.CONCAT(B44," ",T44) -> Bootle CB | T44: CB | V44: =INDEX('Lookup 1961'!$A$2:$A$1300, MATCH(S44, 'Lookup 1961'!$B$2:$B$1300,0)) -> J04000174 | W44: =INDEX('Lookup 1961'!$F$2:$F$1300, MATCH(S44, 'Lookup 1961'!$B$2:$B$1300,0)) -> e200564 | X44: =INDEX('Lookup 1961'!$C$2:$C$1300, MATCH(V44, 'Lookup 1961'!$A$2:$A$1300,0)) -> Merseyside
A45: Bournemouth | B45: Bournemouth | C45: 15 | D45: 2 | E45: 10 | F45: 0 | K45: 15700 | L45: 3906018 | M45: 81.9 | N45: 13 | O45: 6 | P45: 16.9 | Q45: ='Table H'!J320 -> 0.98904204 | R45: =Q45*L45 -> 3863216 | S45: =_xlfn.CONCAT(B45," ",T45) -> Bournemouth CB | T45: CB | V45: =INDEX('Lookup 1961'!$A$2:$A$1300, MATCH(S45, 'Lookup 1961'!$B$2:$B$1300,0)) -> J04000179 | W45: =INDEX('Lookup 1961'!$F$2:$F$1300, MATCH(S45, 'Lookup 1961'!$B$2:$B$1300,0)) -> e150411 | X45: =INDEX('Lookup 1961'!$C$2:$C$1300, MATCH(V45, 'Lookup 1961'!$A$2:$A$1300,0)) -> Dorset
A46: Bradford | B46: Bradford, city of | C46: 26 | D46: 0 | E46: 18 | F46: 0 | K46: 12500 | L46: 3283834 | M46: 46.6 | N46: 9 | O46: 11 | P46: -2.7 | Q46: ='Table H'!J321 -> 0.89677462 | R46: =Q46*L46 -> 2944859 | S46: =_xlfn.CONCAT(B46," ",T46) -> Bradford, city of CB | T46: CB | V46: =INDEX('Lookup 1961'!$A$2:$A$1300, MATCH(S46, 'Lookup 1961'!$B$2:$B$1300,0)) -> J04000187 | W46: =INDEX('Lookup 1961'!$F$2:$F$1300, MATCH(S46, 'Lookup 1961'!$B$2:$B$1300,0)) -> e461200 | X46: =INDEX('Lookup 1961'!$C$2:$C$1300, MATCH(V46, 'Lookup 1961'!$A$2:$A$1300,0)) -> West Yorkshire
A47: Brighton | B47: Brighton | C47: 17 | D47: 4 | E47: 12 | F47: 3 | K47: 14397 | L47: 3712135 | M47: 72.3 | N47: 13 | O47: 19 | P47: 19.3 | Q47: ='Table H'!J322 -> 0.9740128 | R47: =Q47*L47 -> 3615667 | S47: =_xlfn.CONCAT(B47," ",T47) -> Brighton CB | T47: CB | V47: =INDEX('Lookup 1961'!$A$2:$A$1300, MATCH(S47, 'Lookup 1961'!$B$2:$B$1300,0)) -> J04000212 | W47: =INDEX('Lookup 1961'!$F$2:$F$1300, MATCH(S47, 'Lookup 1961'!$B$2:$B$1300,0)) -> e371029 | X47: =INDEX('Lookup 1961'!$C$2:$C$1300, MATCH(V47, 'Lookup 1961'!$A$2:$A$1300,0)) -> East Sussex
... A114: York | B114: York, city and county of | C114: 23 | D114: 0 | E114: 16 | F114: 6 | K114: 5100 | L114: 1265547 | M114: 62.3 | N114: 9 | O114: 18 | P114: 18.5 | Q114: ='Table H'!J389 -> 0.94092752 | R114: =Q114*L114 -> 1190788 | S114: =_xlfn.CONCAT(B114," ",T114) -> York, city and county of CB | T114: CB | V114: =INDEX('Lookup 1961'!$A$2:$A$1300, MATCH(S114, 'Lookup 1961'!$B$2:$B$1300,0)) -> J04001466 | W114: =INDEX('Lookup 1961'!$F$2:$F$1300, MATCH(S114, 'Lookup 1961'!$B$2:$B$1300,0)) -> e461209 | X114: =INDEX('Lookup 1961'!$C$2:$C$1300, MATCH(V114, 'Lookup 1961'!$A$2:$A$1300,0)) -> North Yorkshire
A115: BEDFORD: | B115: BEDFORD: | S115: =_xlfn.CONCAT(B115," ",T115) -> BEDFORD: | V115: =INDEX('Lookup 1961'!$A$2:$A$1300, MATCH(S115, 'Lookup 1961'!$B$2:$B$1300,0)) -> #N/A | W115: =INDEX('Lookup 1961'!$F$2:$F$1300, MATCH(S115, 'Lookup 1961'!$B$2:$B$1300,0)) -> #N/A | X115: =INDEX('Lookup 1961'!$C$2:$C$1300, MATCH(V115, 'Lookup 1961'!$A$2:$A$1300,0)) -> #N/A
A116: Non-County Boroughs- | B116: Non County Boroughs | S116: =_xlfn.CONCAT(B116," ",T116) -> Non County Boroughs | V116: =INDEX('Lookup 1961'!$A$2:$A$1300, MATCH(S116, 'Lookup 1961'!$B$2:$B$1300,0)) -> #N/A | W116: =INDEX('Lookup 1961'!$F$2:$F$1300, MATCH(S116, 'Lookup 1961'!$B$2:$B$1300,0)) -> #N/A | X116: =INDEX('Lookup 1961'!$C$2:$C$1300, MATCH(V116, 'Lookup 1961'!$A$2:$A$1300,0)) -> #N/A
A117: BEDFORD: | B117: BEDFORD | C117: 24 | D117: 10 | E117: 17 | F117: 6 | K117: 3390 | L117: 861278 | M117: 98.5 | N117: 13 | O117: 1 | P117: 37.8 | Q117: ='Table H'!$J$9 -> 0.91395918 | R117: =Q117*L117 -> 787172.93 | S117: =_xlfn.CONCAT(B117," ",T117) -> BEDFORD MB | T117: MB | V117: =INDEX('Lookup 1961'!$A$2:$A$1300, MATCH(S117, 'Lookup 1961'!$B$2:$B$1300,0)) -> J04000112 | W117: =INDEX('Lookup 1961'!$F$2:$F$1300, MATCH(S117, 'Lookup 1961'!$B$2:$B$1300,0)) -> e010002 | X117: =INDEX('Lookup 1961'!$C$2:$C$1300, MATCH(V117, 'Lookup 1961'!$A$2:$A$1300,0)) -> Bedfordshire
A118: Dunstable | B118: Dunstable | C118: 26 | D118: 8 | E118: 17 | F118: 4 | K118: 1045 | L118: 269517 | M118: 160 | N118: 11 | O118: 11 | P118: 53.9 | Q118: ='Table H'!$J$9 -> 0.91395918 | R118: =Q118*L118 -> 246327.54 | S118: =_xlfn.CONCAT(B118," ",T118) -> Dunstable MB | T118: MB | V118: =INDEX('Lookup 1961'!$A$2:$A$1300, MATCH(S118, 'Lookup 1961'!$B$2:$B$1300,0)) -> J04000437 | W118: =INDEX('Lookup 1961'!$F$2:$F$1300, MATCH(S118, 'Lookup 1961'!$B$2:$B$1300,0)) -> e010000 | X118: =INDEX('Lookup 1961'!$C$2:$C$1300, MATCH(V118, 'Lookup 1961'!$A$2:$A$1300,0)) -> Bedfordshire
A119: Luton | B119: Luton | C119: 24 | D119: 0 | E119: 17 | F119: 8 | K119: 7000 | L119: 1760507 | M119: 103.7 | N119: 13 | O119: 2 | P119: 45.3 | Q119: ='Table H'!$J$9 -> 0.91395918 | R119: =Q119*L119 -> 1609031.5 | S119: =_xlfn.CONCAT(B119," ",T119) -> Luton MB | T119: MB | V119: =INDEX('Lookup 1961'!$A$2:$A$1300, MATCH(S119, 'Lookup 1961'!$B$2:$B$1300,0)) -> J04000790 | W119: =INDEX('Lookup 1961'!$F$2:$F$1300, MATCH(S119, 'Lookup 1961'!$B$2:$B$1300,0)) -> e010000 | X119: =INDEX('Lookup 1961'!$C$2:$C$1300, MATCH(V119, 'Lookup 1961'!$A$2:$A$1300,0)) -> Bedfordshire
A120: Urban Districts- | B120: Urban Districts | S120: =_xlfn.CONCAT(B120," ",T120) -> Urban Districts | V120: =INDEX('Lookup 1961'!$A$2:$A$1300, MATCH(S120, 'Lookup 1961'!$B$2:$B$1300,0)) -> #N/A | W120: =INDEX('Lookup 1961'!$F$2:$F$1300, MATCH(S120, 'Lookup 1961'!$B$2:$B$1300,0)) -> #N/A | X120: =INDEX('Lookup 1961'!$C$2:$C$1300, MATCH(V120, 'Lookup 1961'!$A$2:$A$1300,0)) -> #N/A
A121: Ampthill | B121: Ampthill | C121: 26 | D121: 0 | E121: 18 | F121: 0 | K121: 142 | L121: 36519 | M121: 102.6 | N121: 10 | O121: 4 | P121: 33.9 | Q121: ='Table H'!$J$10 -> 0.91175862 | R121: =Q121*L121 -> 33296.513 | S121: =_xlfn.CONCAT(B121," ",T121) -> Ampthill UD | T121: UD | V121: =INDEX('Lookup 1961'!$A$2:$A$1300, MATCH(S121, 'Lookup 1961'!$B$2:$B$1300,0)) -> J04000042 | W121: =INDEX('Lookup 1961'!$F$2:$F$1300, MATCH(S121, 'Lookup 1961'!$B$2:$B$1300,0)) -> e010001 | X121: =INDEX('Lookup 1961'!$C$2:$C$1300, MATCH(V121, 'Lookup 1961'!$A$2:$A$1300,0)) -> Bedfordshire
A122: Biggleswade | B122: Biggleswade | C122: 27 | D122: 0 | E122: 18 | F122: 2 | K122: 353 | L122: 89503 | M122: 101.9 | N122: 10 | O122: 5 | P122: 29.6 | Q122: ='Table H'!$J$10 -> 0.91175862 | R122: =Q122*L122 -> 81605.131 | S122: =_xlfn.CONCAT(B122," ",T122) -> Biggleswade UD | T122: UD | V122: =INDEX('Lookup 1961'!$A$2:$A$1300, MATCH(S122, 'Lookup 1961'!$B$2:$B$1300,0)) -> J04000142 | W122: =INDEX('Lookup 1961'!$F$2:$F$1300, MATCH(S122, 'Lookup 1961'!$B$2:$B$1300,0)) -> e010003 | X122: =INDEX('Lookup 1961'!$C$2:$C$1300, MATCH(V122, 'Lookup 1961'!$A$2:$A$1300,0)) -> Bedfordshire
A123: Kempston | B123: Kempston | C123: 27 | D123: 0 | E123: 18 | F123: 0 | K123: 340 | L123: 88980 | M123: 119.6 | N123: 8 | O123: 6 | P123: 38.2 | Q123: ='Table H'!$J$10 -> 0.91175862 | R123: =Q123*L123 -> 81128.282 | S123: =_xlfn.CONCAT(B123," ",T123) -> Kempston UD | T123: UD | V123: =INDEX('Lookup 1961'!$A$2:$A$1300, MATCH(S123, 'Lookup 1961'!$B$2:$B$1300,0)) -> J04000681 | W123: =INDEX('Lookup 1961'!$F$2:$F$1300, MATCH(S123, 'Lookup 1961'!$B$2:$B$1300,0)) -> e010005 | X123: =INDEX('Lookup 1961'!$C$2:$C$1300, MATCH(V123, 'Lookup 1961'!$A$2:$A$1300,0)) -> Bedfordshire
A124: Leighton Buzzard | B124: Leighton Buzzard | C124: 27 | D124: 0 | E124: 18 | F124: 2 | K124: 446 | L124: 114992 | M124: 109.8 | N124: 10 | O124: 11 | P124: 38.1 | Q124: ='Table H'!$J$10 -> 0.91175862 | R124: =Q124*L124 -> 104844.95 | S124: =_xlfn.CONCAT(B124," ",T124) -> Leighton Buzzard UD | T124: UD | V124: =INDEX('Lookup 1961'!$A$2:$A$1300, MATCH(S124, 'Lookup 1961'!$B$2:$B$1300,0)) -> J04000733 | W124: =INDEX('Lookup 1961'!$F$2:$F$1300, MATCH(S124, 'Lookup 1961'!$B$2:$B$1300,0)) -> e010006 | X124: =INDEX('Lookup 1961'!$C$2:$C$1300, MATCH(V124, 'Lookup 1961'!$A$2:$A$1300,0)) -> Bedfordshire
A125: Sandy | B125: Sandy | C125: 22 | D125: 0 | E125: 17 | F125: 0 | K125: 142 | L125: 37056 | M125: 67.3 | N125: 7 | O125: 18 | P125: 30.2 | Q125: ='Table H'!$J$10 -> 0.91175862 | R125: =Q125*L125 -> 33786.127 | S125: =_xlfn.CONCAT(B125," ",T125) -> Sandy UD | T125: UD | V125: =INDEX('Lookup 1961'!$A$2:$A$1300, MATCH(S125, 'Lookup 1961'!$B$2:$B$1300,0)) -> J04001103 | W125: =INDEX('Lookup 1961'!$F$2:$F$1300, MATCH(S125, 'Lookup 1961'!$B$2:$B$1300,0)) -> e010007 | X125: =INDEX('Lookup 1961'!$C$2:$C$1300, MATCH(V125, 'Lookup 1961'!$A$2:$A$1300,0)) -> Bedfordshire
A126: BERKS: | B126: BERKS: | S126: =_xlfn.CONCAT(B126," ",T126) -> BERKS: | V126: =INDEX('Lookup 1961'!$A$2:$A$1300, MATCH(S126, 'Lookup 1961'!$B$2:$B$1300,0)) -> #N/A | W126: =INDEX('Lookup 1961'!$F$2:$F$1300, MATCH(S126, 'Lookup 1961'!$B$2:$B$1300,0)) -> #N/A | X126: =INDEX('Lookup 1961'!$C$2:$C$1300, MATCH(V126, 'Lookup 1961'!$A$2:$A$1300,0)) -> #N/A
A127: Non-County Boroughs- | B127: Non County Boroughs | S127: =_xlfn.CONCAT(B127," ",T127) -> Non County Boroughs | V127: =INDEX('Lookup 1961'!$A$2:$A$1300, MATCH(S127, 'Lookup 1961'!$B$2:$B$1300,0)) -> #N/A | W127: =INDEX('Lookup 1961'!$F$2:$F$1300, MATCH(S127, 'Lookup 1961'!$B$2:$B$1300,0)) -> #N/A | X127: =INDEX('Lookup 1961'!$C$2:$C$1300, MATCH(V127, 'Lookup 1961'!$A$2:$A$1300,0)) -> #N/A
A128: Abingdon | B128: Abingdon | C128: 25 | D128: 11 | E128: 16 | F128: 9 | K128: 700 | L128: 167806 | M128: 87.5 | N128: 11 | O128: 11 | P128: 19.9 | Q128: ='Table H'!$J$14 -> 0.94775772 | R128: =Q128*L128 -> 159039.43 | S128: =_xlfn.CONCAT(B128," ",T128) -> Abingdon MB | T128: MB | V128: =INDEX('Lookup 1961'!$A$2:$A$1300, MATCH(S128, 'Lookup 1961'!$B$2:$B$1300,0)) -> J04000011 | W128: =INDEX('Lookup 1961'!$F$2:$F$1300, MATCH(S128, 'Lookup 1961'!$B$2:$B$1300,0)) -> e020013 | X128: =INDEX('Lookup 1961'!$C$2:$C$1300, MATCH(V128, 'Lookup 1961'!$A$2:$A$1300,0)) -> Oxfordshire
A129: Maidenhead | B129: Maidenhead | C129: 23 | D129: 8 | E129: 16 | F129: 4 | K129: 1875 | L129: 458553 | M129: 84 | N129: 12 | O129: 9 | P129: 15.7 | Q129: ='Table H'!$J$14 -> 0.94775772 | R129: =Q129*L129 -> 434597.15 | S129: =_xlfn.CONCAT(B129," ",T129) -> Maidenhead MB | T129: MB | V129: =INDEX('Lookup 1961'!$A$2:$A$1300, MATCH(S129, 'Lookup 1961'!$B$2:$B$1300,0)) -> J04000808 | W129: =INDEX('Lookup 1961'!$F$2:$F$1300, MATCH(S129, 'Lookup 1961'!$B$2:$B$1300,0)) -> e020014 | X129: =INDEX('Lookup 1961'!$C$2:$C$1300, MATCH(V129, 'Lookup 1961'!$A$2:$A$1300,0)) -> Berkshire
A130: Newburry | B130: Newbury | C130: 23 | D130: 2 | E130: 14 | F130: 4 | K130: 1343 | L130: 329160 | M130: 133.3 | N130: 12 | O130: 9 | P130: 42.1 | Q130: ='Table H'!$J$14 -> 0.94775772 | R130: =Q130*L130 -> 311963.93 | S130: =_xlfn.CONCAT(B130," ",T130) -> Newbury MB | T130: MB | V130: =INDEX('Lookup 1961'!$A$2:$A$1300, MATCH(S130, 'Lookup 1961'!$B$2:$B$1300,0)) -> J04000896 | W130: =INDEX('Lookup 1961'!$F$2:$F$1300, MATCH(S130, 'Lookup 1961'!$B$2:$B$1300,0)) -> e020015 | X130: =INDEX('Lookup 1961'!$C$2:$C$1300, MATCH(V130, 'Lookup 1961'!$A$2:$A$1300,0)) -> Berkshire
A131: New Windsor | B131: New Windsor | C131: 22 | D131: 6 | E131: 16 | F131: 2 | K131: 1393 | L131: 343179 | M131: 64.8 | N131: 10 | O131: 13 | P131: 16.7 | Q131: ='Table H'!$J$14 -> 0.94775772 | R131: =Q131*L131 -> 325250.55 | S131: =_xlfn.CONCAT(B131," ",T131) -> New Windsor MB | T131: MB | V131: =INDEX('Lookup 1961'!$A$2:$A$1300, MATCH(S131, 'Lookup 1961'!$B$2:$B$1300,0)) -> J04000891 | W131: =INDEX('Lookup 1961'!$F$2:$F$1300, MATCH(S131, 'Lookup 1961'!$B$2:$B$1300,0)) -> e020016 | X131: =INDEX('Lookup 1961'!$C$2:$C$1300, MATCH(V131, 'Lookup 1961'!$A$2:$A$1300,0)) -> Berkshire
A132: Wallingford | B132: Wallingford | C132: 26 | D132: 4 | E132: 17 | F132: 1 | K132: 203 | L132: 50693 | M132: 76.1 | N132: 11 | O132: 11 | P132: 19.2 | Q132: ='Table H'!$J$14 -> 0.94775772 | R132: =Q132*L132 -> 48044.682 | S132: =_xlfn.CONCAT(B132," ",T132) -> Wallingford MB | T132: MB | V132: =INDEX('Lookup 1961'!$A$2:$A$1300, MATCH(S132, 'Lookup 1961'!$B$2:$B$1300,0)) -> J04001325 | W132: =INDEX('Lookup 1961'!$F$2:$F$1300, MATCH(S132, 'Lookup 1961'!$B$2:$B$1300,0)) -> e020017 | X132: =INDEX('Lookup 1961'!$C$2:$C$1300, MATCH(V132, 'Lookup 1961'!$A$2:$A$1300,0)) -> Oxfordshire
A133: Wokingham | B133: Wokingham | C133: 25 | D133: 2 | E133: 16 | F133: 6 | K133: 540 | L133: 134101 | M133: 95.6 | N133: 11 | O133: 6 | P133: 26.4 | Q133: ='Table H'!$J$14 -> 0.94775772 | R133: =Q133*L133 -> 127095.26 | S133: =_xlfn.CONCAT(B133," ",T133) -> Wokingham MB | T133: MB | V133: =INDEX('Lookup 1961'!$A$2:$A$1300, MATCH(S133, 'Lookup 1961'!$B$2:$B$1300,0)) -> J04001440 | W133: =INDEX('Lookup 1961'!$F$2:$F$1300, MATCH(S133, 'Lookup 1961'!$B$2:$B$1300,0)) -> e020019 | X133: =INDEX('Lookup 1961'!$C$2:$C$1300, MATCH(V133, 'Lookup 1961'!$A$2:$A$1300,0)) -> Berkshire
A134: Urban Districts- | B134: Urban Districts | S134: =_xlfn.CONCAT(B134," ",T134) -> Urban Districts | V134: =INDEX('Lookup 1961'!$A$2:$A$1300, MATCH(S134, 'Lookup 1961'!$B$2:$B$1300,0)) -> #N/A | W134: =INDEX('Lookup 1961'!$F$2:$F$1300, MATCH(S134, 'Lookup 1961'!$B$2:$B$1300,0)) -> #N/A | X134: =INDEX('Lookup 1961'!$C$2:$C$1300, MATCH(V134, 'Lookup 1961'!$A$2:$A$1300,0)) -> #N/A
A135: Wantage | B135: Wantage | C135: 23 | D135: 0 | E135: 15 | F135: 4 | K135: 220 | L135: 54652 | M135: 63.8 | N135: 7 | O135: 12 | P135: 13.9 | Q135: ='Table H'!J15 -> 0.98095221 | R135: =Q135*L135 -> 53611 | S135: =_xlfn.CONCAT(B135," ",T135) -> Wantage UD | T135: UD | V135: =INDEX('Lookup 1961'!$A$2:$A$1300, MATCH(S135, 'Lookup 1961'!$B$2:$B$1300,0)) -> J04001337 | W135: =INDEX('Lookup 1961'!$F$2:$F$1300, MATCH(S135, 'Lookup 1961'!$B$2:$B$1300,0)) -> e020018 | X135: =INDEX('Lookup 1961'!$C$2:$C$1300, MATCH(V135, 'Lookup 1961'!$A$2:$A$1300,0)) -> Oxfordshire
A136: BUCKINGHAM: | B136: BUCKINGHAM: | S136: =_xlfn.CONCAT(B136," ",T136) -> BUCKINGHAM: | V136: =INDEX('Lookup 1961'!$A$2:$A$1300, MATCH(S136, 'Lookup 1961'!$B$2:$B$1300,0)) -> #N/A | W136: =INDEX('Lookup 1961'!$F$2:$F$1300, MATCH(S136, 'Lookup 1961'!$B$2:$B$1300,0)) -> #N/A | X136: =INDEX('Lookup 1961'!$C$2:$C$1300, MATCH(V136, 'Lookup 1961'!$A$2:$A$1300,0)) -> #N/A
A137: Non-County Boroughs- | B137: Non County Boroughs | S137: =_xlfn.CONCAT(B137," ",T137) -> Non County Boroughs | V137: =INDEX('Lookup 1961'!$A$2:$A$1300, MATCH(S137, 'Lookup 1961'!$B$2:$B$1300,0)) -> #N/A | W137: =INDEX('Lookup 1961'!$F$2:$F$1300, MATCH(S137, 'Lookup 1961'!$B$2:$B$1300,0)) -> #N/A | X137: =INDEX('Lookup 1961'!$C$2:$C$1300, MATCH(V137, 'Lookup 1961'!$A$2:$A$1300,0)) -> #N/A
A138: Ayelesbury | B138: Aylesbury | C138: 26 | D138: 7 | E138: 18 | F138: 3 | K138: 1493 | L138: 373145 | M138: 81 | N138: 16 | O138: 0 | P138: 25.2 | Q138: ='Table H'!$J$19 -> 0.86064794 | R138: =Q138*L138 -> 321146.48 | S138: =_xlfn.CONCAT(B138," ",T138) -> Aylesbury MB | T138: MB | V138: =INDEX('Lookup 1961'!$A$2:$A$1300, MATCH(S138, 'Lookup 1961'!$B$2:$B$1300,0)) -> J04000065 | W138: =INDEX('Lookup 1961'!$F$2:$F$1300, MATCH(S138, 'Lookup 1961'!$B$2:$B$1300,0)) -> e030033 | X138: =INDEX('Lookup 1961'!$C$2:$C$1300, MATCH(V138, 'Lookup 1961'!$A$2:$A$1300,0)) -> Buckinghamshire
A139: Buckingham | B139: Buckingham | C139: 27 | D139: 0 | E139: 18 | F139: 5 | K139: 210 | L139: 50953 | M139: 93.7 | N139: 10 | O139: 11 | P139: 24.3 | Q139: ='Table H'!$J$19 -> 0.86064794 | R139: =Q139*L139 -> 43852.595 | S139: =_xlfn.CONCAT(B139," ",T139) -> Buckingham MB | T139: MB | V139: =INDEX('Lookup 1961'!$A$2:$A$1300, MATCH(S139, 'Lookup 1961'!$B$2:$B$1300,0)) -> J04000226 | W139: =INDEX('Lookup 1961'!$F$2:$F$1300, MATCH(S139, 'Lookup 1961'!$B$2:$B$1300,0)) -> e030036 | X139: =INDEX('Lookup 1961'!$C$2:$C$1300, MATCH(V139, 'Lookup 1961'!$A$2:$A$1300,0)) -> Buckinghamshire
A140: High Wycombe | B140: High Wycombe | C140: 24 | D140: 4 | E140: 15 | F140: 8 | K140: 3150 | L140: 795693 | M140: 106.7 | N140: 14 | O140: 5 | P140: 31.4 | Q140: ='Table H'!$J$19 -> 0.86064794 | R140: =Q140*L140 -> 684811.54 | S140: =_xlfn.CONCAT(B140," ",T140) -> High Wycombe MB | T140: MB | V140: =INDEX('Lookup 1961'!$A$2:$A$1300, MATCH(S140, 'Lookup 1961'!$B$2:$B$1300,0)) -> J04000621 | W140: =INDEX('Lookup 1961'!$F$2:$F$1300, MATCH(S140, 'Lookup 1961'!$B$2:$B$1300,0)) -> e030039 | X140: =INDEX('Lookup 1961'!$C$2:$C$1300, MATCH(V140, 'Lookup 1961'!$A$2:$A$1300,0)) -> Buckinghamshire
A141: Slough | B141: Slough | C141: 29 | D141: 5 | E141: 19 | F141: 0 | K141: 5475 | L141: 1362783 | M141: 113.9 | N141: 19 | O141: 1 | P141: 37.4 | Q141: ='Table H'!$J$19 -> 0.86064794 | R141: =Q141*L141 -> 1172876.4 | S141: =_xlfn.CONCAT(B141," ",T141) -> Slough MB | T141: MB | V141: =INDEX('Lookup 1961'!$A$2:$A$1300, MATCH(S141, 'Lookup 1961'!$B$2:$B$1300,0)) -> J04001150 | W141: =INDEX('Lookup 1961'!$F$2:$F$1300, MATCH(S141, 'Lookup 1961'!$B$2:$B$1300,0)) -> e030043 | X141: =INDEX('Lookup 1961'!$C$2:$C$1300, MATCH(V141, 'Lookup 1961'!$A$2:$A$1300,0)) -> Berkshire
A142: Urban Districts- | B142: Urban Districts | S142: =_xlfn.CONCAT(B142," ",T142) -> Urban Districts | V142: =INDEX('Lookup 1961'!$A$2:$A$1300, MATCH(S142, 'Lookup 1961'!$B$2:$B$1300,0)) -> #N/A | W142: =INDEX('Lookup 1961'!$F$2:$F$1300, MATCH(S142, 'Lookup 1961'!$B$2:$B$1300,0)) -> #N/A | X142: =INDEX('Lookup 1961'!$C$2:$C$1300, MATCH(V142, 'Lookup 1961'!$A$2:$A$1300,0)) -> #N/A
A143: Beaconsfield | B143: Beaconsfield | C143: 24 | D143: 4 | E143: 16 | F143: 0 | K143: 640 | L143: 162480 | M143: 69.5 | N143: 14 | O143: 18 | P143: 8.8 | Q143: ='Table H'!$J$20 -> 0.93541691 | R143: =Q143*L143 -> 151986.54 | S143: =_xlfn.CONCAT(B143," ",T143) -> Beaconsfield UD | T143: UD | V143: =INDEX('Lookup 1961'!$A$2:$A$1300, MATCH(S143, 'Lookup 1961'!$B$2:$B$1300,0)) -> J04000104 | W143: =INDEX('Lookup 1961'!$F$2:$F$1300, MATCH(S143, 'Lookup 1961'!$B$2:$B$1300,0)) -> e030034 | X143: =INDEX('Lookup 1961'!$C$2:$C$1300, MATCH(V143, 'Lookup 1961'!$A$2:$A$1300,0)) -> Buckinghamshire
A144: Bletchley | B144: Bletchley | C144: 27 | D144: 0 | E144: 17 | F144: 6 | K144: 800 | L144: 200672 | M144: 156.9 | N144: 13 | O144: 19 | P144: 65.1 | Q144: ='Table H'!$J$20 -> 0.93541691 | R144: =Q144*L144 -> 187711.98 | S144: =_xlfn.CONCAT(B144," ",T144) -> Bletchley UD | T144: UD | V144: =INDEX('Lookup 1961'!$A$2:$A$1300, MATCH(S144, 'Lookup 1961'!$B$2:$B$1300,0)) -> J04000164 | W144: =INDEX('Lookup 1961'!$F$2:$F$1300, MATCH(S144, 'Lookup 1961'!$B$2:$B$1300,0)) -> e030035 | X144: =INDEX('Lookup 1961'!$C$2:$C$1300, MATCH(V144, 'Lookup 1961'!$A$2:$A$1300,0)) -> Buckinghamshire
A145: Chesham | B145: Chesham | C145: 24 | D145: 6 | E145: 16 | F145: 2 | K145: 703 | L145: 176347 | M145: 104.3 | N145: 11 | O145: 7 | P145: 27.7 | Q145: ='Table H'!$J$20 -> 0.93541691 | R145: =Q145*L145 -> 164957.97 | S145: =_xlfn.CONCAT(B145," ",T145) -> Chesham UD | T145: UD | V145: =INDEX('Lookup 1961'!$A$2:$A$1300, MATCH(S145, 'Lookup 1961'!$B$2:$B$1300,0)) -> J04000296 | W145: =INDEX('Lookup 1961'!$F$2:$F$1300, MATCH(S145, 'Lookup 1961'!$B$2:$B$1300,0)) -> e030037 | X145: =INDEX('Lookup 1961'!$C$2:$C$1300, MATCH(V145, 'Lookup 1961'!$A$2:$A$1300,0)) -> Buckinghamshire
A146: Eton | B146: Eton | C146: 23 | D146: 8 | E146: 16 | F146: 4 | K146: 282 | L146: 73068 | M146: 54.8 | N146: 12 | O146: 3 | P146: 7 | Q146: ='Table H'!$J$20 -> 0.93541691 | R146: =Q146*L146 -> 68349.043 | S146: =_xlfn.CONCAT(B146," ",T146) -> Eton UD | T146: UD | V146: =INDEX('Lookup 1961'!$A$2:$A$1300, MATCH(S146, 'Lookup 1961'!$B$2:$B$1300,0)) -> J04000483 | W146: =INDEX('Lookup 1961'!$F$2:$F$1300, MATCH(S146, 'Lookup 1961'!$B$2:$B$1300,0)) -> e030038 | X146: =INDEX('Lookup 1961'!$C$2:$C$1300, MATCH(V146, 'Lookup 1961'!$A$2:$A$1300,0)) -> Berkshire
A147: Linslade | B147: Linslade | C147: 27 | D147: 0 | E147: 17 | F147: 10 | K147: 170 | L147: 44363 | M147: 104.1 | N147: 10 | O147: 12 | P147: 30.9 | Q147: ='Table H'!$J$20 -> 0.93541691 | R147: =Q147*L147 -> 41497.9 | S147: =_xlfn.CONCAT(B147," ",T147) -> Linslade UD | T147: UD | V147: =INDEX('Lookup 1961'!$A$2:$A$1300, MATCH(S147, 'Lookup 1961'!$B$2:$B$1300,0)) -> J04000747 | W147: =INDEX('Lookup 1961'!$F$2:$F$1300, MATCH(S147, 'Lookup 1961'!$B$2:$B$1300,0)) -> e010006 | X147: =INDEX('Lookup 1961'!$C$2:$C$1300, MATCH(V147, 'Lookup 1961'!$A$2:$A$1300,0)) -> Bedfordshire
A148: Marlow | B148: Marlow | C148: 27 | D148: 0 | E148: 18 | F148: 0 | K148: 400 | L148: 103509 | M148: 91.3 | N148: 12 | O148: 19 | P148: 20.2 | Q148: ='Table H'!$J$20 -> 0.93541691 | R148: =Q148*L148 -> 96824.069 | S148: =_xlfn.CONCAT(B148," ",T148) -> Marlow UD | T148: UD | V148: =INDEX('Lookup 1961'!$A$2:$A$1300, MATCH(S148, 'Lookup 1961'!$B$2:$B$1300,0)) -> J04000834 | W148: =INDEX('Lookup 1961'!$F$2:$F$1300, MATCH(S148, 'Lookup 1961'!$B$2:$B$1300,0)) -> e030040 | X148: =INDEX('Lookup 1961'!$C$2:$C$1300, MATCH(V148, 'Lookup 1961'!$A$2:$A$1300,0)) -> Buckinghamshire
A149: Newport Pagnell | B149: Newport Pagnell | C149: 28 | D149: 0 | E149: 18 | F149: 2 | K149: 202 | L149: 51015 | M149: 104.3 | N149: 10 | O149: 8 | P149: 31.3 | Q149: ='Table H'!$J$20 -> 0.93541691 | R149: =Q149*L149 -> 47720.294 | S149: =_xlfn.CONCAT(B149," ",T149) -> Newport Pagnell UD | T149: UD | V149: =INDEX('Lookup 1961'!$A$2:$A$1300, MATCH(S149, 'Lookup 1961'!$B$2:$B$1300,0)) -> J04000910 | W149: =INDEX('Lookup 1961'!$F$2:$F$1300, MATCH(S149, 'Lookup 1961'!$B$2:$B$1300,0)) -> e030041 | X149: =INDEX('Lookup 1961'!$C$2:$C$1300, MATCH(V149, 'Lookup 1961'!$A$2:$A$1300,0)) -> Buckinghamshire
A150: Wolverton | B150: Wolverton | C150: 30 | D150: 0 | E150: 20 | F150: 6 | K150: 586 | L150: 145809 | M150: 96.6 | N150: 10 | O150: 18 | P150: 33.9 | Q150: ='Table H'!$J$20 -> 0.93541691 | R150: =Q150*L150 -> 136392.2 | S150: =_xlfn.CONCAT(B150," ",T150) -> Wolverton UD | T150: UD | V150: =INDEX('Lookup 1961'!$A$2:$A$1300, MATCH(S150, 'Lookup 1961'!$B$2:$B$1300,0)) -> J04001443 | W150: =INDEX('Lookup 1961'!$F$2:$F$1300, MATCH(S150, 'Lookup 1961'!$B$2:$B$1300,0)) -> e030044 | X150: =INDEX('Lookup 1961'!$C$2:$C$1300, MATCH(V150, 'Lookup 1961'!$A$2:$A$1300,0)) -> Buckinghamshire
A151: CAMBRIDGE: | B151: CAMBRIDGE: | S151: =_xlfn.CONCAT(B151," ",T151) -> CAMBRIDGE: | V151: =INDEX('Lookup 1961'!$A$2:$A$1300, MATCH(S151, 'Lookup 1961'!$B$2:$B$1300,0)) -> #N/A | W151: =INDEX('Lookup 1961'!$F$2:$F$1300, MATCH(S151, 'Lookup 1961'!$B$2:$B$1300,0)) -> #N/A | X151: =INDEX('Lookup 1961'!$C$2:$C$1300, MATCH(V151, 'Lookup 1961'!$A$2:$A$1300,0)) -> #N/A
A152: Non-County Boroughs- | B152: Non County Boroughs | S152: =_xlfn.CONCAT(B152," ",T152) -> Non County Boroughs | V152: =INDEX('Lookup 1961'!$A$2:$A$1300, MATCH(S152, 'Lookup 1961'!$B$2:$B$1300,0)) -> #N/A | W152: =INDEX('Lookup 1961'!$F$2:$F$1300, MATCH(S152, 'Lookup 1961'!$B$2:$B$1300,0)) -> #N/A | X152: =INDEX('Lookup 1961'!$C$2:$C$1300, MATCH(V152, 'Lookup 1961'!$A$2:$A$1300,0)) -> #N/A
A153: Cambridge | B153: Cambridge, city of | C153: 24 | D153: 4 | E153: 18 | F153: 10 | K153: 6200 | L153: 1851681 | M153: 135.6 | N153: 15 | O153: 10 | P153: 49.9 | Q153: ='Table H'!$J$24 -> 0.96589531 | R153: =Q153*L153 -> 1788530 | S153: =_xlfn.CONCAT(B153," ",T153) -> Cambridge, city of MB | T153: MB | V153: =INDEX('Lookup 1961'!$A$2:$A$1300, MATCH(S153, 'Lookup 1961'!$B$2:$B$1300,0)) -> J04000256 | W153: =INDEX('Lookup 1961'!$F$2:$F$1300, MATCH(S153, 'Lookup 1961'!$B$2:$B$1300,0)) -> e040056 | X153: =INDEX('Lookup 1961'!$C$2:$C$1300, MATCH(V153, 'Lookup 1961'!$A$2:$A$1300,0)) -> Cambridgeshire
A154: CHESTER: | B154: CHESTER: | S154: =_xlfn.CONCAT(B154," ",T154) -> CHESTER: | V154: =INDEX('Lookup 1961'!$A$2:$A$1300, MATCH(S154, 'Lookup 1961'!$B$2:$B$1300,0)) -> #N/A | W154: =INDEX('Lookup 1961'!$F$2:$F$1300, MATCH(S154, 'Lookup 1961'!$B$2:$B$1300,0)) -> #N/A | X154: =INDEX('Lookup 1961'!$C$2:$C$1300, MATCH(V154, 'Lookup 1961'!$A$2:$A$1300,0)) -> #N/A
A155: Non-County Boroughs- | B155: Non County Boroughs | S155: =_xlfn.CONCAT(B155," ",T155) -> Non County Boroughs | V155: =INDEX('Lookup 1961'!$A$2:$A$1300, MATCH(S155, 'Lookup 1961'!$B$2:$B$1300,0)) -> #N/A | W155: =INDEX('Lookup 1961'!$F$2:$F$1300, MATCH(S155, 'Lookup 1961'!$B$2:$B$1300,0)) -> #N/A | X155: =INDEX('Lookup 1961'!$C$2:$C$1300, MATCH(V155, 'Lookup 1961'!$A$2:$A$1300,0)) -> #N/A
A156: Altrincham | B156: Altrincham | C156: 22 | D156: 8 | E156: 16 | F156: 0 | K156: 2127 | L156: 527306 | M156: 60.1 | N156: 10 | O156: 2 | P156: 10.1 | Q156: ='Table H'!$J$28 -> 0.84255267 | R156: =Q156*L156 -> 444283.08 | S156: =_xlfn.CONCAT(B156," ",T156) -> Altrincham MB | T156: MB | V156: =INDEX('Lookup 1961'!$A$2:$A$1300, MATCH(S156, 'Lookup 1961'!$B$2:$B$1300,0)) -> J04000034 | W156: =INDEX('Lookup 1961'!$F$2:$F$1300, MATCH(S156, 'Lookup 1961'!$B$2:$B$1300,0)) -> e050074 | X156: =INDEX('Lookup 1961'!$C$2:$C$1300, MATCH(V156, 'Lookup 1961'!$A$2:$A$1300,0)) -> Greater Manchester
A157: Bebington | B157: Bebington | C157: 22 | D157: 10 | E157: 15 | F157: 9 | K157: 2870 | L157: 704288 | M157: 67.3 | N157: 10 | O157: 19 | P157: 12 | Q157: ='Table H'!$J$28 -> 0.84255267 | R157: =Q157*L157 -> 593399.73 | S157: =_xlfn.CONCAT(B157," ",T157) -> Bebington MB | T157: MB | V157: =INDEX('Lookup 1961'!$A$2:$A$1300, MATCH(S157, 'Lookup 1961'!$B$2:$B$1300,0)) -> J04000107 | W157: =INDEX('Lookup 1961'!$F$2:$F$1300, MATCH(S157, 'Lookup 1961'!$B$2:$B$1300,0)) -> e050075 | X157: =INDEX('Lookup 1961'!$C$2:$C$1300, MATCH(V157, 'Lookup 1961'!$A$2:$A$1300,0)) -> Merseyside
A158: Congleton | B158: Congleton | C158: 26 | D158: 0 | E158: 17 | F158: 10 | K158: 608 | L158: 155562 | M158: 74.8 | N158: 8 | O158: 0 | P158: 16 | Q158: ='Table H'!$J$28 -> 0.84255267 | R158: =Q158*L158 -> 131069.18 | S158: =_xlfn.CONCAT(B158," ",T158) -> Congleton MB | T158: MB | V158: =INDEX('Lookup 1961'!$A$2:$A$1300, MATCH(S158, 'Lookup 1961'!$B$2:$B$1300,0)) -> J04000341 | W158: =INDEX('Lookup 1961'!$F$2:$F$1300, MATCH(S158, 'Lookup 1961'!$B$2:$B$1300,0)) -> e050080 | X158: =INDEX('Lookup 1961'!$C$2:$C$1300, MATCH(V158, 'Lookup 1961'!$A$2:$A$1300,0)) -> Cheshire
A159: Crewe | B159: Crewe | C159: 27 | D159: 0 | E159: 18 | F159: 2 | K159: 2050 | L159: 513888 | M159: 75.8 | N159: 8 | O159: 17 | P159: 18.3 | Q159: ='Table H'!$J$28 -> 0.84255267 | R159: =Q159*L159 -> 432977.7 | S159: =_xlfn.CONCAT(B159," ",T159) -> Crewe MB | T159: MB | V159: =INDEX('Lookup 1961'!$A$2:$A$1300, MATCH(S159, 'Lookup 1961'!$B$2:$B$1300,0)) -> J04000361 | W159: =INDEX('Lookup 1961'!$F$2:$F$1300, MATCH(S159, 'Lookup 1961'!$B$2:$B$1300,0)) -> e050081 | X159: =INDEX('Lookup 1961'!$C$2:$C$1300, MATCH(V159, 'Lookup 1961'!$A$2:$A$1300,0)) -> Cheshire
A160: Dukinfield | B160: Dukinfield | C160: 24 | D160: 0 | E160: 17 | F160: 9 | K160: 608 | L160: 156085 | M160: 77.7 | N160: 6 | O160: 18 | P160: 27.1 | Q160: ='Table H'!$J$28 -> 0.84255267 | R160: =Q160*L160 -> 131509.83 | S160: =_xlfn.CONCAT(B160," ",T160) -> Dukinfield MB | T160: MB | V160: =INDEX('Lookup 1961'!$A$2:$A$1300, MATCH(S160, 'Lookup 1961'!$B$2:$B$1300,0)) -> J04000434 | W160: =INDEX('Lookup 1961'!$F$2:$F$1300, MATCH(S160, 'Lookup 1961'!$B$2:$B$1300,0)) -> e050082 | X160: =INDEX('Lookup 1961'!$C$2:$C$1300, MATCH(V160, 'Lookup 1961'!$A$2:$A$1300,0)) -> Greater Manchester
A161: Ellesmere Port | B161: Ellesmere Port | C161: 24 | D161: 0 | E161: 15 | F161: 3 | K161: 2920 | L161: 725089 | M161: 163.2 | N161: 14 | O161: 5 | P161: 55.6 | Q161: ='Table H'!$J$28 -> 0.84255267 | R161: =Q161*L161 -> 610925.67 | S161: =_xlfn.CONCAT(B161," ",T161) -> Ellesmere Port MB | T161: MB | V161: =INDEX('Lookup 1961'!$A$2:$A$1300, MATCH(S161, 'Lookup 1961'!$B$2:$B$1300,0)) -> J04000467 | W161: =INDEX('Lookup 1961'!$F$2:$F$1300, MATCH(S161, 'Lookup 1961'!$B$2:$B$1300,0)) -> e050083 | X161: =INDEX('Lookup 1961'!$C$2:$C$1300, MATCH(V161, 'Lookup 1961'!$A$2:$A$1300,0)) -> Cheshire
A162: Hyde | B162: Hyde | C162: 26 | D162: 10 | E162: 20 | F162: 6 | K162: 1175 | L162: 294512 | M162: 49.7 | N162: 9 | O162: 5 | P162: 15.4 | Q162: ='Table H'!$J$28 -> 0.84255267 | R162: =Q162*L162 -> 248141.87 | S162: =_xlfn.CONCAT(B162," ",T162) -> Hyde MB | T162: MB | V162: =INDEX('Lookup 1961'!$A$2:$A$1300, MATCH(S162, 'Lookup 1961'!$B$2:$B$1300,0)) -> J04000663 | W162: =INDEX('Lookup 1961'!$F$2:$F$1300, MATCH(S162, 'Lookup 1961'!$B$2:$B$1300,0)) -> e050087 | X162: =INDEX('Lookup 1961'!$C$2:$C$1300, MATCH(V162, 'Lookup 1961'!$A$2:$A$1300,0)) -> Greater Manchester
A163: Macclesfield | B163: Macclesfield | C163: 29 | D163: 6 | E163: 21 | F163: 9 | K163: 1495 | L163: 376441 | M163: 63 | N163: 11 | O163: 1 | P163: 24.6 | Q163: ='Table H'!$J$28 -> 0.84255267 | R163: =Q163*L163 -> 317171.37 | S163: =_xlfn.CONCAT(B163," ",T163) -> Macclesfield MB | T163: MB | V163: =INDEX('Lookup 1961'!$A$2:$A$1300, MATCH(S163, 'Lookup 1961'!$B$2:$B$1300,0)) -> J04000801 | W163: =INDEX('Lookup 1961'!$F$2:$F$1300, MATCH(S163, 'Lookup 1961'!$B$2:$B$1300,0)) -> e050091 | X163: =INDEX('Lookup 1961'!$C$2:$C$1300, MATCH(V163, 'Lookup 1961'!$A$2:$A$1300,0)) -> Cheshire
A164: Sale | B164: Sale | C164: 22 | D164: 6 | E164: 16 | F164: 0 | K164: 2275 | L164: 575583 | M164: 60.1 | N164: 9 | O164: 15 | P164: 10 | Q164: ='Table H'!$J$28 -> 0.84255267 | R164: =Q164*L164 -> 484958.99 | S164: =_xlfn.CONCAT(B164," ",T164) -> Sale MB | T164: MB | V164: =INDEX('Lookup 1961'!$A$2:$A$1300, MATCH(S164, 'Lookup 1961'!$B$2:$B$1300,0)) -> J04001093 | W164: =INDEX('Lookup 1961'!$F$2:$F$1300, MATCH(S164, 'Lookup 1961'!$B$2:$B$1300,0)) -> e050100 | X164: =INDEX('Lookup 1961'!$C$2:$C$1300, MATCH(V164, 'Lookup 1961'!$A$2:$A$1300,0)) -> Greater Manchester
A165: Stalybridge | B165: Stalybridge | C165: 27 | D165: 2 | E165: 20 | F165: 6 | K165: 698 | L165: 177281 | M165: 53.9 | N165: 7 | O165: 17 | P165: 21.7 | Q165: ='Table H'!$J$28 -> 0.84255267 | R165: =Q165*L165 -> 149368.58 | S165: =_xlfn.CONCAT(B165," ",T165) -> Stalybridge MB | T165: MB | V165: =INDEX('Lookup 1961'!$A$2:$A$1300, MATCH(S165, 'Lookup 1961'!$B$2:$B$1300,0)) -> J04001199 | W165: =INDEX('Lookup 1961'!$F$2:$F$1300, MATCH(S165, 'Lookup 1961'!$B$2:$B$1300,0)) -> e050102 | X165: =INDEX('Lookup 1961'!$C$2:$C$1300, MATCH(V165, 'Lookup 1961'!$A$2:$A$1300,0)) -> Greater Manchester
A166: Urban Districts- | B166: Urban Districts | S166: =_xlfn.CONCAT(B166," ",T166) -> Urban Districts | V166: =INDEX('Lookup 1961'!$A$2:$A$1300, MATCH(S166, 'Lookup 1961'!$B$2:$B$1300,0)) -> #N/A | W166: =INDEX('Lookup 1961'!$F$2:$F$1300, MATCH(S166, 'Lookup 1961'!$B$2:$B$1300,0)) -> #N/A | X166: =INDEX('Lookup 1961'!$C$2:$C$1300, MATCH(V166, 'Lookup 1961'!$A$2:$A$1300,0)) -> #N/A
A167: Alderley Edge | B167: Alderley Edge | C167: 21 | D167: 0 | E167: 14 | F167: 4 | K167: 216 | L167: 54438 | M167: 46.7 | N167: 10 | O167: 3 | P167: 0.4 | Q167: ='Table H'!$J$29 -> 0.90154646 | R167: =Q167*L167 -> 49078.386 | S167: =_xlfn.CONCAT(B167," ",T167) -> Alderley Edge UD | T167: UD | V167: =INDEX('Lookup 1961'!$A$2:$A$1300, MATCH(S167, 'Lookup 1961'!$B$2:$B$1300,0)) -> J04000022 | W167: =INDEX('Lookup 1961'!$F$2:$F$1300, MATCH(S167, 'Lookup 1961'!$B$2:$B$1300,0)) -> e050072 | X167: =INDEX('Lookup 1961'!$C$2:$C$1300, MATCH(V167, 'Lookup 1961'!$A$2:$A$1300,0)) -> Cheshire
A168: Alsager | B168: Alsager | C168: 23 | D168: 6 | E168: 16 | F168: 0 | K168: 244 | L168: 65018 | M168: 78.5 | N168: 8 | O168: 13 | P168: 23.7 | Q168: ='Table H'!$J$29 -> 0.90154646 | R168: =Q168*L168 -> 58616.748 | S168: =_xlfn.CONCAT(B168," ",T168) -> Alsager UD | T168: UD | V168: =INDEX('Lookup 1961'!$A$2:$A$1300, MATCH(S168, 'Lookup 1961'!$B$2:$B$1300,0)) -> J04000030 | W168: =INDEX('Lookup 1961'!$F$2:$F$1300, MATCH(S168, 'Lookup 1961'!$B$2:$B$1300,0)) -> e050073 | X168: =INDEX('Lookup 1961'!$C$2:$C$1300, MATCH(V168, 'Lookup 1961'!$A$2:$A$1300,0)) -> Cheshire
A169: Bollington | B169: Bollington | C169: 26 | D169: 6 | E169: 19 | F169: 0 | K169: 174 | L169: 45781 | M169: 60.3 | N169: 7 | O169: 16 | P169: 12.2 | Q169: ='Table H'!$J$29 -> 0.90154646 | R169: =Q169*L169 -> 41273.698 | S169: =_xlfn.CONCAT(B169," ",T169) -> Bollington UD | T169: UD | V169: =INDEX('Lookup 1961'!$A$2:$A$1300, MATCH(S169, 'Lookup 1961'!$B$2:$B$1300,0)) -> J04000171 | W169: =INDEX('Lookup 1961'!$F$2:$F$1300, MATCH(S169, 'Lookup 1961'!$B$2:$B$1300,0)) -> e050076 | X169: =INDEX('Lookup 1961'!$C$2:$C$1300, MATCH(V169, 'Lookup 1961'!$A$2:$A$1300,0)) -> Cheshire
A170: Bowdon | B170: Bowdon | C170: 20 | D170: 6 | E170: 15 | F170: 9 | K170: 232 | L170: 59299 | M170: 35.9 | N170: 11 | O170: 9 | P170: 3.4 | Q170: ='Table H'!$J$29 -> 0.90154646 | R170: =Q170*L170 -> 53460.803 | S170: =_xlfn.CONCAT(B170," ",T170) -> Bowdon UD | T170: UD | V170: =INDEX('Lookup 1961'!$A$2:$A$1300, MATCH(S170, 'Lookup 1961'!$B$2:$B$1300,0)) -> J04000180 | W170: =INDEX('Lookup 1961'!$F$2:$F$1300, MATCH(S170, 'Lookup 1961'!$B$2:$B$1300,0)) -> e050077 | X170: =INDEX('Lookup 1961'!$C$2:$C$1300, MATCH(V170, 'Lookup 1961'!$A$2:$A$1300,0)) -> Greater Manchester
A171: Bredbury and Romiley | B171: Bredbury and Romiley | C171: 23 | D171: 0 | E171: 16 | F171: 3 | K171: 730 | L171: 181516 | M171: 55.9 | N171: 7 | O171: 17 | P171: 9 | Q171: ='Table H'!$J$29 -> 0.90154646 | R171: =Q171*L171 -> 163645.11 | S171: =_xlfn.CONCAT(B171," ",T171) -> Bredbury and Romiley UD | T171: UD | V171: =INDEX('Lookup 1961'!$A$2:$A$1300, MATCH(S171, 'Lookup 1961'!$B$2:$B$1300,0)) -> J04000194 | W171: =INDEX('Lookup 1961'!$F$2:$F$1300, MATCH(S171, 'Lookup 1961'!$B$2:$B$1300,0)) -> e050078 | X171: =INDEX('Lookup 1961'!$C$2:$C$1300, MATCH(V171, 'Lookup 1961'!$A$2:$A$1300,0)) -> Greater Manchester
A172: Cheadle and Gatley | B172: Cheadle and Gatley | C172: 23 | D172: 0 | E172: 16 | F172: 0 | K172: 1872 | L172: 463786 | M172: 63.4 | N172: 10 | O172: 13 | P172: 7.8 | Q172: ='Table H'!$J$29 -> 0.90154646 | R172: =Q172*L172 -> 418124.63 | S172: =_xlfn.CONCAT(B172," ",T172) -> Cheadle and Gatley UD | T172: UD | V172: =INDEX('Lookup 1961'!$A$2:$A$1300, MATCH(S172, 'Lookup 1961'!$B$2:$B$1300,0)) -> J04000286 | W172: =INDEX('Lookup 1961'!$F$2:$F$1300, MATCH(S172, 'Lookup 1961'!$B$2:$B$1300,0)) -> e050079 | X172: =INDEX('Lookup 1961'!$C$2:$C$1300, MATCH(V172, 'Lookup 1961'!$A$2:$A$1300,0)) -> Greater Manchester
A173: Hale | B173: Hale | C173: 23 | D173: 0 | E173: 16 | F173: 6 | K173: 818 | L173: 200221 | M173: 33.4 | N173: 13 | O173: 8 | P173: -5.1 | Q173: ='Table H'!$J$29 -> 0.90154646 | R173: =Q173*L173 -> 180508.53 | S173: =_xlfn.CONCAT(B173," ",T173) -> Hale UD | T173: UD | V173: =INDEX('Lookup 1961'!$A$2:$A$1300, MATCH(S173, 'Lookup 1961'!$B$2:$B$1300,0)) -> J04000563 | W173: =INDEX('Lookup 1961'!$F$2:$F$1300, MATCH(S173, 'Lookup 1961'!$B$2:$B$1300,0)) -> e050084 | X173: =INDEX('Lookup 1961'!$C$2:$C$1300, MATCH(V173, 'Lookup 1961'!$A$2:$A$1300,0)) -> Greater Manchester
A174: Hazel Grove and Bramhall | B174: Hazel Grove and Bramhall | C174: 22 | D174: 0 | E174: 15 | F174: 6 | K174: 1220 | L174: 304078 | M174: 59.4 | N174: 10 | O174: 13 | P174: 7.9 | Q174: ='Table H'!$J$29 -> 0.90154646 | R174: =Q174*L174 -> 274140.44 | S174: =_xlfn.CONCAT(B174," ",T174) -> Hazel Grove and Bramhall UD | T174: UD | V174: =INDEX('Lookup 1961'!$A$2:$A$1300, MATCH(S174, 'Lookup 1961'!$B$2:$B$1300,0)) -> J04000595 | W174: =INDEX('Lookup 1961'!$F$2:$F$1300, MATCH(S174, 'Lookup 1961'!$B$2:$B$1300,0)) -> e050085 | X174: =INDEX('Lookup 1961'!$C$2:$C$1300, MATCH(V174, 'Lookup 1961'!$A$2:$A$1300,0)) -> Greater Manchester
A175: Hoylake | B175: Hoylake | C175: 22 | D175: 4 | E175: 15 | F175: 6 | K175: 1800 | L175: 447034 | M175: 46.3 | N175: 10 | O175: 16 | P175: 2.5 | Q175: ='Table H'!$J$29 -> 0.90154646 | R175: =Q175*L175 -> 403021.92 | S175: =_xlfn.CONCAT(B175," ",T175) -> Hoylake UD | T175: UD | V175: =INDEX('Lookup 1961'!$A$2:$A$1300, MATCH(S175, 'Lookup 1961'!$B$2:$B$1300,0)) -> J04000654 | W175: =INDEX('Lookup 1961'!$F$2:$F$1300, MATCH(S175, 'Lookup 1961'!$B$2:$B$1300,0)) -> e050086 | X175: =INDEX('Lookup 1961'!$C$2:$C$1300, MATCH(V175, 'Lookup 1961'!$A$2:$A$1300,0)) -> Merseyside
...

Sheet Table H
B1: TABLE H
B2: April, 1956-Administrative Countries
C3: Rateable value of
B4: NAME OF ADMINISTRATIVE COUNTRIES | C4: Industrial hereditaments apportioned between industrial purposes and non-industrial purposes | E4: Freight-transport hereditaments apportioned between transport purposes and non-transport purposes | G4: Other hereditaments | H4: Value of property occupied by or on behalf of the Crown for public purposes upon which contributions in lieu of rates are paid | I4: Totals | J4: Proportion heriditaments 'other'
B5: £ | C5: £ | D5: £ | E5: £ | F5: £ | G5: £ | H5: £ | I5: £
B6: 1 | C6: 2 | D6: 3 | E6: 4 | F6: 5 | G6: 6 | H6: 7 | I6: 8
B7: ENGLAND
B8: BEDFORD:
B9: Non-County Boroughs | C9: 198533 | D9: 28213 | G9: 2642532 | H9: 22024 | I9: 2891302 | J9: =G9/I9 -> 0.91395918
B10: Urban Districts | C10: 16242 | D10: 2461 | G10: 334661 | H10: 13686 | I10: 367050 | J10: =G10/I10 -> 0.91175862
B11: Rural Districts | C11: 93289 | D11: 1554 | G11: 748669 | H11: 79975 | I11: 923487 | J11: =G11/I11 -> 0.81069793
B12: Totals | C12: 308064 | D12: 32228 | G12: 3725862 | H12: 115685 | I12: 4181839 | J12: =G12/I12 -> 0.89096256
B13: BERKS: | J13: =G13/I13 -> #DIV/0!
B14: Non-County Boroughs | C14: 44669 | D14: 5637 | G14: 1405991 | H14: 27195 | I14: 1483492 | J14: =G14/I14 -> 0.94775772
B15: Urban Districts | C15: 724 | G15: 53611 | H15: 317 | I15: 54652 | J15: =G15/I15 -> 0.98095221
B16: Rural Districts | C16: 83815 | D16: 5317 | G16: 2089338 | H16: 321754 | I16: 2500224 | J16: =G16/I16 -> 0.83566032
B17: Totals | C17: 129208 | D17: 10954 | G17: 3548940 | H17: 349266 | I17: 4038368 | J17: =G17/I17 -> 0.8788055
B18: BUCKINGHAM: | J18: =G18/I18 -> #DIV/0!
B19: Non-County Boroughs | C19: 289265 | D19: 25467 | F19: 54 | G19: 2222687 | H19: 45101 | I19: 2582574 | J19: =G19/I19 -> 0.86064794
B20: Urban Districts | C20: 47912 | D20: 4545 | F20: 80 | G20: 895440 | H20: 9286 | I20: 957263 | J20: =G20/I20 -> 0.93541691
B21: Rural Districts | C21: 126233 | D21: 8858 | G21: 2429173 | H21: 106304 | I21: 2670568 | J21: =G21/I21 -> 0.90960912
B22: Totals | C22: 463410 | D22: 38870 | F22: 134 | G22: 5547300 | H22: 160691 | I22: 6210405 | J22: =G22/I22 -> 0.89322677
B23: CAMBRIDGE: | J23: =G23/I23 -> #DIV/0!
B24: Non-County Boroughs | C24: 27982 | D24: 13163 | G24: 1788530 | H24: 22006 | I24: 1851681 | J24: =G24/I24 -> 0.96589531
B25: Rural Districts | C25: 38756 | D25: 5738 | G25: 530595 | H25: 56707 | I25: 631796 | J25: =G25/I25 -> 0.83982013
B26: Totals | C26: 66738 | D26: 18901 | G26: 2319125 | H26: 78713 | I26: 2483477 | J26: =G26/I26 -> 0.93382182
B27: CHESTER: | J27: =G27/I27 -> #DIV/0!
B28: Non-County Boroughs | C28: 594970 | D28: 15875 | E28: 13243 | F28: 210 | G28: 3543806 | H28: 37851 | I28: 4206035 | J28: =G28/I28 -> 0.84255267
B29: Urban Districts | C29: 302778 | D29: 7029 | E29: 2589 | F29: 731 | G29: 3361901 | H29: 54010 | I29: 3729038 | J29: =G29/I29 -> 0.90154646
B30: Rural Districts | C30: 128182 | D30: 4973 | E30: 4571 | F30: 59 | G30: 1730800 | H30: 99725 | I30: 1968310 | J30: =G30/I30 -> 0.87933303
B31: Totals | C31: 1025930 | D31: 27877 | E31: 20403 | F31: 1000 | G31: 8636587 | H31: 191586 | I31: 9903383 | J31: =G31/I31 -> 0.87208452
B32: CORNWALL: | J32: =G32/I32 -> #DIV/0!
B33: Non-County Boroughs | C33: 31971 | D33: 6138 | E33: 7723 | G33: 1229209 | H33: 27865 | I33: 1302906 | J33: =G33/I33 -> 0.94343644
B34: Urban Districts | C34: 39170 | D34: 4226 | E34: 892 | G34: 970287 | H34: 21316 | I34: 1035891 | J34: =G34/I34 -> 0.93666901
B35: Rural Districts | C35: 59842 | D35: 1635 | E35: 586 | F35: 585 | G35: 1017431 | H35: 36810 | I35: 1116889 | J35: =G35/I35 -> 0.91095086
B36: Totals | C36: 130983 | D36: 11999 | E36: 9201 | F36: 585 | G36: 3216927 | H36: 85991 | I36: 3455686 | J36: =G36/I36 -> 0.93090836
B37: CUMBERLAND: | J37: =G37/I37 -> #DIV/0!
B38: Non-County Boroughs | C38: 76800 | D38: 1139 | E38: 3473 | G38: 437699 | H38: 3168 | I38: 522279 | J38: =G38/I38 -> 0.8380559
B39: Urban Districts | C39: 8751 | D39: 1236 | E39: 89 | G39: 299958 | H39: 3632 | I39: 313666 | J39: =G39/I39 -> 0.95629746
B40: Rural Districts | C40: 60989 | D40: 1029 | E40: 150 | G40: 761721 | H40: 135711 | I40: 959600 | J40: =G40/I40 -> 0.79379012
B41: Totals | C41: 146540 | D41: 3404 | E41: 3712 | G41: 1499378 | H41: 142511 | I41: 1795545 | J41: =G41/I41 -> 0.83505454
B42: DERBY: | J42: =G42/I42 -> #DIV/0!
B43: Non-County Boroughs | C43: 164160 | D43: 3985 | F43: 82 | G43: 1335556 | H43: 19260 | I43: 1523043 | J43: =G43/I43 -> 0.87689973
B44: Urban Districts | C44: 232441 | D44: 4695 | F44: 248 | G44: 1810045 | H44: 14166 | I44: 2061595 | J44: =G44/I44 -> 0.87798282
B45: Rural Districts | C45: 312137 | D45: 9992 | F45: 48 | G45: 2770046 | H45: 55069 | I45: 3147292 | J45: =G45/I45 -> 0.88013632
B46: Totals | C46: 708738 | D46: 18672 | F46: 378 | G46: 5915647 | H46: 88495 | I46: 6731930 | J46: =G46/I46 -> 0.87874458
B47: DEVON: | J47: =G47/I47 -> #DIV/0!
B48: Non-County Boroughs | C48: 28038 | D48: 6584 | E48: 53 | G48: 1964356 | H48: 27689 | I48: 2026720 | J48: =G48/I48 -> 0.9692291
B49: Urban Districts | C49: 26383 | D49: 3769 | E49: 1960 | F49: 250 | G49: 2445037 | H49: 17903 | I49: 2495302 | J49: =G49/I49 -> 0.97985615
B50: Rural Districts | C50: 73608 | D50: 5972 | E50: 109 | G50: 2181325 | H50: 74536 | I50: 2335550 | J50: =G50/I50 -> 0.9339663
B51: Totals | C51: 128029 | D51: 16325 | E51: 2122 | F51: 250 | G51: 6590718 | H51: 120128 | I51: 6857572 | J51: =G51/I51 -> 0.96108623
B52: DORSET: | J52: =G52/I52 -> #DIV/0!
B53: Non-County Boroughs | C53: 53058 | D53: 7882 | E53: 1857 | F53: 614 | G53: 2236708 | H53: 34922 | I53: 2335041 | J53: =G53/I53 -> 0.95788811
B54: Urban Districts | C54: 5857 | D54: 364 | G54: 359481 | H54: 34492 | I54: 400194 | J54: =G54/I54 -> 0.89826684
B55: Rural Districts | C55: 27388 | D55: 5000 | G55: 825346 | H55: 67742 | I55: 925476 | J55: =G55/I55 -> 0.89180703
B56: Totals | C56: 86303 | D56: 13246 | E56: 1857 | F56: 614 | G56: 3421535 | H56: 137156 | I56: 3660711 | J56: =G56/I56 -> 0.93466406
B57: DURHAM: | J57: =G57/I57 -> #DIV/0!
B58: Non-County Boroughs | C58: 136048 | D58: 10828 | E58: 6201 | F58: 2200 | G58: 1400473 | H58: 13043 | I58: 1568793 | J58: =G58/I58 -> 0.89270732
B59: Urban Districts | C59: 705446 | D59: 21248 | E59: 3429 | G59: 3235923 | H59: 34953 | I59: 4000999 | J59: =G59/I59 -> 0.80877876
B60: Rural Districts | C60: 309074 | D60: 2756 | G60: 1877616 | H60: 61793 | I60: 2251239 | J60: =G60/I60 -> 0.83403672
B61: Totals | C61: 1150568 | D61: 34832 | E61: 9630 | F61: 2200 | G61: 6514012 | H61: 109789 | I61: 7821031 | J61: =G61/I61 -> 0.83288405
B62: ESSEX: | J62: =G62/I62 -> #DIV/0!
B63: Non-County Boroughs | C63: 636346 | D63: 63234 | E63: 11696 | F63: 1039 | G63: 12531979 | H63: 178831 | I63: 13423125 | J63: =G63/I63 -> 0.93361114
B64: Urban Districts | C64: 474127 | D64: 41991 | E64: 9792 | F64: 2680 | G64: 6444256 | H64: 102525 | I64: 7075371 | J64: =G64/I64 -> 0.91080114
B65: Rural Districts | C65: 70320 | D65: 5688 | E65: 750 | F65: 40 | G65: 1908696 | H65: 70048 | I65: 2055542 | J65: =G65/I65 -> 0.92856093
B66: Totals | C66: 1180793 | D66: 110913 | E66: 22238 | F66: 3759 | G66: 20884931 | H66: 351404 | I66: 22554038 | J66: =G66/I66 -> 0.9259952
B67: GLOUCESTER: | J67: =G67/I67 -> #DIV/0!
B68: Non-County Boroughs | C68: 25102 | D68: 6637 | G68: 1272974 | H68: 20635 | I68: 1325348 | J68: =G68/I68 -> 0.96048283
B69: Urban Districts | C69: 37739 | D69: 4584 | G69: 936839 | H69: 4356 | I69: 983518 | J69: =G69/I69 -> 0.95253874
B70: Rural Districts | C70: 262821 | D70: 23730 | E70: 4565 | F70: 4014 | G70: 2422232 | H70: 220841 | I70: 2938203 | J70: =G70/I70 -> 0.82439232
B71: Totals | C71: 325662 | D71: 34951 | E71: 4565 | F71: 4014 | G71: 4632045 | H71: 245832 | I71: 5247069 | J71: =G71/I71 -> 0.88278713
B72: HEREFORD: | J72: =G72/I72 -> #DIV/0!
B73: Non-County Boroughs | C73: 30026 | D73: 4123 | G73: 534646 | H73: 15569 | I73: 584364 | J73: =G73/I73 -> 0.91491947
B74: Urban Districts | C74: 1259 | D74: 716 | G74: 137822 | H74: 1135 | I74: 140932 | J74: =G74/I74 -> 0.97793262
B75: Rural Districts | C75: 9582 | D75: 271 | G75: 401870 | H75: 37225 | I75: 448948 | J75: =G75/I75 -> 0.89513708
B76: Totals | C76: 40867 | D76: 5110 | G76: 1074338 | H76: 53929 | I76: 1174244 | J76: =G76/I76 -> 0.91491888
B77: HERTFORD: | J77: =G77/I77 -> #DIV/0!
B78: Non-County Boroughs | C78: 90957 | D78: 13272 | G78: 2933981 | H78: 29003 | I78: 3067213 | J78: =G78/I78 -> 0.95656252
B79: Urban Districts | C79: 132712 | D79: 23956 | E79: 85 | F79: 23 | G79: 4643111 | H79: 48336 | I79: 4848223 | J79: =G79/I79 -> 0.95769337
B80: Rural Districts | C80: 120075 | D80: 16319 | G80: 2321762 | H80: 113074 | I80: 2571230 | J80: =G80/I80 -> 0.90297717
B81: Totals | C81: 343744 | D81: 53547 | E81: 85 | F81: 23 | G81: 9898854 | H81: 190413 | I81: 10486666 | J81: =G81/I81 -> 0.94394672
B82: HUNTINGDON: | J82: =G82/I82 -> #DIV/0!
B83: Non-County Boroughs | C83: 9668 | D83: 1151 | G83: 144054 | H83: 2519 | I83: 157392 | J83: =G83/I83 -> 0.91525618
B84: Urban Districts | C84: 36413 | D84: 3613 | G84: 194206 | H84: 3415 | I84: 237647 | J84: =G84/I84 -> 0.81720367
B85: Rural Districts | C85: 29846 | D85: 1111 | G85: 227463 | H85: 46212 | I85: 304632 | J85: =G85/I85 -> 0.74668124
B86: Totals | C86: 75927 | D86: 5875 | G86: 565723 | H86: 52146 | I86: 699671 | J86: =G86/I86 -> 0.80855574
B87: ISLE OF ELY: | J87: =G87/I87 -> #DIV/0!
B88: Non-County Boroughs | C88: 13855 | D88: 1554 | E88: 264 | G88: 242791 | H88: 1599 | I88: 260063 | J88: =G88/I88 -> 0.93358532
B89: Urban Districts | C89: 27909 | D89: 1693 | G89: 376539 | H89: 8707 | I89: 414848 | J89: =G89/I89 -> 0.90765533
B90: Rural Districts | C90: 2904 | D90: 135 | G90: 225097 | H90: 2273 | I90: 230409 | J90: =G90/I90 -> 0.97694535
B91: Totals | C91: 44668 | D91: 3382 | E91: 264 | G91: 844427 | H91: 12579 | I91: 905320 | J91: =G91/I91 -> 0.9327387
B92: ISLE OF WIGHT: | J92: =G92/I92 -> #DIV/0!
B93: Non-County Boroughs | C93: 6313 | D93: 2323 | E93: 116 | G93: 581230 | H93: 22908 | I93: 612890 | J93: =G93/I93 -> 0.9483431
B94: Urban Districts | C94: 13266 | D94: 2380 | E94: 4308 | F94: 65 | G94: 621004 | H94: 6496 | I94: 647519 | J94: =G94/I94 -> 0.95905139
B95: Rural Districts | C95: 1995 | D95: 391 | E95: 164 | F95: 85 | G95: 232566 | H95: 2068 | I95: 237269 | J95: =G95/I95 -> 0.98017862
B96: Totals | C96: 21574 | D96: 5094 | E96: 4588 | F96: 150 | G96: 1434800 | H96: 31472 | I96: 1497678 | J96: =G96/I96 -> 0.95801634
B97: KENT: | J97: =G97/I97 -> #DIV/0!
B98: Non-County Boroughs | C98: 366959 | D98: 32103 | E98: 20766 | F98: 1052 | G98: 12432423 | H98: 302405 | I98: 13155708 | J98: =G98/I98 -> 0.9450212
B99: Urban Districts | C99: 284383 | D99: 14551 | E99: 1970 | F99: 917 | G99: 5496615 | H99: 75155 | I99: 5873591 | J99: =G99/I99 -> 0.93581848
B100: Rural Districts | C100: 632036 | D100: 7796 | E100: 86 | G100: 3245953 | H100: 147158 | I100: 4033029 | J100: =G100/I100 -> 0.80484246
...

Sheet Lookup 1961
A1: LA61CD | B1: LA61NM | C1: cty_1981 | D1: rgn | E1: srgn | F1: equiv_1971_cd | G1: equiv_1971_nm | H1: equiv_2001_nm | I1: notes
A2: J04000063 | B2: Axbridge RD | C2: Avon | D2: South West | E2: Rest of England | F2: e320923 | G2: AXBRIDGE R.D. | H2: 0 | I2: 0
A3: J04000099 | B3: Bath, City of CB | C3: Avon | D3: South West | E3: Rest of England | F3: e320902 | G3: BATH C.B. | H3: 0 | I3: 0
A4: J04000100 | B4: Bathavon RD | C4: Avon | D4: South West | E4: Rest of England | F4: e320925 | G4: BATHAVON R.D. | H4: 0 | I4: 0
A5: J04000213 | B5: Bristol, City and County of CB | C5: Avon | D5: South West | E5: Rest of England | F5: e130345 | G5: BRISTOL C.B. | H5: 0 | I5: 0
A6: J04000327 | B6: Clevedon UD | C6: Avon | D6: South West | E6: Rest of England | F6: e320906 | G6: CLEVEDON U.D. | H6: 0 | I6: 0
A7: J04000332 | B7: Clutton RD | C7: Avon | D7: South West | E7: Rest of England | F7: e320928 | G7: CLUTTON R.D. | H7: 0 | I7: 0
A8: J04000690 | B8: Keynsham UD | C8: Avon | D8: South West | E8: Rest of England | F8: e320911 | G8: KEYNSHAM U.D. | H8: 0 | I8: 0
A9: J04000701 | B9: Kingswood UD | C9: Avon | D9: South West | E9: Rest of England | F9: e130350 | G9: KINGSWOOD U.D. | H9: 0 | I9: 0
A10: J04000775 | B10: Long Ashton RD | C10: Avon | D10: South West | E10: Rest of England | F10: e320932 | G10: LONG ASHTON R.D. | H10: 0 | I10: 0
A11: J04000822 | B11: Mangotsfield UD | C11: Avon | D11: South West | E11: Rest of England | F11: e130351 | G11: MANGOTSFIELD U.D. | H11: 0 | I11: 0
A12: J04000938 | B12: Norton Radstock UD | C12: Avon | D12: South West | E12: Rest of England | F12: e320913 | G12: NORTON-RADSTOCK U.D. | H12: 0 | I12: 0
A13: J04001008 | B13: Portishead UD | C13: Avon | D13: South West | E13: Rest of England | F13: e320914 | G13: PORTISHEAD U.D. | H13: 0 | I13: 0
... A25: J04000681 | B25: Kempston UD | C25: Bedfordshire | D25: East of England | E25: Greater South East | F25: e010005 | G25: KEMPSTON U.D. | H25: 0 | I25: 0
A26: J04000733 | B26: Leighton Buzzard UD | C26: Bedfordshire | D26: East of England | E26: Greater South East | F26: e010006 | G26: LEIGHTON-LINSLADE U.D. | H26: 0 | I26: Merged into Leighton-Linslade in 1965
A27: J04000747 | B27: Linslade UD | C27: Bedfordshire | D27: East of England | E27: Greater South East | F27: e010006 | G27: LEIGHTON-LINSLADE U.D. | H27: 0 | I27: Merged into Leighton-Linslade in 1965
A28: J04000790 | B28: Luton MB | C28: Bedfordshire | D28: East of England | E28: Greater South East | F28: e010000 | G28: LUTON C.B. | H28: 0 | I28: 0
A29: J04000791 | B29: Luton RD | C29: Bedfordshire | D29: East of England | E29: Greater South East | F29: e010000 | G29: LUTON C.B. | H29: 0 | I29: 0
A30: J04001103 | B30: Sandy UD | C30: Bedfordshire | D30: East of England | E30: Greater South East | F30: e010007 | G30: SANDY U.D. | H30: 0 | I30: 0
A31: J04000184 | B31: Bradfield RD | C31: Berkshire | D31: South East | E31: Greater South East | F31: e020021 | G31: BRADFIELD R.D. | H31: 0 | I31: 0
A32: J04000347 | B32: Cookham RD | C32: Berkshire | D32: South East | E32: Greater South East | F32: e020022 | G32: COOKHAM R.D. | H32: Windsor and Maidenhead UA | I32: 0
A33: J04000456 | B33: Easthampstead RD | C33: Berkshire | D33: South East | E33: Greater South East | F33: e020023 | G33: EASTHAMPSTEAD R.D. | H33: Bracknell Forest UA | I33: 0
A34: J04000483 | B34: Eton UD | C34: Berkshire | D34: South East | E34: Greater South East | F34: e030038 | G34: ETON U.D. | H34: Windsor and Maidenhead UA | I34: 0
A35: J04000658 | B35: Hungerford RD | C35: Berkshire | D35: South East | E35: Greater South East | F35: e020026 | G35: HUNGERFORD R.D. | H35: 0 | I35: 0
A36: J04000808 | B36: Maidenhead MB | C36: Berkshire | D36: South East | E36: Greater South East | F36: e020014 | G36: MAIDENHEAD M.B. | H36: Windsor and Maidenhead UA | I36: 0
A37: J04000891 | B37: New Windsor MB | C37: Berkshire | D37: South East | E37: Greater South East | F37: e020016 | G37: NEW WINDSOR M.B. | H37: Windsor and Maidenhead UA | I37: 0
A38: J04000896 | B38: Newbury MB | C38: Berkshire | D38: South East | E38: Greater South East | F38: e020015 | G38: NEWBURY M.B. | H38: 0 | I38: 0
A39: J04000897 | B39: Newbury RD | C39: Berkshire | D39: South East | E39: Greater South East | F39: e020027 | G39: NEWBURY R.D. | H39: 0 | I39: 0
A40: J04001036 | B40: Reading CB | C40: Berkshire | D40: South East | E40: Greater South East | F40: e020012 | G40: READING C.B. | H40: Reading UA | I40: 0
A41: J04001150 | B41: Slough MB | C41: Berkshire | D41: South East | E41: Greater South East | F41: e030043 | G41: SLOUGH M.B. | H41: Slough UA | I41: 0
A42: J04001425 | B42: Windsor RD | C42: Berkshire | D42: South East | E42: Greater South East | F42: e020031 | G42: WINDSOR R.D. | H42: Windsor and Maidenhead UA | I42: 0
A43: J04001440 | B43: Wokingham MB | C43: Berkshire | D43: South East | E43: Greater South East | F43: e020019 | G43: WOKINGHAM M.B. | H43: Wokingham | I43: 0
A44: J04001441 | B44: Wokingham RD | C44: Berkshire | D44: South East | E44: Greater South East | F44: e020032 | G44: WOKINGHAM R.D. | H44: Wokingham | I44: 0
A45: J04000037 | B45: Amersham RD | C45: Buckinghamshire | D45: South East | E45: Greater South East | F45: e030046 | G45: AMERSHAM R.D. | H45: Chiltern | I45: 0
A46: J04000065 | B46: Aylesbury MB | C46: Buckinghamshire | D46: South East | E46: Greater South East | F46: e030033 | G46: AYLESBURY M.B. | H46: 0 | I46: 0
A47: J04000066 | B47: Aylesbury RD | C47: Buckinghamshire | D47: South East | E47: Greater South East | F47: e030047 | G47: AYLESBURY R.D. | H47: 0 | I47: 0
A48: J04000104 | B48: Beaconsfield UD | C48: Buckinghamshire | D48: South East | E48: Greater South East | F48: e030034 | G48: BEACONSFIELD U.D. | H48: South Bucks | I48: 0
A49: J04000164 | B49: Bletchley UD | C49: Buckinghamshire | D49: South East | E49: Greater South East | F49: e030035 | G49: BLETCHLEY U.D. | H49: 0 | I49: 0
A50: J04000226 | B50: Buckingham MB | C50: Buckinghamshire | D50: South East | E50: Greater South East | F50: e030036 | G50: BUCKINGHAM M.B. | H50: 0 | I50: 0
A51: J04000227 | B51: Buckingham RD | C51: Buckinghamshire | D51: South East | E51: Greater South East | F51: e030048 | G51: BUCKINGHAM R.D. | H51: 0 | I51: 0
A52: J04000296 | B52: Chesham UD | C52: Buckinghamshire | D52: South East | E52: Greater South East | F52: e030037 | G52: CHESHAM U.D. | H52: Chiltern | I52: 0
A53: J04000482 | B53: Eton RD | C53: Buckinghamshire | D53: South East | E53: Greater South East | F53: e030049 | G53: ETON R.D. | H53: South Bucks | I53: 0
A54: J04000621 | B54: High Wycombe MB | C54: Buckinghamshire | D54: South East | E54: Greater South East | F54: e030039 | G54: HIGH WYCOMBE M.B. | H54: Wycombe | I54: 0
A55: J04000834 | B55: Marlow UD | C55: Buckinghamshire | D55: South East | E55: Greater South East | F55: e030040 | G55: MARLOW U.D. | H55: Wycombe | I55: 0
A56: J04000909 | B56: Newport Pagnell RD | C56: Buckinghamshire | D56: South East | E56: Greater South East | F56: e030050 | G56: NEWPORT PAGNELL R.D. | H56: 0 | I56: 0
A57: J04000910 | B57: Newport Pagnell UD | C57: Buckinghamshire | D57: South East | E57: Greater South East | F57: e030041 | G57: NEWPORT PAGNELL U.D. | H57: 0 | I57: 0
A58: J04001426 | B58: Wing RD | C58: Buckinghamshire | D58: South East | E58: Greater South East | F58: e030052 | G58: WING R.D. | H58: 0 | I58: 0
A59: J04001428 | B59: Winslow RD | C59: Buckinghamshire | D59: South East | E59: Greater South East | F59: e030053 | G59: WINSLOW R.D. | H59: 0 | I59: 0
A60: J04001443 | B60: Wolverton UD | C60: Buckinghamshire | D60: South East | E60: Greater South East | F60: e030044 | G60: WOLVERTON U.D. | H60: 0 | I60: 0
A61: J04001461 | B61: Wycombe RD | C61: Buckinghamshire | D61: South East | E61: Greater South East | F61: e030055 | G61: WYCOMBE R.D. | H61: Wycombe | I61: 0
A62: J04000081 | B62: Barnack RD | C62: Cambridgeshire | D62: East of England | E62: Greater South East | F62: e180503 | G62: BARNACK R.D. | H62: 0 | I62: 0
A63: J04000256 | B63: Cambridge, City of MB | C63: Cambridgeshire | D63: East of England | E63: Greater South East | F63: e040056 | G63: CAMBRIDGE M.B. | H63: Cambridge | I63: 0
A64: J04000285 | B64: Chatteris UD | C64: Cambridgeshire | D64: East of England | E64: Greater South East | F64: e040057 | G64: CHATTERIS U.D. | H64: 0 | I64: 0
A65: J04000304 | B65: Chesterton RD | C65: Cambridgeshire | D65: East of England | E65: Greater South East | F65: e040062 | G65: CHESTERTON R.D. | H65: South Cambridgeshire | I65: 0
A66: J04000471 | B66: Ely RD | C66: Cambridgeshire | D66: East of England | E66: Greater South East | F66: e040063 | G66: ELY R.D. | H66: East Cambridgeshire | I66: 0
A67: J04000472 | B67: Ely UD | C67: Cambridgeshire | D67: East of England | E67: Greater South East | F67: e040058 | G67: ELY U.D. | H67: East Cambridgeshire | I67: 0
A68: J04000660 | B68: Huntingdon and Godmanchester MB | C68: Cambridgeshire | D68: East of England | E68: Greater South East | F68: e180495 | G68: HUNTINGDON AND GODMANCHESTER M.B. | H68: 0 | I68: 0
A69: J04000661 | B69: Huntingdon RD | C69: Cambridgeshire | D69: East of England | E69: Greater South East | F69: e180504 | G69: HUNTINGDON R.D. | H69: 0 | I69: 0
A70: J04000825 | B70: March UD | C70: Cambridgeshire | D70: East of England | E70: Greater South East | F70: e040059 | G70: MARCH U.D. | H70: 0 | I70: 0
A71: J04000905 | B71: Newmarket RD | C71: Cambridgeshire | D71: East of England | E71: Greater South East | F71: e040064 | G71: NEWMARKET R.D. | H71: East Cambridgeshire | I71: 0
A72: J04000921 | B72: Norman Cross RD | C72: Cambridgeshire | D72: East of England | E72: Greater South East | F72: e180505 | G72: NORMAN CROSS R.D. | H72: 0 | I72: 0
A73: J04000928 | B73: North Witchford RD | C73: Cambridgeshire | D73: East of England | E73: Greater South East | F73: e040065 | G73: NORTH WITCHFORD R.D. | H73: 0 | I73: 0
A74: J04000952 | B74: Old Fletton UD | C74: Cambridgeshire | D74: East of England | E74: Greater South East | F74: e180496 | G74: OLD FLETTON U.D. | H74: 0 | I74: 0
A75: J04000987 | B75: Peterborough RD | C75: Cambridgeshire | D75: East of England | E75: Greater South East | F75: e180507 | G75: PETERBOROUGH R.D. | H75: 0 | I75: 0
A76: J04000988 | B76: Peterborough, City of MB | C76: Cambridgeshire | D76: East of England | E76: Greater South East | F76: e180498 | G76: PETERBOROUGH M.B. | H76: 0 | I76: 0
A77: J04001030 | B77: Ramsey UD | C77: Cambridgeshire | D77: East of England | E77: Greater South East | F77: e180500 | G77: RAMSEY U.D. | H77: 0 | I77: 0
A78: J04001155 | B78: South Cambridgeshire RD | C78: Cambridgeshire | D78: East of England | E78: Greater South East | F78: e040066 | G78: SOUTH CAMBRIDGESHIRE R.D. | H78: South Cambridgeshire | I78: 0
A79: J04001188 | B79: St. Ives MB | C79: Cambridgeshire | D79: East of England | E79: Greater South East | F79: e180501 | G79: ST. IVES M.B. | H79: 0 | I79: 0
A80: J04001189 | B80: St. Ives RD | C80: Cambridgeshire | D80: East of England | E80: Greater South East | F80: e180509 | G80: ST. IVES R.D. | H80: 0 | I80: 0
A81: J04001192 | B81: St. Neots RD | C81: Cambridgeshire | D81: East of England | E81: Greater South East | F81: e180510 | G81: ST. NEOTS R.D. | H81: 0 | I81: 0
A82: J04001193 | B82: St. Neots UD | C82: Cambridgeshire | D82: East of England | E82: Greater South East | F82: e180502 | G82: ST. NEOTS U.D. | H82: 0 | I82: 0
A83: J04001273 | B83: Thorney RD | C83: Cambridgeshire | D83: East of England | E83: Greater South East | F83: e180511 | G83: THORNEY R.D. | H83: 0 | I83: 0
A84: J04001406 | B84: Whittlesey UD | C84: Cambridgeshire | D84: East of England | E84: Greater South East | F84: e040060 | G84: WHITTLESEY U.D. | H84: 0 | I84: 0
A85: J04001431 | B85: Wisbech MB | C85: Cambridgeshire | D85: East of England | E85: Greater South East | F85: e040061 | G85: WISBECH M.B. | H85: 0 | I85: 0
A86: J04001432 | B86: Wisbech RD | C86: Cambridgeshire | D86: East of England | E86: Greater South East | F86: e040067 | G86: WISBECH R.D. | H86: 0 | I86: 0
A87: J04000022 | B87: Alderley Edge UD | C87: Cheshire | D87: North West | E87: Rest of England | F87: e050072 | G87: ALDERLEY EDGE U.D. | H87: 0 | I87: 0
A88: J04000030 | B88: Alsager UD | C88: Cheshire | D88: North West | E88: Rest of England | F88: e050073 | G88: ALSAGER U.D. | H88: Congleton | I88: 0
A89: J04000171 | B89: Bollington UD | C89: Cheshire | D89: North West | E89: Rest of England | F89: e050076 | G89: BOLLINGTON U.D. | H89: 0 | I89: 0
A90: J04000229 | B90: Bucklow RD | C90: Cheshire | D90: North West | E90: Rest of England | F90: e050106 | G90: BUCKLOW R.D. | H90: 0 | I90: 0
A91: J04000300 | B91: Chester RD | C91: Cheshire | D91: North West | E91: Rest of England | F91: e050109 | G91: CHESTER R.D. | H91: Chester | I91: 0
A92: J04000301 | B92: Chester, City and County of CB | C92: Cheshire | D92: North West | E92: Rest of England | F92: e050069 | G92: CHESTER C.B. | H92: Chester | I92: 0
A93: J04000341 | B93: Congleton MB | C93: Cheshire | D93: North West | E93: Rest of England | F93: e050080 | G93: CONGLETON M.B. | H93: Congleton | I93: 0
A94: J04000342 | B94: Congleton RD | C94: Cheshire | D94: North West | E94: Rest of England | F94: e050111 | G94: CONGLETON R.D. | H94: Congleton | I94: 0
A95: J04000361 | B95: Crewe MB | C95: Cheshire | D95: North West | E95: Rest of England | F95: e050081 | G95: CREWE M.B. | H95: Crewe and Nantwich | I95: 0
A96: J04000408 | B96: Disley RD | C96: Cheshire | D96: North West | E96: Rest of England | F96: e050112 | G96: DISLEY R.D. | H96: 0 | I96: 0
A97: J04000467 | B97: Ellesmere Port MB | C97: Cheshire | D97: North West | E97: Rest of England | F97: e050083 | G97: ELLESMERE PORT M.B. | H97: Ellesmere Port & Neston | I97: 0
A98: J04000714 | B98: Knutsford UD | C98: Cheshire | D98: North West | E98: Rest of England | F98: e050088 | G98: KNUTSFORD U.D. | H98: 0 | I98: 0
A99: J04000797 | B99: Lymm UD | C99: Cheshire | D99: North West | E99: Rest of England | F99: e050090 | G99: LYMM U.D. | H99: 0 | I99: 0
A100: J04000801 | B100: Macclesfield MB | C100: Cheshire | D100: North West | E100: Rest of England | F100: e050091 | G100: MACCLESFIELD M.B. | H100: 0 | I100: 0
A101: J04000802 | B101: Macclesfield RD | C101: Cheshire | D101: North West | E101: Rest of England | F101: e050113 | G101: MACCLESFIELD R.D. | H101: 0 | I101: 0
A102: J04000854 | B102: Middlewich UD | C102: Cheshire | D102: North West | E102: Rest of England | F102: e050093 | G102: MIDDLEWICH U.D. | H102: Congleton | I102: 0
A103: J04000877 | B103: Nantwich RD | C103: Cheshire | D103: North West | E103: Rest of England | F103: e050115 | G103: NANTWICH R.D. | H103: Crewe and Nantwich | I103: 0
A104: J04000878 | B104: Nantwich UD | C104: Cheshire | D104: North West | E104: Rest of England | F104: e050094 | G104: NANTWICH U.D. | H104: Crewe and Nantwich | I104: 0
A105: J04000885 | B105: Neston UD | C105: Cheshire | D105: North West | E105: Rest of England | F105: e050095 | G105: NESTON U.D. | H105: Ellesmere Port & Neston | I105: 0
A106: J04000936 | B106: Northwich RD | C106: Cheshire | D106: North West | E106: Rest of England | F106: e050116 | G106: NORTHWICH R.D. | H106: 0 | I106: 0
A107: J04000937 | B107: Northwich UD | C107: Cheshire | D107: North West | E107: Rest of England | F107: e050096 | G107: NORTHWICH U.D. | H107: 0 | I107: 0
A108: J04001081 | B108: Runcorn RD | C108: Cheshire | D108: North West | E108: Rest of England | F108: e050117 | G108: RUNCORN R.D. | H108: 0 | I108: 0
A109: J04001082 | B109: Runcorn UD | C109: Cheshire | D109: North West | E109: Rest of England | F109: e050097 | G109: RUNCORN U.D. | H109: 0 | I109: 0
A110: J04001100 | B110: Sandbach UD | C110: Cheshire | D110: North West | E110: Rest of England | F110: e050101 | G110: SANDBACH U.D. | H110: Congleton | I110: 0
A111: J04001250 | B111: Tarvin RD | C111: Cheshire | D111: North West | E111: Rest of England | F111: e050119 | G111: TARVIN R.D. | H111: Chester | I111: 0
...
