Workbook

Sheet Poundage_63-64_London_62
A2: RATE POUNDAGES, PENNY RATE PRODUCTS, RATEABLE VALUES, POPULATION, AND RATE-DEFICIENCY GRANT PERCENTAGES
F3: <NOTE THIS IS BEFORE THE CREATION OF GREATER LONDON - COUNTY OF LONDON GEOGRAPHY
A4: City of London and Metropolitan Boroughs
A6: TABLE 6 (PART I)
B7: Rate Poundage | D7: Rate poundage 1963-64 for | H7: Average rate poundage 1963-64 | I7: Penny rate product 1963-64 | J7: Change in penny rate product from 1962-63 | K7: Rate call 1963-64 | L7: Rateable values in April 1963 | O7: Population mid 1962 | P7: Rate deficiency grant 1963-64
A8: Local Authority | B8: 1962-63 | C8: 1963-64 | D8: Local purposes | E8: County purposes | F8: Transitional adjustment | G8: London Scheme | L8: Domestic | N8: Total
A9: Table 4 & Table 6 excluding WALES | B9: 1 | C9: 2 | D9: 3 | E9: 4 | F9: 5 | G9: 6 | H9: 7 | I9: 8 | J9: 9 | K9: 10 | L9: 11 | M9: 12 | N9: 13 | O9: 14 | P9: 15
B10: pence | C10: pence | D10: pence | E10: pence | F10: pence | G10: pence | H10: pence | I10: £ | J10: % | K10: £ | L10: Nos. | M10: £000 | N10: £000 | P10: %
A11: LONDON | B11: 135 | C11: 50.5 | I11: 1360000 | J11: 200 | K11: 68680000 | L11: 862321 | M11: 106227.7 | N11: 332908.4 | O11: 3185770
A12: City of London | B12: 211 | C12: 81 | D12: 22.3 | E12: 50.5 | F12: 0.1 | G12: 8.1 | I12: 173000 | J12: 188 | K12: 14013000 | L12: 1193 | M12: 171.4 | N12: 43766.3 | O12: 4610 | Q12: MB
A13: Battersea | B13: 264 | C13: 99 | D13: 70.2 | E13: 51 | F13: 0.3 | G13: -22.5 | I13: 18450 | J13: 161 | K13: 1826550 | L13: 28191 | M13: 2408.2 | N13: 4654 | O13: 104020 | Q13: MB
A14: Bermondsey | B14: 268 | C14: 102 | D14: 74.6 | E14: 51 | F14: 0.2 | G14: -23.7 | I14: 16450 | J14: 155 | K14: 1677900 | L14: 15183 | M14: 918.4 | N14: 4088.7 | O14: 51000 | Q14: MB
A15: Bethnal Green | B15: 284 | C15: 106 | D15: 97.4 | E15: 51 | F15: 0.6 | G15: -43 | I15: 9050 | J15: 217 | K15: 959300 | L15: 14687 | M15: 1088.8 | N15: 2409.4 | O15: 46230 | Q15: MB
A16: Camberwell | B16: 272 | C16: 100 | D16: 69.4 | E16: 51 | F16: 0.7 | G16: -21.1 | I16: 28975 | J16: 177 | K16: 2897500 | L16: 45664 | M16: 4181.3 | N16: 7269.7 | O16: 173720 | P16: 5.2 | Q16: MB
A17: Chelsea | B17: 232 | C17: 84 | D17: 29.4 | E17: 51 | F17: 0.2 | G17: 3.4 | I17: 27500 | J17: 243 | K17: 2310000 | L17: 17020 | M17: 4361.3 | N17: 6984.7 | O17: 48550 | Q17: MB
A18: Deptford | B18: 244 | C18: 92 | D18: 60.1 | E18: 51 | F18: 0.7 | G18: -19.8 | I18: 11100 | J18: 189 | K18: 1021200 | L18: 18402 | M18: 1442.1 | N18: 2831.2 | O18: 68980 | P18: 7.4 | Q18: MB
A19: Finsbury | B19: 230 | C19: 90 | D19: 35.6 | E19: 51 | F19: 0.5 | G19: 3 | I19: 35000 | J19: 192 | K19: 3150000 | L19: 9024 | M19: 955.6 | N19: 9026.5 | O19: 32540 | Q19: MB
A20: Fulham | B20: 256 | C20: 96 | D20: 60.6 | E20: 51 | F20: 0.3 | G20: -15.9 | I20: 23400 | J20: 187 | K20: 2246400 | L20: 30269 | M20: 3336.5 | N20: 5748 | O20: 110570 | Q20: MB
A21: Greewich | B21: 240 | C21: 96 | D21: 53.5 | E21: 51 | F21: 0.1 | G21: -18.6 | I21: 20500 | J21: 182 | K21: 1968000 | L21: 24638 | M21: 1983.1 | N21: 4974.8 | O21: 84730 | Q21: MB
A22: Hackney | B22: 272 | C22: 96 | D22: 64.5 | E22: 51 | F22: 0.3 | G22: -19.9 | I22: 31750 | J22: 197 | K22: 3048000 | L22: 41104 | M22: 4303.9 | N22: 8128.1 | O22: 163400 | Q22: MB
A23: Hammersmith | B23: 238 | C23: 90 | D23: 43.7 | E23: 51 | F23: 0.3 | G23: -5 | I23: 31500 | J23: 230 | K23: 2835000 | L23: 25249 | M23: 2883.9 | N23: 7688.7 | O23: 108120 | Q23: MB
A24: Hampstead | B24: 237 | C24: 93 | D24: 43.4 | E24: 51 | F24: 0.4 | G24: -1.9 | I24: 30480 | J24: 228 | K24: 2834640 | L24: 24586 | M24: 5391 | N24: 7559.5 | O24: 98240 | Q24: MB
A25: Holborn | B25: 220 | C25: 83 | D25: 24.4 | E25: 51 | G25: 7.6 | I25: 44700 | J25: 175 | K25: 310100 | L25: 5847 | M25: 724.7 | N25: 10900 | O25: 20640 | Q25: MB
A26: Islington | B26: 228 | C26: 92 | D26: 50.5 | E26: 51 | F26: 0.6 | G26: -10 | I26: 38600 | J26: 189 | K26: 3551200 | L26: 45479 | M26: 4953.3 | N26: 9702.3 | O26: 227870 | P26: 2 | Q26: MB
A27: Kensington | B27: 230 | C27: 83 | D27: 28 | E27: 51 | F27: 0.1 | G27: 3.9 | I27: 71200 | J27: 233 | K27: 5909600 | L27: 41907 | M27: 10361.3 | N27: 17995.8 | O27: 172020 | Q27: MB
A28: Lambeth | B28: 239 | C28: 88 | D28: 43 | E28: 51 | F28: 0.4 | G28: -6.4 | I28: 53000 | J28: 184 | K28: 4664000 | L28: 57077 | M28: 5470.9 | N28: 12887.7 | O28: 223370 | Q28: MB
A29: Lewisham | B29: 234 | C29: 96 | D29: 54.3 | E29: 51 | F29: 0.7 | G29: -10 | I29: 35750 | J29: 175 | K29: 3432000 | L29: 66307 | M29: 6164.6 | N29: 8854 | O29: 222170 | P29: 10.1 | Q29: MB
A30: Paddington | B30: 236 | C30: 88 | D30: 37.6 | E30: 51 | F30: 0.4 | G30: -1 | I30: 37200 | J30: 235 | K30: 3273600 | L30: 31656 | M30: 5375.1 | N30: 9028.1 | O30: 113600 | Q30: MB
A31: Poplar | B31: 264 | C31: 94 | D31: 58.9 | E31: 51 | G31: -15.9 | I31: 18400 | J31: 255 | K31: 1729600 | L31: 18336 | M31: 1437.6 | N31: 4639.8 | O31: 67340 | Q31: MB
A32: St. Marylebone | B32: 221 | C32: 85 | D32: 23.5 | E32: 51 | F32: 0.2 | G32: 10.3 | I32: 95000 | J32: 217 | K32: 8075000 | L32: 25165 | M32: 6116.5 | N32: 23623.6 | O32: 68070 | Q32: MB
A33: St. Pancras | B33: 236 | C33: 96 | D33: 46.2 | E33: 51 | F33: 0.4 | G33: -1.5 | I33: 49975 | J33: 205 | K33: 4797600 | L33: 29444 | M33: 3865.3 | N33: 12959.8 | O33: 124470 | Q33: MB
A34: Shoreditch | B34: 260 | C34: 98 | D34: 60.5 | E34: 51 | F34: 0.1 | G34: -13.6 | I34: 15228 | J34: 201 | K34: 1492344 | L34: 11801 | M34: 999.8 | N34: 3908 | O34: 39580 | Q34: MB
A35: Southwark | B35: 236 | C35: 92 | D35: 50.7 | E35: 51 | F35: 0.3 | G35: -9.9 | I35: 25200 | J35: 172 | K35: 2318400 | L35: 25072 | M35: 1632.5 | N35: 5872 | O35: 86440 | Q35: MB
A36: Stepney | B36: 244 | C36: 92 | D36: 56.9 | E36: 51 | F36: 0.3 | G36: -16.2 | I36: 28130 | J36: 193 | K36: 2587960 | L36: 26366 | M36: 2054.9 | N36: 7332 | O36: 90480 | Q36: MB
A37: Stoke Newington | B37: 234 | C37: 90 | D37: 54.1 | E37: 51 | F37: 0.7 | G37: -15.8 | I37: 8325 | J37: 191 | K37: 749250 | L37: 12106 | M37: 1384.4 | N37: 2089.6 | O37: 52950 | P37: 10.8 | Q37: MB
A38: Wandsworth | B38: 224 | C38: 94 | D38: 47.1 | E38: 51 | F38: 0.4 | G38: -4.5 | I38: 65200 | J38: 190 | K38: 6128800 | L38: 96873 | M38: 10155.2 | N38: 15831.2 | O38: 374810 | Q38: MB
A39: Westminster, City of | B39: 210 | C39: 82 | D39: 17.7 | E39: 51 | F39: 0.1 | G39: 13.2 | I39: 275000 | J39: 197 | K39: 22550000 | L39: 28215 | M39: 8305.4 | N39: 64590.3 | O39: 86110 | Q39: MB
A40: Woolwich | B40: 248 | C40: 94 | D40: 60.4 | E40: 51 | F40: 0.4 | G40: -17.8 | I40: 32030 | J40: 178 | K40: 3010820 | L40: 45460 | M40: 3801 | N40: 7564.6 | O40: 148140 | Q40: MB
A41: Barnsley | B41: 324 | C41: 141 | D41: 141.5 | E41: -0.5 | I41: 8417 | J41: 157 | K41: 1186797 | L41: 23685 | M41: 903.6 | N41: 2135.6 | O41: 74910 | P41: 35.8 | Q41: CB
A42: Barrow-in-Furness | B42: 288 | C42: 126 | D42: 125.6 | E42: 0.4 | I42: 8100 | J42: 132 | K42: 1020600 | L42: 20718 | M42: 1004.9 | N42: 2095.3 | O42: 64890 | P42: 26.6 | Q42: CB
A43: Bath | B43: 288 | C43: 126 | D43: 126.5 | E43: -0.5 | I43: 12090 | J43: 136 | K43: 1523340 | L43: 25404 | M43: 1725.2 | N43: 2999.3 | O43: 82170 | P43: 16.6 | Q43: CB
A44: Birkenhead | B44: 257 | C44: 101 | D44: 100.6 | E44: 0.4 | I44: 18275 | J44: 150 | K44: 1845775 | L44: 41193 | M44: 2588.2 | N44: 4661.1 | O44: 142940 | P44: 26.2 | Q44: CB
A45: Birmingham | B45: 324 | C45: 124 | D45: 123.1 | E45: 0.9 | I45: 200300 | J45: 173 | K45: 24837200 | L45: 317287 | M45: 18187.3 | N45: 49603.3 | O45: 1115080 | Q45: CB
A46: Blackburn | B46: 306 | C46: 132 | D46: 131.1 | E46: 0.9 | I46: 12060 | J46: 144 | K46: 1591920 | L46: 36918 | M46: 1405.1 | N46: 3092 | O46: 105740 | P46: 34 | Q46: CB
A47: Blackpool | B47: 209 | C47: 107 | D47: 108.1 | E47: -1.1 | I47: 30800 | J47: 116 | K47: 3295600 | L47: 47632 | M47: 4059 | N47: 7812 | O47: 151250 | Q47: CB
A48: Bolton | B48: 312 | C48: 124 | D48: 124.3 | E48: -0.3 | I48: 20750 | J48: 152 | K48: 2573000 | L48: 54591 | M48: 2386.2 | N48: 5316.6 | O48: 160650 | P48: 26 | Q48: CB
A49: Bootle | B49: 253.9 | C49: 125 | D49: 124.3 | E49: 0.7 | I49: 10719 | J49: 147 | K49: 1339875 | L49: 21235 | M49: 1156 | N49: 2730.3 | O49: 83220 | P49: 25.8 | Q49: CB
A50: Bournemouth | B50: 188 | C50: 96 | D50: 97.6 | E50: -1.6 | I50: 37700 | J50: 136 | K50: 3619200 | L50: 48235 | M50: 5570.4 | N50: 9580.9 | O50: 149830 | Q50: CB
A51: Bradford | B51: 294 | C51: 123 | D51: 122.3 | E51: 0.7 | I51: 37000 | J51: 143 | K51: 4551000 | L51: 99708 | M51: 4051.9 | N51: 9187.8 | O51: 296220 | P51: 30.5 | Q51: CB
A52: Brighton | B52: 226 | C52: 90 | D52: 90.8 | E52: -0.8 | I52: 43350 | J52: 174 | K52: 3901500 | L52: 53878 | M52: 6673.7 | N52: 10821.2 | O52: 162200 | Q52: CB
A53: Bristol | B53: 246 | C53: 117 | D53: 117.3 | E53: -0.3 | I53: 80500 | J53: 156 | K53: 9418500 | L53: 130015 | M53: 9046.8 | N53: 19525.4 | O53: 434260 | Q53: CB
A54: Burnley | B54: 306 | C54: 132 | D54: 132 | E54: 0.1 | I54: 9250 | J54: 143 | K54: 1221000 | L54: 27637 | M54: 918.8 | N54: 2335.7 | O54: 80540 | P54: 34.8 | Q54: CB
A55: Burton-upon-Trent | B55: 308 | C55: 124 | D55: 123.7 | E55: 0.3 | I55: 9125 | J55: 204 | K55: 1131500 | L55: 16113 | M55: 815.8 | N55: 2216.9 | O55: 50610 | Q55: CB
A56: Bury | B56: 252 | C56: 104 | D56: 103.3 | E56: 0.7 | I56: 7550 | J56: 140 | K56: 785200 | L56: 21499 | M56: 950.5 | N56: 1897.7 | O56: 61120 | P56: 29.7 | Q56: CB
A57: Canterbury | B57: 225 | C57: 104 | D57: 104.2 | E57: -0.2 | I57: 5500 | J57: 132 | K57: 572000 | L57: 9787 | M57: 590.3 | N57: 1334.3 | O57: 30720 | Q57: CB
A58: Carlisle | B58: 300 | C58: 118 | D58: 121 | E58: -3 | I58: 9955 | J58: 168 | K58: 1174690 | L58: 23369 | M58: 1177 | N58: 2440.6 | O58: 70800 | P58: 20.6 | Q58: CB
A59: Chester | B59: 270 | C59: 118 | D59: 118 | I59: 11060 | J59: 172 | K59: 1305080 | L59: 18867 | M59: 1225.7 | N59: 2709.9 | O59: 59030 | Q59: CB
A60: Coventry | B60: 300 | C60: 126 | D60: 125.8 | E60: 0.2 | I60: 50000 | J60: 140 | K60: 6300000 | L60: 95028 | M60: 5793.5 | N60: 12201.2 | O60: 310640 | P60: 9.4 | Q60: CB
A61: Croydon | B61: 240 | C61: 96 | D61: 96 | I61: 58806 | J61: 175 | K61: 5645376 | L61: 76424 | M61: 7333.5 | N61: 13885.8 | O61: 253690 | Q61: CB
A62: Darlington | B62: 258 | C62: 108 | D62: 106.8 | E62: 1.2 | I62: 14100 | J62: 151 | K62: 1552800 | L62: 27076 | M62: 1570 | N62: 3573.2 | O62: 84400 | P62: 3.8 | Q62: CB
A63: Derby | B63: 306 | C63: 114 | D63: 112.9 | E63: 1.1 | I63: 26200 | J63: 187 | K63: 2986800 | L63: 41340 | M63: 2133.2 | N63: 6532.9 | O63: 131910 | Q63: CB
A64: Dewsbury | B64: 298 | C64: 134 | D64: 133.7 | E64: 0.3 | I64: 5590 | J64: 132 | K64: 749060 | L64: 18731 | M64: 620 | N64: 1477.7 | O64: 53520 | P64: 38.9 | Q64: CB
A65: Doncaster | B65: 312 | C65: 128 | D65: 129.2 | E65: -1.2 | I65: 15000 | J65: 176 | K65: 1920000 | L65: 27010 | M65: 1582.5 | N65: 3662.7 | O65: 86460 | P65: 3.4 | Q65: CB
A66: Dudley | B66: 294 | C66: 116 | D66: 116 | I66: 10825 | J66: 209 | K66: 1255700 | L66: 18688 | M66: 1022.7 | N66: 2677.5 | O66: 63820 | P66: 5 | Q66: CB
A67: Eastbourne | B67: 214 | C67: 110 | D67: 112.3 | E67: -2.3 | I67: 12950 | J67: 111 | K67: 1424500 | L67: 20876 | M67: 2106.8 | N67: 3269.7 | O67: 61250 | Q67: CB
A68: East Ham | B68: 328 | C68: 120 | D68: 120.8 | E68: -0.8 | I68: 16250 | J68: 168 | K68: 1950000 | L68: 31621 | M68: 2270 | N68: 4017.4 | O68: 105430 | P68: 14.8 | Q68: CB
A69: Exeter | B69: 252 | C69: 124 | D69: 125.4 | E69: -1.4 | I69: 17200 | J69: 133 | K69: 2132800 | L69: 24284 | M69: 1843.5 | N69: 4394.1 | O69: 78950 | Q69: CB
A70: Gateshead | B70: 330 | C70: 142 | D70: 141.5 | E70: 0.5 | I70: 12500 | J70: 150 | K70: 1775000 | L70: 33694 | M70: 1371.1 | N70: 3200.3 | O70: 103120 | P70: 30 | Q70: CB
A71: Gloucester | B71: 314 | C71: 150 | D71: 152.8 | E71: -2.8 | I71: 10460 | J71: 122 | K71: 1569000 | L71: 19966 | M71: 1083 | N71: 2559.6 | O71: 70180 | P71: 17.1 | Q71: CB
A72: Great Yarmouh | B72: 272 | C72: 136 | D72: 137.4 | E72: -1.4 | I72: 9010 | J72: 126 | K72: 1225360 | L72: 17319 | M72: 843.8 | N72: 2226.2 | O72: 52450 | P72: 4.5 | Q72: CB
A73: Grimsby | B73: 279 | C73: 127 | D73: 126.7 | E73: 0.3 | I73: 13775 | J73: 169 | K73: 1749425 | L73: 29561 | M73: 1649.4 | N73: 3420.7 | O73: 96780 | P73: 18.6 | Q73: CB
A74: Halifax | B74: 306 | C74: 126 | D74: 126 | I74: 10400 | J74: 122 | K74: 1310400 | L74: 34440 | M74: 1117.2 | N74: 2578.3 | O74: 96250 | P74: 39 | Q74: CB
A75: Hastings | B75: 280 | C75: 120 | D75: 122.3 | E75: -2.3 | I75: 10335 | J75: 121 | K75: 1240200 | L75: 23299 | M75: 1747.2 | N75: 2637.6 | O75: 66640 | P75: 9.8 | Q75: CB
A76: Huddersfield | B76: 312 | C76: 141 | D76: 140.8 | E76: 0.2 | I76: 16300 | J76: 124 | K76: 2298300 | L76: 46118 | M76: 1710.7 | N76: 4001.6 | O76: 131050 | P76: 30.7 | Q76: CB
A77: Ipswich | B77: 276 | C77: 108 | D77: 106.8 | E77: 1.2 | I77: 19750 | J77: 156 | K77: 2133000 | L77: 37007 | M77: 2304.9 | N77: 4928.9 | O77: 118410 | P77: 6.1 | Q77: CB
A78: Kingston upon Hull | B78: 324 | C78: 140 | D78: 139 | E78: 1 | I78: 33250 | J78: 126 | K78: 4655000 | L78: 93556 | M78: 3697.1 | N78: 8711.8 | O78: 301640 | P78: 35 | Q78: CB
A79: Leeds | B79: 288 | C79: 120 | D79: 119.2 | E79: 0.8 | I79: 80175 | J79: 165 | K79: 9621000 | L79: 172974 | M79: 8470.2 | N79: 19716.4 | O79: 514640 | P79: 12.8 | Q79: CB
A80: Leicester | B80: 284 | C80: 122 | D80: 122.5 | E80: -0.5 | I80: 53750 | J80: 170 | K80: 6557500 | L80: 86908 | M80: 5569.8 | N80: 13228.1 | O80: 272500 | Q80: CB
A81: Lincoln | B81: 270 | C81: 122 | D81: 121.3 | E81: 0.7 | I81: 10000 | J81: 149 | K81: 1220000 | L81: 25193 | M81: 1259.3 | N81: 2504.3 | O81: 76930 | P81: 25.4 | Q81: CB
A82: Liverpool | B82: 306 | C82: 137 | D82: 136.2 | E82: 0.8 | I82: 101268 | J82: 141 | K82: 13873716 | L82: 203153 | M82: 11433.2 | N82: 26083.8 | O82: 745230 | P82: 20.8 | Q82: CB
A83: Manchester | B83: 327 | C83: 138 | D83: 137.5 | E83: 0.5 | I83: 104000 | J83: 133 | K83: 14352000 | L83: 200134 | M83: 10533.6 | N83: 27377.3 | O83: 659170 | P83: 7.7 | Q83: CB
A84: Middlesbrough | B84: 276 | C84: 114 | D84: 113.3 | E84: 0.7 | I84: 19350 | J84: 160 | K84: 2205900 | L84: 45150 | M84: 2363 | N84: 4927.9 | O84: 157690 | P84: 28.9 | Q84: CB
A85: Newcastle-upon-Tyne | B85: 258 | C85: 126 | D85: 125.1 | E85: 0.9 | I85: 46850 | J85: 126 | K85: 5903100 | L85: 87448 | M85: 4681.5 | N85: 11911.3 | O85: 267090 | Q85: CB
A86: Northampton | B86: 278 | C86: 113 | D86: 112.2 | E86: 0.8 | I86: 17885 | J86: 158 | K86: 2021005 | L86: 35019 | M86: 2083.4 | N86: 4317.8 | O86: 104.91 | P86: 5.2 | Q86: CB
A87: Norwich | B87: 316 | C87: 132 | D87: 132.5 | E87: -0.5 | I87: 20750 | J87: 169 | K87: 2739000 | L87: 40757 | M87: 2046.3 | N87: 5061.9 | O87: 119760 | P87: 4.8 | Q87: CB
A88: Nottingham | B88: 276 | C88: 95 | D88: 95 | E88: 0.1 | I88: 57400 | J88: 192 | K88: 5453000 | L88: 98137 | M88: 5488.6 | N88: 14140.4 | O88: 314360 | Q88: CB
A89: Oldham | B89: 312 | C89: 137 | D89: 136.4 | E89: 0.6 | I89: 12100 | J89: 129 | K89: 1657000 | L89: 40358 | M89: 1469.7 | N89: 3180.6 | O89: 114680 | P89: 38.9 | Q89: CB
A90: Oxford | B90: 286 | C90: 120 | D90: 122 | E90: -2 | I90: 25000 | J90: 176 | K90: 3000000 | L90: 29518 | M90: 2651.8 | N90: 6306.2 | O90: 106560 | Q90: CB
A91: Plymouth | B91: 252 | C91: 113 | D91: 112.3 | E91: 0.8 | I91: 33747 | J91: 126 | K91: 3813411 | L91: 52821 | M91: 4077.9 | N91: 7952.3 | O91: 209900 | P91: 10.4 | Q91: CB
A92: Portsmouth | B92: 232 | C92: 112 | D92: 111.7 | E92: 0.3 | I92: 36105 | J92: 113 | K92: 4043760 | L92: 63365 | M92: 4776.7 | N92: 8664.7 | O92: 226670 | P92: 9.7 | Q92: CB
A93: Preston | B93: 294 | C93: 121 | D93: 120.9 | E93: 0.1 | I93: 16460 | J93: 177 | K93: 1991660 | L93: 35861 | M93: 1765.6 | N93: 4257 | O93: 112130 | P93: 13.7 | Q93: CB
A94: Reading | B94: 264 | C94: 90 | D94: 92 | E94: -2 | I94: 25600 | J94: 181 | K94: 2304000 | L94: 36415 | M94: 2748.5 | N94: 6225 | O94: 121420 | Q94: CB
A95: Rochdale | B95: 297 | C95: 124 | D95: 124.5 | E95: -0.5 | I95: 9815 | J95: 123 | K95: 1217060 | L95: 31057 | M95: 1172.7 | N95: 2534.5 | O95: 86130 | P95: 35.7 | Q95: CB
A96: Rotherham | B96: 300 | C96: 122 | D96: 125.8 | E96: -3.8 | I96: 13005 | J96: 168 | K96: 1586610 | L96: 26922 | M96: 1199.5 | N96: 3301.9 | O96: 86220 | P96: 13.5 | Q96: CB
A97: St. Helens | B97: 288 | C97: 114 | D97: 113 | E97: 1 | I97: 13400 | J97: 206 | K97: 1527600 | L97: 31642 | M97: 1433.5 | N97: 3304.6 | O97: 108260 | P97: 30.8 | Q97: CB
A98: Salford | B98: 312 | C98: 138 | D98: 137.3 | E98: 0.7 | I98: 18400 | J98: 155 | K98: 2539200 | L98: 47344 | M98: 2084.5 | N98: 4766.6 | O98: 154000 | P98: 29.5 | Q98: CB
A99: Sheffield | B99: 312 | C99: 112 | D99: 111.5 | E99: 0.6 | I99: 81629 | J99: 182 | K99: 9142448 | L99: 16614 | M99: 7193.6 | N99: 19955.2 | O99: 495240 | P99: 9.6 | Q99: CB
A100: Smethwick | B100: 276 | C100: 114 | D100: 113.9 | E100: 0.1 | I100: 10500 | J100: 201 | K100: 197000 | L100: 21236 | M100: 954.6 | N100: 2633.1 | O100: 68680 | P100: 12.9 | Q100: CB
A101: Southampton | B101: 244 | C101: 113 | D101: 113 | I101: 41550 | J101: 150 | K101: 4695150 | L101: 62850 | M101: 4725.6 | N101: 10288.8 | O101: 205790 | Q101: CB
A102: Southend-on-Sea | B102: 240 | C102: 122 | D102: 122.7 | E102: -0.7 | I102: 30790 | J102: 135 | K102: 3756380 | L102: 53154 | M102: 4953.7 | N102: 7617.2 | O102: 166130 | Q102: CB
...

Sheet Poundage_63-64_County_Boroug_62
A2: RATE POUNDAGES, PENNY RATE PRODUCTS, RATEABLE VALUES, POPULATION, AND RATE-DEFICIENCY GRANT PERCENTAGES
A4: County Boroughs
A6: TABLE 6 (PART II)
B7: Rate Poundage | D7: Rate poundage 1963-64 for | F7: Penny rate product 1963-64 | G7: Change in penny rate product from 1962-63 | H7: Rate call 1963-64 | I7: Rateable values in April 1963 | L7: Population mid 1962 | M7: Rate deficiency grant 1963-64
A8: Local Authority | B8: 1962-63 | C8: 1963-64 | D8: Local purposes | E8: Transitional adjustment | I8: Domestic | K8: Total
A9: Table 4 & Table 6 excluding WALES | B9: 1 | C9: 2 | D9: 3 | E9: 4 | F9: 5 | G9: 6 | H9: 7 | I9: 8 | J9: 9 | K9: 10 | L9: 11 | M9: 12
B10: pence | C10: pence | D10: pence | E10: pence | F10: £ | G10: % | H10: £ | I10: Nos. | J10: £000 | K10: £000 | M10: %
A11: ENGLAND
A12: Barnsley | B12: 324 | C12: 141 | D12: 141.5 | E12: -0.5 | F12: 8417 | G12: 157 | H12: 1186797 | I12: 23685 | J12: 903.6 | K12: 2135.6 | L12: 74910 | M12: 35.8
A13: Barrow-in-Furness | B13: 288 | C13: 126 | D13: 125.6 | E13: 0.4 | F13: 8100 | G13: 132 | H13: 1020600 | I13: 20718 | J13: 1004.9 | K13: 2095.3 | L13: 64890 | M13: 26.6
A14: Bath | B14: 288 | C14: 126 | D14: 126.5 | E14: -0.5 | F14: 12090 | G14: 136 | H14: 1523340 | I14: 25404 | J14: 1725.2 | K14: 2999.3 | L14: 82170 | M14: 16.6
A15: Birkenhead | B15: 257 | C15: 101 | D15: 100.6 | E15: 0.4 | F15: 18275 | G15: 150 | H15: 1845775 | I15: 41193 | J15: 2588.2 | K15: 4661.1 | L15: 142940 | M15: 26.2
A16: Birmingham | B16: 324 | C16: 124 | D16: 123.1 | E16: 0.9 | F16: 200300 | G16: 173 | H16: 24837200 | I16: 317287 | J16: 18187.3 | K16: 49603.3 | L16: 1115080
A17: Blackburn | B17: 306 | C17: 132 | D17: 131.1 | E17: 0.9 | F17: 12060 | G17: 144 | H17: 1591920 | I17: 36918 | J17: 1405.1 | K17: 3092 | L17: 105740 | M17: 34
A18: Blackpool | B18: 209 | C18: 107 | D18: 108.1 | E18: -1.1 | F18: 30800 | G18: 116 | H18: 3295600 | I18: 47632 | J18: 4059 | K18: 7812 | L18: 151250
A19: Bolton | B19: 312 | C19: 124 | D19: 124.3 | E19: -0.3 | F19: 20750 | G19: 152 | H19: 2573000 | I19: 54591 | J19: 2386.2 | K19: 5316.6 | L19: 160650 | M19: 26
A20: Bootle | B20: 253.9 | C20: 125 | D20: 124.3 | E20: 0.7 | F20: 10719 | G20: 147 | H20: 1339875 | I20: 21235 | J20: 1156 | K20: 2730.3 | L20: 83220 | M20: 25.8
A21: Bournemouth | B21: 188 | C21: 96 | D21: 97.6 | E21: -1.6 | F21: 37700 | G21: 136 | H21: 3619200 | I21: 48235 | J21: 5570.4 | K21: 9580.9 | L21: 149830
A22: Bradford | B22: 294 | C22: 123 | D22: 122.3 | E22: 0.7 | F22: 37000 | G22: 143 | H22: 4551000 | I22: 99708 | J22: 4051.9 | K22: 9187.8 | L22: 296220 | M22: 30.5
A23: Brighton | B23: 226 | C23: 90 | D23: 90.8 | E23: -0.8 | F23: 43350 | G23: 174 | H23: 3901500 | I23: 53878 | J23: 6673.7 | K23: 10821.2 | L23: 162200
A24: Bristol | B24: 246 | C24: 117 | D24: 117.3 | E24: -0.3 | F24: 80500 | G24: 156 | H24: 9418500 | I24: 130015 | J24: 9046.8 | K24: 19525.4 | L24: 434260
A25: Burnley | B25: 306 | C25: 132 | D25: 132 | E25: 0.1 | F25: 9250 | G25: 143 | H25: 1221000 | I25: 27637 | J25: 918.8 | K25: 2335.7 | L25: 80540 | M25: 34.8
A26: Burton-upon-Trent | B26: 308 | C26: 124 | D26: 123.7 | E26: 0.3 | F26: 9125 | G26: 204 | H26: 1131500 | I26: 16113 | J26: 815.8 | K26: 2216.9 | L26: 50610
A27: Bury | B27: 252 | C27: 104 | D27: 103.3 | E27: 0.7 | F27: 7550 | G27: 140 | H27: 785200 | I27: 21499 | J27: 950.5 | K27: 1897.7 | L27: 61120 | M27: 29.7
A28: Canterbury | B28: 225 | C28: 104 | D28: 104.2 | E28: -0.2 | F28: 5500 | G28: 132 | H28: 572000 | I28: 9787 | J28: 590.3 | K28: 1334.3 | L28: 30720
A29: Carlisle | B29: 300 | C29: 118 | D29: 121 | E29: -3 | F29: 9955 | G29: 168 | H29: 1174690 | I29: 23369 | J29: 1177 | K29: 2440.6 | L29: 70800 | M29: 20.6
A30: Chester | B30: 270 | C30: 118 | D30: 118 | F30: 11060 | G30: 172 | H30: 1305080 | I30: 18867 | J30: 1225.7 | K30: 2709.9 | L30: 59030
A31: Coventry | B31: 300 | C31: 126 | D31: 125.8 | E31: 0.2 | F31: 50000 | G31: 140 | H31: 6300000 | I31: 95028 | J31: 5793.5 | K31: 12201.2 | L31: 310640 | M31: 9.4
A32: Croydon | B32: 240 | C32: 96 | D32: 96 | F32: 58806 | G32: 175 | H32: 5645376 | I32: 76424 | J32: 7333.5 | K32: 13885.8 | L32: 253690
A33: Darlington | B33: 258 | C33: 108 | D33: 106.8 | E33: 1.2 | F33: 14100 | G33: 151 | H33: 1552800 | I33: 27076 | J33: 1570 | K33: 3573.2 | L33: 84400 | M33: 3.8
A34: Derby | B34: 306 | C34: 114 | D34: 112.9 | E34: 1.1 | F34: 26200 | G34: 187 | H34: 2986800 | I34: 41340 | J34: 2133.2 | K34: 6532.9 | L34: 131910
A35: Dewsbury | B35: 298 | C35: 134 | D35: 133.7 | E35: 0.3 | F35: 5590 | G35: 132 | H35: 749060 | I35: 18731 | J35: 620 | K35: 1477.7 | L35: 53520 | M35: 38.9
A36: Doncaster | B36: 312 | C36: 128 | D36: 129.2 | E36: -1.2 | F36: 15000 | G36: 176 | H36: 1920000 | I36: 27010 | J36: 1582.5 | K36: 3662.7 | L36: 86460 | M36: 3.4
A37: Dudley | B37: 294 | C37: 116 | D37: 116 | F37: 10825 | G37: 209 | H37: 1255700 | I37: 18688 | J37: 1022.7 | K37: 2677.5 | L37: 63820 | M37: 5
A38: Eastbourne | B38: 214 | C38: 110 | D38: 112.3 | E38: -2.3 | F38: 12950 | G38: 111 | H38: 1424500 | I38: 20876 | J38: 2106.8 | K38: 3269.7 | L38: 61250
A39: East Ham | B39: 328 | C39: 120 | D39: 120.8 | E39: -0.8 | F39: 16250 | G39: 168 | H39: 1950000 | I39: 31621 | J39: 2270 | K39: 4017.4 | L39: 105430 | M39: 14.8
A40: Exeter | B40: 252 | C40: 124 | D40: 125.4 | E40: -1.4 | F40: 17200 | G40: 133 | H40: 2132800 | I40: 24284 | J40: 1843.5 | K40: 4394.1 | L40: 78950
A41: Gateshead | B41: 330 | C41: 142 | D41: 141.5 | E41: 0.5 | F41: 12500 | G41: 150 | H41: 1775000 | I41: 33694 | J41: 1371.1 | K41: 3200.3 | L41: 103120 | M41: 30
A42: Gloucester | B42: 314 | C42: 150 | D42: 152.8 | E42: -2.8 | F42: 10460 | G42: 122 | H42: 1569000 | I42: 19966 | J42: 1083 | K42: 2559.6 | L42: 70180 | M42: 17.1
A43: Great Yarmouh | B43: 272 | C43: 136 | D43: 137.4 | E43: -1.4 | F43: 9010 | G43: 126 | H43: 1225360 | I43: 17319 | J43: 843.8 | K43: 2226.2 | L43: 52450 | M43: 4.5
A44: Grimsby | B44: 279 | C44: 127 | D44: 126.7 | E44: 0.3 | F44: 13775 | G44: 169 | H44: 1749425 | I44: 29561 | J44: 1649.4 | K44: 3420.7 | L44: 96780 | M44: 18.6
A45: Halifax | B45: 306 | C45: 126 | D45: 126 | F45: 10400 | G45: 122 | H45: 1310400 | I45: 34440 | J45: 1117.2 | K45: 2578.3 | L45: 96250 | M45: 39
A46: Hastings | B46: 280 | C46: 120 | D46: 122.3 | E46: -2.3 | F46: 10335 | G46: 121 | H46: 1240200 | I46: 23299 | J46: 1747.2 | K46: 2637.6 | L46: 66640 | M46: 9.8
A47: Huddersfield | B47: 312 | C47: 141 | D47: 140.8 | E47: 0.2 | F47: 16300 | G47: 124 | H47: 2298300 | I47: 46118 | J47: 1710.7 | K47: 4001.6 | L47: 131050 | M47: 30.7
A48: Ipswich | B48: 276 | C48: 108 | D48: 106.8 | E48: 1.2 | F48: 19750 | G48: 156 | H48: 2133000 | I48: 37007 | J48: 2304.9 | K48: 4928.9 | L48: 118410 | M48: 6.1
A49: Kingston upon Hull | B49: 324 | C49: 140 | D49: 139 | E49: 1 | F49: 33250 | G49: 126 | H49: 4655000 | I49: 93556 | J49: 3697.1 | K49: 8711.8 | L49: 301640 | M49: 35
A50: Leeds | B50: 288 | C50: 120 | D50: 119.2 | E50: 0.8 | F50: 80175 | G50: 165 | H50: 9621000 | I50: 172974 | J50: 8470.2 | K50: 19716.4 | L50: 514640 | M50: 12.8
A51: Leicester | B51: 284 | C51: 122 | D51: 122.5 | E51: -0.5 | F51: 53750 | G51: 170 | H51: 6557500 | I51: 86908 | J51: 5569.8 | K51: 13228.1 | L51: 272500
A52: Lincoln | B52: 270 | C52: 122 | D52: 121.3 | E52: 0.7 | F52: 10000 | G52: 149 | H52: 1220000 | I52: 25193 | J52: 1259.3 | K52: 2504.3 | L52: 76930 | M52: 25.4
A53: Liverpool | B53: 306 | C53: 137 | D53: 136.2 | E53: 0.8 | F53: 101268 | G53: 141 | H53: 13873716 | I53: 203153 | J53: 11433.2 | K53: 26083.8 | L53: 745230 | M53: 20.8
A54: Manchester | B54: 327 | C54: 138 | D54: 137.5 | E54: 0.5 | F54: 104000 | G54: 133 | H54: 14352000 | I54: 200134 | J54: 10533.6 | K54: 27377.3 | L54: 659170 | M54: 7.7
A55: Middlesbrough | B55: 276 | C55: 114 | D55: 113.3 | E55: 0.7 | F55: 19350 | G55: 160 | H55: 2205900 | I55: 45150 | J55: 2363 | K55: 4927.9 | L55: 157690 | M55: 28.9
A56: Newcastle-upon-Tyne | B56: 258 | C56: 126 | D56: 125.1 | E56: 0.9 | F56: 46850 | G56: 126 | H56: 5903100 | I56: 87448 | J56: 4681.5 | K56: 11911.3 | L56: 267090
A57: Northampton | B57: 278 | C57: 113 | D57: 112.2 | E57: 0.8 | F57: 17885 | G57: 158 | H57: 2021005 | I57: 35019 | J57: 2083.4 | K57: 4317.8 | L57: 104.91 | M57: 5.2
A58: Norwich | B58: 316 | C58: 132 | D58: 132.5 | E58: -0.5 | F58: 20750 | G58: 169 | H58: 2739000 | I58: 40757 | J58: 2046.3 | K58: 5061.9 | L58: 119760 | M58: 4.8
A59: Nottingham | B59: 276 | C59: 95 | D59: 95 | E59: 0.1 | F59: 57400 | G59: 192 | H59: 5453000 | I59: 98137 | J59: 5488.6 | K59: 14140.4 | L59: 314360
A60: Oldham | B60: 312 | C60: 137 | D60: 136.4 | E60: 0.6 | F60: 12100 | G60: 129 | H60: 1657000 | I60: 40358 | J60: 1469.7 | K60: 3180.6 | L60: 114680 | M60: 38.9
A61: Oxford | B61: 286 | C61: 120 | D61: 122 | E61: -2 | F61: 25000 | G61: 176 | H61: 3000000 | I61: 29518 | J61: 2651.8 | K61: 6306.2 | L61: 106560
A62: Plymouth | B62: 252 | C62: 113 | D62: 112.3 | E62: 0.8 | F62: 33747 | G62: 126 | H62: 3813411 | I62: 52821 | J62: 4077.9 | K62: 7952.3 | L62: 209900 | M62: 10.4
A63: Portsmouth | B63: 232 | C63: 112 | D63: 111.7 | E63: 0.3 | F63: 36105 | G63: 113 | H63: 4043760 | I63: 63365 | J63: 4776.7 | K63: 8664.7 | L63: 226670 | M63: 9.7
A64: Preston | B64: 294 | C64: 121 | D64: 120.9 | E64: 0.1 | F64: 16460 | G64: 177 | H64: 1991660 | I64: 35861 | J64: 1765.6 | K64: 4257 | L64: 112130 | M64: 13.7
A65: Reading | B65: 264 | C65: 90 | D65: 92 | E65: -2 | F65: 25600 | G65: 181 | H65: 2304000 | I65: 36415 | J65: 2748.5 | K65: 6225 | L65: 121420
A66: Rochdale | B66: 297 | C66: 124 | D66: 124.5 | E66: -0.5 | F66: 9815 | G66: 123 | H66: 1217060 | I66: 31057 | J66: 1172.7 | K66: 2534.5 | L66: 86130 | M66: 35.7
A67: Rotherham | B67: 300 | C67: 122 | D67: 125.8 | E67: -3.8 | F67: 13005 | G67: 168 | H67: 1586610 | I67: 26922 | J67: 1199.5 | K67: 3301.9 | L67: 86220 | M67: 13.5
A68: St. Helens | B68: 288 | C68: 114 | D68: 113 | E68: 1 | F68: 13400 | G68: 206 | H68: 1527600 | I68: 31642 | J68: 1433.5 | K68: 3304.6 | L68: 108260 | M68: 30.8
A69: Salford | B69: 312 | C69: 138 | D69: 137.3 | E69: 0.7 | F69: 18400 | G69: 155 | H69: 2539200 | I69: 47344 | J69: 2084.5 | K69: 4766.6 | L69: 154000 | M69: 29.5
A70: Sheffield | B70: 312 | C70: 112 | D70: 111.5 | E70: 0.6 | F70: 81629 | G70: 182 | H70: 9142448 | I70: 16614 | J70: 7193.6 | K70: 19955.2 | L70: 495240 | M70: 9.6
A71: Smethwick | B71: 276 | C71: 114 | D71: 113.9 | E71: 0.1 | F71: 10500 | G71: 201 | H71: 197000 | I71: 21236 | J71: 954.6 | K71: 2633.1 | L71: 68680 | M71: 12.9
A72: Southampton | B72: 244 | C72: 113 | D72: 113 | F72: 41550 | G72: 150 | H72: 4695150 | I72: 62850 | J72: 4725.6 | K72: 10288.8 | L72: 205790
A73: Southend-on-Sea | B73: 240 | C73: 122 | D73: 122.7 | E73: -0.7 | F73: 30790 | G73: 135 | H73: 3756380 | I73: 53154 | J73: 4953.7 | K73: 7617.2 | L73: 166130
A74: Southport | B74: 225 | C74: 103 | D74: 104.6 | E74: -1.6 | F74: 15292 | G74: 137 | H74: 1575076 | I74: 25984 | J74: 2391.8 | K74: 3795.6 | L74: 80730
A75: South Shields | B75: 270 | C75: 110 | D75: 109.6 | E75: 0.4 | F75: 12021 | G75: 152 | H75: 1322310 | I75: 36361 | J75: 1637.3 | K75: 2992.1 | L75: 109300 | M75: 38
A76: Stockport | B76: 256 | C76: 101 | D76: 100.8 | E76: 0.2 | F76: 20010 | G76: 188 | H76: 2021010 | I76: 48577 | J76: 2741.7 | K76: 5039.2 | L76: 142570 | M76: 20.4
A77: Stoke-on-Trent | B77: 312 | C77: 132 | D77: 133.3 | E77: -1.3 | F77: 34600 | G77: 183 | H77: 4567200 | I77: 82416 | J77: 3392.4 | K77: 8674.6 | L77: 266130 | M77: 26.1
A78: Sunderland | B78: 268 | C78: 116 | D78: 116.1 | E78: -0.1 | F78: 25714 | G78: 148 | H78: 2982824 | I78: 58013 | J78: 3123.4 | K78: 6446.7 | L78: 190580 | M78: 23.8
A79: Tynemouth | B79: 228 | C79: 96 | D79: 95.6 | E79: 0.4 | F79: 9673 | G79: 155 | H79: 928608 | I79: 23274 | J79: 1328.8 | K79: 2393.6 | L79: 71390 | M79: 23.1
A80: Wakefield | B80: 246 | C80: 126 | D80: 124.7 | E80: 1.3 | F80: 8420 | G80: 139 | H80: 1060920 | I80: 19375 | J80: 812.3 | K80: 2075 | L80: 60560 | M80: 20.2
A81: Waliasey | B81: 288 | C81: 122 | D81: 121.7 | E81: 0.3 | F81: 13815 | G81: 143 | H81: 1685430 | I81: 31444 | J81: 2257.8 | K81: 3485.1 | L81: 103490 | M81: 24.2
A82: Walsall | B82: 270 | C82: 102 | D82: 101.4 | E82: 0.6 | F82: 16625 | G82: 185 | H82: 1695750 | I82: 36104 | J82: 1899.8 | K82: 4158 | L82: 119700 | M82: 20.6
A83: Warrington | B83: 264 | C83: 105 | D83: 105.3 | E83: -0.3 | F83: 12250 | G83: 199 | H83: 1286250 | I83: 23807 | J83: 1027.2 | K83: 3068.8 | L83: 76200 | M83: 8.4
A84: West Bromwich | B84: 280 | C84: 120 | D84: 120.3 | E84: -0.3 | F84: 16500 | G84: 217 | H84: 1980000 | I84: 27825 | J84: 1505.1 | K84: 4015.6 | L84: 97050 | M84: 6.2
A85: West Ham | B85: 304 | C85: 102 | D85: 100.5 | E85: 1.5 | F85: 36500 | G85: 223 | H85: 3723000 | I85: 41921 | J85: 2969.4 | K85: 9328.5 | L85: 156960
A86: West Hartlepool | B86: 248 | C86: 102 | D86: 101.4 | E86: 0.6 | F86: 9100 | G86: 145 | H86: 928200 | I86: 23845 | J86: 1200.7 | K86: 2276 | L86: 78220 | M86: 34.6
A87: Wigan | B87: 294 | C87: 120 | D87: 119.5 | E87: 0.5 | F87: 10900 | G87: 174 | H87: 1308000 | I87: 24625 | J87: 1208.2 | K87: 2743.9 | L87: 78910 | M87: 22.1
A88: Wolverhampton | B88: 276 | C88: 102 | D88: 101.3 | E88: 0.7 | F88: 29100 | G88: 185 | H88: 2968200 | I88: 45114 | J88: 2682.9 | K88: 7343.7 | L88: 149710
A89: Worcester | B89: 280 | C89: 114 | D89: 113.8 | E89: 0.2 | F89: 11425 | G89: 161 | H89: 1302450 | I89: 21093 | J89: 1217.6 | K89: 2846.7 | L89: 67050 | M89: 3.6
A90: York | B90: 300 | C90: 142 | D90: 140.5 | E90: 1.5 | F90: 14000 | G90: 141 | H90: 1988000 | I90: 33875 | J90: 1598.6 | K90: 3440.9 | L90: 104890 | M90: 24.1
A91: WALES AND MONMOUTH
A92: Cardiff | B92: 238 | C92: 110 | D92: 109.3 | E92: 0.7 | F92: 47500 | G92: 150 | H92: 5225000 | I92: 69976 | J92: 4845.3 | K92: 11317.5 | L92: 260160
A93: Merthyr Tydfil | B93: 342 | C93: 150 | D93: 150.5 | E93: -0.5 | F93: 4720 | G93: 164 | H93: 708000 | I93: 18312 | J93: 525.2 | K93: 1264.1 | L93: 58940 | M93: 53.9
A94: Newport (Mon.) | B94: 312 | C94: 124 | D94: 126.6 | E94: -2.6 | F94: 18920 | G94: 192 | H94: 2346080 | I94: 31145 | J94: 2027.6 | K94: 4626.1 | L94: 108550 | M94: 2.5
A95: Swansea | B95: 300 | C95: 112 | D95: 112.9 | E95: -0.9 | F95: 26475 | G95: 170 | H95: 2965200 | I95: 50068 | J95: 3247.8 | K95: 6630.5 | L95: 169180 | M95: 11.8

Sheet 1963-64 PI Table 6(III)
A2: RATE POUNDAGES, PENNY RATE PRODUCTS, RATEABLE VALUES, POPULATION, AND RATE-DEFICIENCY GRANT PERCENTAGES
A4: County District Councils
A6: TABLE 6 (PART III)
B7: Rate Poundage | D7: Rate poundage 1963-64 for | G7: Average rate poundage 1963-64 | H7: Penny rate product 1963-64 | I7: Change in peny rate product from 1962-63 | J7: Rate call 1963-64 | K7: Rateable values in 1963 | M7: Total | N7: Population mid 1962 | O7: Rate deficiency grant 1963-64
A8: Local Authority | B8: 1962-63 | C8: 1963-64 | D8: Local purposes | E8: County purposes | F8: Transitional adjustment | K8: Domestic
B9: 1 | C9: 2 | D9: 3 | E9: 4 | F9: 5 | G9: 6 | H9: 7 | I9: 8 | J9: 9 | K9: 10 | L9: 11 | M9: 12 | N9: 13 | O9: 14
B10: pence | C10: pence | D10: pence | E10: pence | F10: pence | G10: pence | H10: £ | I10: % | J10: £ | K10: No. | L10: £000 | M10: £000 | O10: %
A11: ENGLAND
A12: BEDFORD | B12: 181.8 | C12: 62.8 | H12: 82863 | I12: 252 | J12: 5203796 | K12: 120413 | L12: 9075.9 | M12: 19919.7 | N12: 395990
A13: Bedford | B13: 300 | C13: 105 | D13: 40.6 | E13: 63.5 | F13: 0.9 | H13: 14675 | I13: 228 | J13: 1540875 | K13: 19131 | L13: 1505.3 | M13: 3471.7 | N13: 64740
A14: Dunstable | B14: 290 | C14: 88 | D14: 20.7 | E14: 66.8 | F14: 0.5 | H14: 9054 | I14: 372 | J14: 796752 | K14: 8447 | L14: 771.4 | M14: 2209.3 | N14: 26480
A15: Luton | B15: 280 | C15: 92 | D15: 28.5 | E15: 63.2 | F15: 0.3 | H15: 34000 | I15: 266 | J15: 3128000 | K15: 41861 | L15: 3702.2 | M15: 8377.4 | N15: 134820
A16: Ampthill | B16: 252 | C16: 86 | D16: 18.8 | E16: 66.9 | F16: 0.3 | H16: 500 | I16: 184 | J16: 43000 | K16: 1310 | L16: 79.8 | M16: 125.8 | N16: 4020 | O16: 32.4
A17: Biggleswade | B17: 274 | C17: 96 | D17: 28.4 | E17: 66.9 | F17: 0.7 | H17: 1338 | I17: 208 | J17: 128448 | K17: 2640 | L17: 137 | M17: 319.9 | N17: 8460 | O17: 13.1
A18: Kempston | B18: 286 | C18: 98 | D18: 30.6 | E18: 66.9 | F18: 0.5 | H18: 1560 | I18: 259 | J18: 152880 | K18: 2905 | L18: 200.5 | M18: 367.3 | N18: 9370 | O18: 9.1
A19: Leighton Buzzard | B19: 264 | C19: 94 | D19: 27 | E19: 66.9 | F19: 0.1 | H19: 2175 | I19: 260 | J19: 204450 | K19: 3706 | L19: 264.5 | M19: 572 | N19: 12060 | O19: 1.3
A20: Sandy | B20: 256 | C20: 92 | D20: 24.4 | E20: 66.9 | F20: 0.7 | H20: 472 | I20: 178 | J20: 43424 | K20: 1292 | L20: 61 | M20: 109 | N20: 3990 | O20: 33.3
A21: Ampthill | B21: 250 | C21: 87 | D21: 19.2 | E21: 66.9 | F21: 0.9 | G21: 89.1 | H21: 3424 | I21: 190 | J21: 304986 | K21: 8585 | L21: 446.2 | M21: 861.9 | N21: 27110 | O21: 26.8
A22: Beford | B22: 250 | C22: 87 | D22: 19.3 | E22: 66.9 | F22: 0.8 | G22: 88.6 | H22: 6250 | I22: 188 | J22: 553552 | K22: 10870 | L22: 591.2 | M22: 1307 | N22: 34460 | O22: 5.7
A23: Biggleswade | B23: 224 | C23: 81 | D23: 12.6 | E23: 66.9 | F23: 1.6 | G23: 85.8 | H23: 2800 | I23: 175 | J23: 240153 | K23: 7725 | L23: 352.9 | M23: 605.9 | N23: 29390 | O23: 48.4
A24: Luton | B24: 261 | C24: 89.3 | D24: 21.9 | E24: 66.9 | F24: 0.5 | G24: 91 | H24: 6655 | I24: 302 | J24: 605668 | K24: 11941 | L24: 963.9 | M24: 1637.6 | N24: 41090 | O24: 9.6
A25: BERKSHIRE | B25: 209 | C25: 81.8 | H25: 71580 | I25: 204 | J25: 5855244 | K25: 116455 | L25: 9678.5 | M25: 16754.9 | N25: 405900 | O25: 2.3
A26: Abingdon | B26: 328 | C26: 124 | D26: 41.4 | E26: 84 | F26: -1.4 | H26: 2400 | I26: 176 | J26: 297600 | K26: 4258 | L26: 300.1 | M26: 578.9 | N26: 14940 | O26: 11.4
A27: Maidenhead | B27: 310 | C27: 114 | D27: 33 | E27: 82.3 | F27: -1.3 | H27: 8460 | I27: 238 | J27: 964440 | K27: 11045 | L27: 1104.6 | M27: 2043.2 | N27: 35850
A28: Newbury | B28: 282 | C28: 114 | D28: 34.3 | E28: 81.8 | F28: -2.1 | H28: 4050 | I28: 180 | J28: 461700 | K28: 6622 | L28: 499.8 | M28: 1004 | N28: 20700
A29: New Windsor | B29: 294 | C29: 111 | D29: 28.7 | E29: 83.5 | F29: -1.2 | H29: 4951 | I29: 200 | J29: 549561 | K29: 7792 | L29: 676.7 | M29: 1177.5 | N29: 28350 | O29: 3.9
A30: Wallingford | B30: 318 | C30: 122 | D30: 38.9 | E30: 84 | F30: -0.9 | H30: 1110 | I30: 231 | J30: 135420 | K30: 1542 | L30: 106.6 | M30: 269.1 | N30: 5100
A31: Wokingham | B31: 312 | C31: 112 | D31: 29 | E31: 84 | F31: -1 | H31: 2810 | I31: 285 | J31: 314720 | K31: 4043 | L31: 387.5 | M31: 693.1 | N31: 12260
A32: Wantage | B32: 294 | C32: 112 | D32: 28 | E32: 84 | H32: 833 | I32: 187 | J32: 93296 | K32: 1776 | L32: 119.5 | M32: 201.5 | N32: 6350 | O32: 28.4
A33: Abingdon | B33: 273 | C33: 104 | D33: 20.5 | E33: 84 | F33: -0.5 | G33: 106 | H33: 4452 | I33: 161 | J33: 471792 | K33: 8489 | L33: 690.2 | M33: 1062.8 | N33: 32510 | O33: 23.2
A34: Bradfield | B34: 268 | C34: 102 | D34: 18.5 | E34: 84 | F34: -0.5 | G34: 104.1 | H34: 5300 | I34: 176 | J34: 551724 | K34: 9035 | L34: 657.8 | M34: 1120.2 | N34: 30180 | O34: 5.2
A35: Cookham | B35: 312 | C35: 121 | D35: 36.9 | E35: 84 | F35: 0.1 | G35: 122.4 | H35: 3100 | I35: 216 | J35: 379414 | K35: 5113 | L35: 511.1 | M35: 768.1 | N35: 17110
A36: Easthampstead | B36: 281 | C36: 108 | D36: 24 | E36: 84 | G36: 109.3 | H36: 9303 | I36: 228 | J36: 1016691 | K36: 13062 | L36: 1151.4 | M36: 2108.3 | N36: 47500
A37: Farringdon | B37: 260 | C37: 100 | D37: 15.7 | E37: 84 | F37: 0.4 | G37: 102.1 | H37: 1520 | I37: 165 | J37: 155223 | K37: 3730 | L37: 190.7 | M37: 322.6 | N37: 14420 | O37: 41.3
A38: Hungerford | B38: 271 | C38: 108 | D38: 23.1 | E38: 84 | F38: 0.9 | G38: 111.2 | H38: 1025 | I38: 184 | J38: 113992 | K38: 3097 | L38: 161.3 | M38: 254 | N38: 10270 | O38: 43.8
A39: Newbury | B39: 263 | C39: 104 | D39: 20.6 | E39: 84 | F39: -0.6 | G39: 106.1 | H39: 3589 | I39: 173 | J39: 380614 | K39: 5533 | L39: 386.3 | M39: 880 | N39: 21650 | O39: 6.1
A40: Wallingford | B40: 286 | C40: 104 | D40: 19 | E40: 84 | F40: 0.9 | G40: 107.6 | H40: 2189 | I40: 177 | J40: 235556 | K40: 5173 | L40: 337.7 | M40: 521.9 | N40: 19770 | O40: 34.9
A41: Wantage | B41: 261 | C41: 104 | D41: 20.9 | E41: 84 | F41: -0.9 | G41: 104.8 | H41: 2889 | I41: 138 | J41: 302787 | K41: 4769 | L41: 272.2 | M41: 558.3 | N41: 17050 | O41: 5.3
A42: Windsor | B42: 273 | C42: 100 | D42: 16.6 | E42: 84 | F42: -0.6 | G42: 102.4 | H42: 3144 | I42: 208 | J42: 322066 | K42: 4402 | L42: 476.1 | M42: 776.8 | N42: 15940
A43: Wokingham | B43: 270 | C43: 103 | D43: 18.8 | E43: 84 | F43: 0.2 | G43: 105.1 | H43: 10400 | I43: 241 | J43: 1092559 | K43: 16974 | L43: 1648.8 | M43: 2414.7 | N43: 55950 | O43: 0.2
A44: BUCKINGHAM | B44: 197 | C44: 78 | H44: 111710 | I44: 220 | J44: 8713380 | K44: 152727 | L44: 13915.5 | M44: 27063.2 | N44: 505130
A45: Aylesbury | B45: 332 | C45: 119 | D45: 37.7 | E45: 81 | F45: 0.3 | H45: 7240 | I45: 224 | J45: 861560 | K45: 9082 | L45: 687.6 | M45: 1687.8 | N45: 29090
A46: Buckingham | B46: 294 | C46: 112 | D46: 30.6 | E46: 81 | F46: 0.4 | H46: 776 | I46: 193 | J46: 86912 | K46: 1459 | L46: 79.5 | M46: 194.6 | N46: 4390
A47: High Wycombe | B47: 300 | C47: 112 | D47: 33.6 | E47: 78 | F47: 0.4 | H47: 13350 | I47: 218 | J47: 1495200 | K47: 15664 | L47: 1512.9 | M47: 3240 | N47: 52880
A48: Slough | B48: 306 | C48: 112 | D48: 30.6 | E48: 80.8 | F48: 0.6 | H48: 29000 | I48: 269 | J48: 3248000 | K48: 23961 | L48: 2213.5 | M48: 7047.2 | N48: 82700
A49: Beaconfield | B49: 274 | C49: 106 | D49: 24.8 | E49: 81 | F49: 0.2 | H49: 2550 | I49: 198 | J49: 270300 | K49: 3094 | L49: 457.7 | M49: 639.9 | N49: 10330
A50: Bletchley | B50: 302 | C50: 118 | D50: 36.5 | E50: 81 | F50: 0.5 | H50: 4050 | I50: 224 | J50: 477900 | K50: 5579 | L50: 413 | M50: 935.7 | N50: 18290
A51: Chesham | B51: 282 | C51: 108 | D51: 27 | E51: 81 | H51: 3300 | I51: 220 | J51: 356400 | K51: 5906 | L51: 490.5 | M51: 796.7 | N51: 17510
A52: Eton | B52: 288 | C52: 112 | D52: 31 | E52: 80.8 | F52: 0.2 | H52: 685 | I52: 138 | J52: 76720 | K52: 1143 | L52: 92.9 | M52: 198.9 | N52: 5450 | O52: 18.5
A53: Linslade | B53: 272 | C53: 110 | D53: 28.5 | E53: 81 | F53: 0.5 | H53: 720 | I53: 213 | J53: 79200 | K53: 1428 | L53: 105.5 | M53: 182.8 | N53: 4310 | O53: 4.2
A54: Marlow | B54: 318 | C54: 122 | D54: 40.9 | E54: 81 | F54: 0.1 | H54: 1620 | I54: 186 | J54: 197640 | K54: 2813 | L54: 260.8 | M54: 396.2 | N54: 8930
A55: Newport Pagnell | B55: 303 | C55: 118 | D55: 36.2 | E55: 81 | F55: 0.8 | H55: 880 | I55: 193 | J55: 103840 | K55: 1719 | L55: 93.8 | M55: 220.6 | N55: 4720
A56: Wolverston | B56: 310 | C56: 122 | D56: 39.3 | E56: 81 | F56: 1.8 | H56: 1550 | I56: 140 | J56: 189100 | K56: 4635 | L56: 214.1 | M56: 379.4 | N56: 12990 | O56: 339
A57: Amersham | B57: 280 | C57: 109 | D57: 27.5 | E57: 81 | F57: 0.5 | G57: 111.5 | H57: 10660 | I57: 194 | J57: 1188160 | K57: 17743 | L57: 2034 | M57: 2590.5 | N57: 56980
A58: Aylesbury | B58: 266 | C58: 102 | D58: 19.6 | E58: 81 | F58: 1.4 | G58: 103.8 | H58: 4300 | I58: 174 | J58: 446385 | K58: 9221 | L58: 616.1 | M58: 918.4 | N58: 34250 | O58: 31.3
A59: Buckingham | B59: 259 | C59: 105.5 | D59: 25.3 | E59: 78.5 | F59: 1.7 | G59: 109.8 | H59: 1134 | I59: 191 | J59: 124488 | K59: 2744 | L59: 135 | M59: 311.5 | N59: 9430 | O59: 28.2
A60: Eton | B60: 264 | C60: 100 | D60: 18.5 | E60: 81 | F60: 0.6 | G60: 101.5 | H60: 16780 | I60: 215 | J60: 1702480 | K60: 19880 | L60: 2430 | M60: 4167.1 | N60: 68630
A61: Newport Pagnell | B61: 270 | C61: 104 | D61: 21.2 | E61: 81 | F61: 1.8 | G61: 106.8 | H61: 1645 | I61: 197 | J61: 175760 | K61: 4983 | L61: 264.3 | M61: 429.9 | N61: 14130 | O61: 32
A62: Wing | B62: 286 | C62: 108 | D62: 25.2 | E62: 81 | F62: 1.8 | G62: 109 | H62: 1290 | I62: 235 | J62: 140653 | K62: 3027 | L62: 186.7 | M62: 331.7 | N62: 9040 | O62: 15
A63: Winslow | B63: 258 | C63: 94.5 | D63: 14.5 | E63: 78.5 | F63: 1.5 | G63: 99.2 | H63: 900 | I63: 205 | J63: 89302 | K63: 2728 | L63: 143.1 | M63: 221.2 | N63: 7980 | O63: 37.4
A64: Wycombe | B64: 294 | C64: 108 | D64: 26.3 | E64: 81 | F64: 0.8 | G64: 109.9 | H64: 9285 | I64: 212 | J64: 1020638 | K64: 15918 | L64: 1484.5 | M64: 2173.2 | N64: 53100 | O64: 2.9
A65: CAMBRIDGE | B65: 204 | C65: 80 | H65: 31764 | I65: 193 | J65: 2541120 | K65: 59629 | L65: 3914.1 | M65: 7763.3 | N65: 193390 | O65: 12.5
A66: Cambridge | B66: 300 | C66: 120 | D66: 42.5 | E66: 80 | F66: -2.5 | H66: 21000 | I66: 184 | J66: 2520000 | K66: 28761 | L66: 2377.5 | M66: 5155.8 | N66: 95380
A67: Chesterton | B67: 285 | C67: 110 | D67: 16.6 | E67: 92 | F67: 1.4 | G67: 111.9 | H67: 5585 | I67: 208 | J67: 625146 | K67: 13971 | L67: 831.2 | M67: 1353.4 | N67: 46970 | O67: 30.4
A68: Newmarket | B68: 279 | C68: 108 | D68: 14.2 | E68: 92 | F68: 1.8 | G68: 112.6 | H68: 1940 | I68: 218 | J68: 218396 | K68: 7397 | L68: 305.2 | M68: 478.8 | N68: 21100 | O68: 50
A69: South Cambridgeshire | B69: 266 | C69: 105 | D69: 12 | E69: 92 | F69: 1 | G69: 108.5 | H69: 3236 | I69: 214 | J69: 351162 | K69: 9500 | L69: 400.3 | M69: 775.2 | N69: 29940 | O69: 40.3
A70: CHESTER | B70: 181 | C70: 70 | H70: 151968 | I70: 188 | J70: 10637760 | K70: 312297 | L70: 21276.2 | M70: 37353.5 | N70: 944190 | O70: 10.7
A71: Altincham | B71: 306 | C71: 120 | D71: 50.7 | E71: 70 | F71: -0.7 | H71: 6550 | I71: 158 | J71: 786000 | K71: 13515 | L71: 955.3 | M71: 1625.7 | N71: 41300 | O71: 10.8
A72: Bebington | B72: 274 | C72: 106 | D72: 36.1 | E72: 70 | F72: -0.1 | H72: 10000 | I72: 155 | J72: 1060000 | K72: 16925 | L72: 1268.2 | M72: 2458.2 | N72: 52980
A73: Congleton | B73: 300 | C73: 119 | D73: 45.1 | E73: 72.9 | F73: 1 | H73: 2255 | I73: 186 | J73: 263345 | K73: 5895 | L73: 282 | M73: 576.4 | N73: 17020 | O73: 23.6
A74: Crewe | B74: 296 | C74: 114 | D74: 42.7 | E74: 70.3 | F74: 1 | H74: 7380 | I74: 202 | J74: 841320 | K74: 17408 | L74: 828.1 | M74: 1849.8 | N74: 53580 | O74: 22
A75: Dunkinfield | B75: 252 | C75: 108 | D75: 36.6 | E75: 70.5 | F75: 0.9 | H75: 1800 | I75: 169 | J75: 194400 | K75: 6116 | L75: 243.2 | M75: 487.7 | N75: 17410 | O75: 38.1
A76: Ellesmere Port | B76: 262 | C76: 101 | D76: 30.5 | E76: 70.5 | H76: 12500 | I76: 221 | J76: 1262500 | K76: 13734 | L76: 826.4 | M76: 3204.7 | N76: 46120
A77: Hyde | B77: 302 | C77: 120 | D77: 47.8 | E77: 70.5 | F77: 1.7 | H77: 4200 | I77: 188 | J77: 504000 | K77: 11525 | L77: 522.6 | M77: 1032.2 | N77: 31960 | O77: 26.8
A78: Macclesfield | B78: 306 | C78: 117 | D78: 46.5 | E78: 70.5 | H78: 4910 | I78: 173 | J78: 574470 | K78: 13226 | L78: 666 | M78: 1216.5 | N78: 37610 | O78: 25.3
A79: Sale | B79: 282 | C79: 111 | D79: 41.3 | E79: 70 | F79: -0.3 | H79: 7355 | I79: 172 | J79: 816405 | K79: 17182 | L79: 1386.4 | M79: 1788.8 | N79: 52160 | O79: 22.9
A80: Stalybridge | B80: 286 | C80: 114 | D80: 43 | E80: 70.5 | F80: 0.5 | H80: 2460 | I80: 151 | J80: 280440 | K80: 7824 | L80: 307.1 | M80: 622.5 | N80: 22140 | O80: 36.6
A81: Alderley Bridge | B81: 306 | C81: 126 | D81: 55.3 | E81: 72.8 | F81: -2.1 | H81: 645 | I81: 185 | J81: 81270 | K81: 1220 | L81: 112.8 | M81: 160.4 | N81: 3670 | O81: 1.5
A82: Alsager | B82: 264 | C82: 106 | D82: 32.7 | E82: 73 | F82: 0.3 | H82: 1113 | I82: 178 | J82: 117978 | K82: 2685 | L82: 182.5 | M82: 282.5 | N82: 8310 | O82: 19.8
A83: Bollington | B83: 274 | C83: 103 | D83: 30 | E83: 71.9 | F83: 1.1 | H83: 660 | I83: 200 | J83: 57980 | K83: 2012 | L83: 93.8 | M83: 159.1 | N83: 5690 | O83: 37.8
A84: Bowdon | B84: 268 | C84: 108 | D84: 39.4 | E84: 70.5 | F84: -1.9 | H84: 781 | I84: 184 | J84: 84348 | K84: 1427 | L84: 164.7 | M84: 192.8 | N84: 4440 | O84: 2.7
A85: Bredbury & Romiley | B85: 270 | C85: 106 | D85: 32.4 | E85: 73.2 | F85: 0.5 | H85: 3308 | I85: 214 | J85: 350648 | K85: 8002 | L85: 520.9 | M85: 804.8 | N85: 23020 | O85: 21.6
A86: Cheadle & Gatley | B86: 276 | C86: 105 | D86: 33.5 | E86: 72.5 | F86: -1 | H86: 8430 | I86: 228 | J86: 885150 | K86: 16586 | L86: 1529.9 | M86: 2013.3 | N86: 47940 | O86: 5.4
A87: Hale | B87: 303 | C87: 117 | D87: 47.9 | E87: 70.5 | F87: -1.4 | H87: 2841 | I87: 179 | J87: 332397 | K87: 5222 | L87: 588.9 | M87: 691.9 | N87: 15270
A88: Hazel Grove & Bramhall | B88: 261 | C88: 98 | D88: 26.2 | E88: 72.6 | F88: -0.8 | H88: 6293 | I88: 251 | J88: 616714 | K88: 10466 | L88: 1113.4 | M88: 1521.2 | N88: 30800
A89: Hoylake | B89: 270 | C89: 106 | D89: 35.3 | E89: 72.8 | F89: -2.1 | H89: 5000 | I89: 147 | J89: 530000 | K89: 10692 | L89: 1023.3 | M89: 1237.3 | N89: 32220 | O89: 13.9
A90: Knutsford | B90: 268 | C90: 104 | D90: 34.1 | E90: 70.5 | F90: -0.6 | H90: 1345 | I90: 180 | J90: 141225 | K90: 2986 | L90: 229 | M90: 329.8 | N90: 9670 | O90: 23.7
A91: Longendale | B91: 297 | C91: 120 | D91: 46.5 | E91: 71.9 | F91: 1.6 | H91: 452 | I91: 169 | J91: 52240 | K91: 1847 | L91: 65.3 | M91: 113.6 | N91: 4710 | O91: 46.6
A92: Lymm | B92: 288 | C92: 108 | D92: 34.5 | E92: 72.5 | F92: 1.1 | H92: 869 | I92: 200 | J92: 93852 | K92: 2561 | L92: 160.5 | M92: 223.5 | N92: 7600 | O92: 34.1
A93: Marple | B93: 254 | C93: 96 | D93: 23.2 | E93: 72.8 | H93: 2340 | I93: 232 | J93: 224640 | K93: 6336 | L93: 461.4 | M93: 575.8 | N93: 17860 | O93: 27.8
A94: Middlewich | B94: 252 | C94: 94 | D94: 23.4 | E94: 70.5 | F94: 0.1 | H94: 1028 | I94: 178 | J94: 96632 | K94: 2243 | L94: 103.7 | M94: 252.4 | N94: 7060 | O94: 19.9
A95: Nantwich | B95: 273 | C95: 108 | D95: 38.3 | E95: 70.5 | F95: -0.8 | H95: 1380 | I95: 182 | J95: 149040 | K95: 3646 | L95: 201.9 | M95: 357.6 | N95: 10790 | O95: 24.9
A96: Neston | B96: 285 | C96: 107 | D96: 36.4 | E96: 70.5 | F96: 0.1 | H96: 1986 | I96: 199 | J96: 212502 | K96: 4223 | L96: 340.5 | M96: 483.2 | N96: 12760 | O96: 17.2
A97: Northwich | B97: 255 | C97: 96 | D97: 25.1 | E97: 70.5 | F97: 0.4 | H97: 5970 | I97: 214 | J97: 573120 | K97: 6395 | L97: 303.4 | M97: 1443.6 | N97: 19530
A98: Runcorn | B98: 278 | C98: 105 | D98: 34.1 | E98: 70.5 | F98: 0.4 | H98: 5124 | I98: 189 | J98: 538020 | K98: 8576 | L98: 434.9 | M98: 1227.8 | N98: 26640
A99: Sanbach | B99: 273 | C99: 100 | D99: 28 | E99: 71.9 | F99: 0.1 | H99: 1543 | I99: 203 | J99: 154300 | K99: 3458 | L99: 194.7 | M99: 394.5 | N99: 10090 | O99: 13.5
A100: Wilmslow | B100: 329 | C100: 122 | D100: 50.2 | E100: 72.4 | F100: -0.6 | H100: 4450 | I100: 202 | J100: 542900 | K100: 7941 | L100: 741.5 | M100: 1048.8 | N100: 22420
A101: Winsford | B101: 277 | C101: 109 | D101: 35.8 | E101: 72 | F101: 1.2 | H101: 1450 | I101: 184 | J101: 158050 | K101: 4235 | L101: 193.9 | M101: 337.6 | N101: 12860 | O101: 40.2
A102: Wirral | B102: 300 | C102: 118 | D102: 45.5 | E102: 73.4 | F102: -0.9 | H102: 3520 | I102: 192 | J102: 415360 | K102: 7750 | L102: 707.7 | M102: 857.5 | N102: 22070 | O102: 12.3
A103: Bucklow | B103: 242 | C103: 91 | D103: 18.4 | E103: 72 | F103: 0.6 | G103: 92.3 | H103: 4460 | I103: 188 | J103: 411458 | K103: 5264 | L103: 328.9 | M103: 1174.6 | N103: 19090
...

Sheet RVs_Cty_62_Checked
A1: Local Authority | B1: Domestic
B2: £1-£100(1) | D2: £101-£200(2) | F2: Over £200(3) | H2: Shops (4) | J2: Offices | L2: Other Commerical(6) | N2: Industrial(7) | P2: Crown(8) | Q2: Other(9) | R2: Total(10)
B3: Nos. | C3: Value(£) | D3: Nos. | E3: Value(£) | F3: Nos. | G3: Value(£) | H3: Nos. | I3: Value£ | J3: Nos. | K3: Value(£) | L3: Nos. | M3: Value(£) | N3: Nos. | O3: Value(£) | P3: Value(£) | Q3: Value(£) | R3: Value(£)
A4: ENGLAND
A5: Bedford | B5: 94395 | C5: 5995951 | D5: 23474 | E5: 2801957 | F5: 669 | G5: 165895 | H5: 4544 | I5: 2026133 | J5: 892 | K5: 222767 | L5: 12011 | M5: 1111506 | N5: 890 | O5: 4956717 | P5: 305242 | Q5: 2333528 | R5: 19919697
A6: Berkshire | B6: 83883 | C6: 5411141 | D6: 24584 | E6: 3129517 | F6: 3050 | G6: 860872 | H6: 3739 | I6: 1319046 | J6: 636 | K6: 185437 | L6: 11562 | M6: 1010592 | N6: 464 | O6: 2013695 | P6: 776706 | Q6: 2047869 | R6: 16754875
A7: Buckingham | B7: 102530 | C7: 6796285 | D7: 40009 | E7: 5152642 | F7: 5992 | G7: 1681620 | H7: 5147 | I7: 2226308 | J7: 903 | K7: 328388 | L7: 14654 | M7: 1828457 | N7: 1354 | O7: 5615628 | P7: 367820 | Q7: 3026046 | R7: 27063194
A8: Cambridge | B8: 46726 | C8: 2404320 | D8: 8230 | E8: 1068055 | F8: 1187 | G8: 297774 | H8: 2013 | I8: 932272 | J8: 401 | K8: 184723 | L8: 4969 | M8: 486667 | N8: 274 | O8: 807693 | P8: 177294 | Q8: 1404288 | R8: 7763086
A9: Chester | B9: 256314 | C9: 14094145 | D9: 43814 | E9: 5678392 | F9: 4214 | G9: 1085954 | H9: 12659 | I9: 2578173 | J9: 1562 | K9: 310200 | L9: 23702 | M9: 1390582 | N9: 1653 | O9: 7097824 | P9: 321987 | Q9: 4796295 | R9: 37353552
A10: Cornwall | B10: 98374 | C10: 4136909 | D10: 7446 | E10: 953733 | F10: 590 | G10: 157404 | H10: 6045 | I10: 928449 | J10: 928 | K10: 83639 | L10: 14053 | M10: 1135069 | N10: 494 | O10: 587643 | P10: 190016 | Q10: 1981759 | R10: 10154621
A11: Cumberland | B11: 61003 | C11: 2626887 | D11: 2056 | E11: 247805 | F11: 80 | G11: 19005 | H11: 2946 | I11: 450563 | J11: 404 | K11: 39998 | L11: 7848 | M11: 370195 | N11: 264 | O11: 867835 | P11: 347680 | Q11: 1203004 | R11: 6172972
A12: Derbyshire | B12: 230298 | C12: 10785102 | D12: 8199 | E12: 1024212 | F12: 526 | G12: 133080 | H12: 9285 | I12: 1424686 | J12: 1008 | K12: 148121 | L12: 20521 | M12: 1060641 | N12: 1344 | O12: 3972681 | P12: 182270 | Q12: 4835440 | R12: 23566233
A13: Devon | B13: 135252 | C13: 7059758 | D13: 23419 | E13: 2996185 | F13: 2104 | G13: 529044 | H13: 8918 | I13: 1772755 | J13: 1310 | K13: 123053 | L13: 18111 | M13: 2104264 | N13: 780 | O13: 957112 | P13: 250390 | Q13: 2912159 | R13: 18704720
A14: Dorset | B14: 72986 | C14: 4220148 | D14: 18494 | E14: 2383755 | F14: 2473 | G14: 680434 | H14: 4304 | I14: 1097889 | J14: 606 | K14: 121308 | L14: 8443 | M14: 826112 | N14: 469 | O14: 836531 | P14: 264055 | Q14: 1715802 | R14: 12146034
A15: Durham | B15: 294596 | C15: 12415350 | D15: 4173 | E15: 505704 | F15: 148 | G15: 37709 | H15: 10089 | I15: 1768081 | J15: 1321 | K15: 222969 | L15: 32932 | M15: 110744 | N15: 882 | O15: 6531299 | P15: 246352 | Q15: 5402078 | R15: 28236986
A16: Essex | B16: 466003 | C16: 30964912 | D16: 110911 | E16: 13621243 | F16: 3806 | G16: 938051 | H16: 20980 | I16: 7674626 | J16: 2872 | K16: 895153 | L16: 48602 | M16: 4590577 | N16: 2691 | O16: 15972553 | P16: 695523 | Q16: 9756874 | R16: 85109512
... A53: Yorkshire, West Riding | B53: 527584 | C53: 20401304 | D53: 12998 | E53: 1644913 | F53: 1092 | G53: 282938 | H53: 22771 | I53: 2357561 | J53: 2670 | K53: 289770 | L53: 55646 | M53: 2299475 | N53: 4335 | O53: 6549402 | P53: 481777 | Q53: 9017865 | R53: 43325005

Sheet RVs_Districts_62_Checked
B1: Local Authority | C1: Domestic Nos. £1-£100(1) | D1: Domestic Value(£) £1-£100(1) | E1: Domestic Nos. £101-£200(2) | F1: Domestic Value(£) £101-£200(2) | G1: Domestic Nos. Over £200(3) | H1: Domestic Value(£) Over £200(3) | I1: Nos. Shops (4) | J1: Value£ Shops (4) | K1: Nos. Shops (4) | L1: Value(£) Shops (4) | M1: Nos. Other Commerical(6) | N1: Value(£) Other Commerical(6) | O1: Nos. Industrial(7) | P1: Value(£) Industrial(7) | Q1: Value(£) Crown(8) | R1: Value(£)Other(9) | S1: Value(£) Total(10) | T1: Domestic heriditaments total | U1: Domestic heriditaments ratio | V1: Type of authority | W1: Concat Name | X1: 1961 Lookup | Y1: 1971 Lookup | Z1: 81_cty
A2: City of London | B2: City of London | C2: 521 | D2: 30955 | E2: 492 | F2: 68621 | G2: 180 | H2: 71777 | I2: 1609 | J2: 2159501 | K2: 10939 | L2: 34130573 | M2: 2632 | N2: 3572588 | O2: 101 | P2: 1254849 | Q2: 880766 | R2: 159688 | S2: 43766318 | T2: =SUM(D2+F2+H2) -> 171353 | U2: =T2/S2 -> 0.0039151797 | W2: City of London (County Corporate) LCC | X2: =INDEX(Lookup!$A$2:$A$1349, MATCH(W2, Lookup!$B$2:$B$1349,0)) -> J04000321 | Y2: =INDEX(Lookup!$F$2:$F$1349, MATCH(W2, Lookup!$B$2:$B$1349,0)) -> e140370 | Z2: =INDEX(Lookup!$C$2:$C$1300, MATCH(X2, Lookup!$A$2:$A$1300,0)) -> Inner London
A3: Battersea | B3: Battersea | C3: 21091 | D3: 1430988 | E3: 6695 | F3: 886364 | G3: 405 | H3: 90799 | I3: 1649 | J3: 460965 | K3: 205 | L3: 44039 | M3: 1644 | N3: 390391 | O3: 217 | P3: 712069 | Q3: 32587 | R3: 605786 | S3: 4653988 | T3: =SUM(D3+F3+H3) -> 2408151 | U3: =T3/S3 -> 0.51743816 | V3: MB | W3: =_xlfn.CONCAT(B3," ",V3) -> Battersea MB | X3: =INDEX(Lookup!$A$2:$A$1349, MATCH(W3, Lookup!$B$2:$B$1349,0)) -> J04000102 | Y3: =INDEX(Lookup!$F$2:$F$1349, MATCH(W3, Lookup!$B$2:$B$1349,0)) -> e140408 | Z3: =INDEX(Lookup!$C$2:$C$1300, MATCH(X3, Lookup!$A$2:$A$1300,0)) -> Inner London
A4: Bermondsey | B4: Bermondsey | C4: 14876 | D4: 881394 | E4: 302 | F4: 35783 | G4: 5 | H4: 1218 | I4: 954 | J4: 191855 | K4: 370 | L4: 159355 | M4: 1402 | N4: 1418735 | O4: 362 | P4: 1046104 | Q4: 75645 | R4: 278577 | S4: 4088666 | T4: =SUM(D4+F4+H4) -> 918395 | U4: =T4/S4 -> 0.22461972 | V4: MB | W4: =_xlfn.CONCAT(B4," ",V4) -> Bermondsey MB | X4: =INDEX(Lookup!$A$2:$A$1349, MATCH(W4, Lookup!$B$2:$B$1349,0)) -> J04000127 | Y4: =INDEX(Lookup!$F$2:$F$1349, MATCH(W4, Lookup!$B$2:$B$1349,0)) -> e140402 | Z4: =INDEX(Lookup!$C$2:$C$1300, MATCH(X4, Lookup!$A$2:$A$1300,0)) -> Inner London
A5: Bethnal Green | B5: Bethnal Green | C5: 12261 | D5: 825291 | E5: 2419 | F5: 261791 | G5: 7 | H5: 1694 | I5: 984 | J5: 229247 | K5: 58 | L5: 14364 | M5: 1110 | N5: 266681 | O5: 691 | P5: 576420 | Q5: 15354 | R5: 218554 | S5: 2409396 | T5: =SUM(D5+F5+H5) -> 1088776 | U5: =T5/S5 -> 0.45188753 | V5: MB | W5: =_xlfn.CONCAT(B5," ",V5) -> Bethnal Green MB | X5: =INDEX(Lookup!$A$2:$A$1349, MATCH(W5, Lookup!$B$2:$B$1349,0)) -> J04000130 | Y5: =INDEX(Lookup!$F$2:$F$1349, MATCH(W5, Lookup!$B$2:$B$1349,0)) -> e140405 | Z5: =INDEX(Lookup!$C$2:$C$1300, MATCH(X5, Lookup!$A$2:$A$1300,0)) -> Inner London
A6: Camberwell | B6: Camberwell | C6: 31924 | D6: 2355689 | E6: 12981 | F6: 1635281 | G6: 756 | H6: 190258 | I6: 2807 | J6: 848595 | K6: 240 | L6: 70753 | M6: 3763 | N6: 598370 | O6: 480 | P6: 895262 | Q6: 50783 | R6: 624746 | S6: 7269737 | T6: =SUM(D6+F6+H6) -> 4181228 | U6: =T6/S6 -> 0.57515533 | V6: MB | W6: =_xlfn.CONCAT(B6," ",V6) -> Camberwell MB | X6: =INDEX(Lookup!$A$2:$A$1349, MATCH(W6, Lookup!$B$2:$B$1349,0)) -> J04000254 | Y6: =INDEX(Lookup!$F$2:$F$1349, MATCH(W6, Lookup!$B$2:$B$1349,0)) -> e140402 | Z6: =INDEX(Lookup!$C$2:$C$1300, MATCH(X6, Lookup!$A$2:$A$1300,0)) -> Inner London
A7: Chelsea | B7: Chelsea | C7: 3047 | D7: 182556 | E7: 5158 | F7: 759914 | G7: 8815 | H7: 3418873 | I7: 864 | J7: 900311 | K7: 274 | L7: 251374 | M7: 1524 | N7: 817912 | O7: 60 | P7: 150890 | Q7: 71385 | R7: 431530 | S7: 6984745 | T7: =SUM(D7+F7+H7) -> 4361343 | U7: =T7/S7 -> 0.62440977 | V7: MB | W7: =_xlfn.CONCAT(B7," ",V7) -> Chelsea MB | X7: =INDEX(Lookup!$A$2:$A$1349, MATCH(W7, Lookup!$B$2:$B$1349,0)) -> J04000290 | Y7: =INDEX(Lookup!$F$2:$F$1349, MATCH(W7, Lookup!$B$2:$B$1349,0)) -> e140392 | Z7: =INDEX(Lookup!$C$2:$C$1300, MATCH(X7, Lookup!$A$2:$A$1300,0)) -> Inner London
A8: Deptford | B8: Deptford | C8: 14819 | D8: 985657 | E8: 3471 | F8: 432051 | G8: 112 | H8: 24360 | I8: 1098 | J8: 310067 | K8: 93 | L8: 14422 | M8: 1626 | N8: 244613 | O8: 141 | P8: 539827 | Q8: 9775 | R8: 270398 | S8: 2831170 | T8: =SUM(D8+F8+H8) -> 1442068 | U8: =T8/S8 -> 0.50935408 | V8: MB | W8: =_xlfn.CONCAT(B8," ",V8) -> Deptford MB | X8: =INDEX(Lookup!$A$2:$A$1349, MATCH(W8, Lookup!$B$2:$B$1349,0)) -> J04000399 | Y8: =INDEX(Lookup!$F$2:$F$1349, MATCH(W8, Lookup!$B$2:$B$1349,0)) -> e140397 | Z8: =INDEX(Lookup!$C$2:$C$1300, MATCH(X8, Lookup!$A$2:$A$1300,0)) -> Inner London
A9: Finsbury | B9: Finsbury | C9: 4355 | D9: 262712 | E9: 4371 | F9: 619516 | G9: 298 | H9: 73366 | I9: 951 | J9: 632624 | K9: 1113 | L9: 2633238 | M9: 2579 | N9: 2680231 | O9: 103 | P9: 1273025 | Q9: 380542 | R9: 471288 | S9: 9026542 | T9: =SUM(D9+F9+H9) -> 955594 | U9: =T9/S9 -> 0.1058649 | V9: MB | W9: =_xlfn.CONCAT(B9," ",V9) -> Finsbury MB | X9: =INDEX(Lookup!$A$2:$A$1349, MATCH(W9, Lookup!$B$2:$B$1349,0)) -> J04000504 | Y9: =INDEX(Lookup!$F$2:$F$1349, MATCH(W9, Lookup!$B$2:$B$1349,0)) -> e140390 | Z9: =INDEX(Lookup!$C$2:$C$1300, MATCH(X9, Lookup!$A$2:$A$1300,0)) -> Inner London
A10: Fulham | B10: Fulham | C10: 14286 | D10: 1102886 | E10: 14673 | F10: 1887633 | G10: 1310 | H10: 345931 | I10: 1917 | J10: 504944 | K10: 193 | L10: 156662 | M10: 1424 | N10: 495663 | O10: 209 | P10: 576694 | Q10: 112679 | R10: 564904 | S10: 5747996 | T10: =SUM(D10+F10+H10) -> 3336450 | U10: =T10/S10 -> 0.58045447 | V10: MB | W10: =_xlfn.CONCAT(B10," ",V10) -> Fulham MB | X10: =INDEX(Lookup!$A$2:$A$1349, MATCH(W10, Lookup!$B$2:$B$1349,0)) -> J04000521 | Y10: =INDEX(Lookup!$F$2:$F$1349, MATCH(W10, Lookup!$B$2:$B$1349,0)) -> e140384 | Z10: =INDEX(Lookup!$C$2:$C$1300, MATCH(X10, Lookup!$A$2:$A$1300,0)) -> Inner London
A11: Greenwich | B11: Greenwich | C11: 18986 | D11: 1216827 | E11: 5254 | F11: 672408 | G11: 397 | H11: 93830 | I11: 1005 | J11: 146188 | K11: 106 | L11: 18928 | M11: 2193 | N11: 465856 | O11: 180 | P11: 1316830 | Q11: 139121 | R11: 904857 | S11: 4974845 | T11: =SUM(D11+F11+H11) -> 1983065 | U11: =T11/S11 -> 0.39861845 | V11: MB | W11: =_xlfn.CONCAT(B11," ",V11) -> Greenwich MB | X11: =INDEX(Lookup!$A$2:$A$1349, MATCH(W11, Lookup!$B$2:$B$1349,0)) -> J04000553 | Y11: =INDEX(Lookup!$F$2:$F$1349, MATCH(W11, Lookup!$B$2:$B$1349,0)) -> e140381 | Z11: =INDEX(Lookup!$C$2:$C$1300, MATCH(X11, Lookup!$A$2:$A$1300,0)) -> Inner London
A12: Hackney | B12: Hackney | C12: 21631 | D12: 1678613 | E12: 18720 | F12: 2454814 | G12: 753 | H12: 170425 | I12: 2726 | J12: 846994 | K12: 224 | L12: 80811 | M12: 3348 | N12: 600339 | O12: 1107 | P12: 1569788 | Q12: 48046 | R12: 678255 | S12: 8128085 | T12: =SUM(D12+F12+H12) -> 4303852 | U12: =T12/S12 -> 0.52950381 | V12: MB | W12: =_xlfn.CONCAT(B12," ",V12) -> Hackney MB | X12: =INDEX(Lookup!$A$2:$A$1349, MATCH(W12, Lookup!$B$2:$B$1349,0)) -> J04000560 | Y12: =INDEX(Lookup!$F$2:$F$1349, MATCH(W12, Lookup!$B$2:$B$1349,0)) -> e140382 | Z12: =INDEX(Lookup!$C$2:$C$1300, MATCH(X12, Lookup!$A$2:$A$1300,0)) -> Inner London
A13: Hammersmith | B13: Hammersmith | C13: 11284 | D13: 879768 | E13: 12815 | F13: 1707302 | G13: 1149 | H13: 296839 | I13: 1725 | J13: 913223 | K13: 263 | L13: 482021 | M13: 1534 | N13: 628238 | O13: 250 | P13: 1514683 | Q13: 127038 | R13: 1139569 | S13: 7688681 | T13: =SUM(D13+F13+H13) -> 2883909 | U13: =T13/S13 -> 0.37508501 | V13: MB | W13: =_xlfn.CONCAT(B13," ",V13) -> Hammersmith MB | X13: =INDEX(Lookup!$A$2:$A$1349, MATCH(W13, Lookup!$B$2:$B$1349,0)) -> J04000572 | Y13: =INDEX(Lookup!$F$2:$F$1349, MATCH(W13, Lookup!$B$2:$B$1349,0)) -> e140384 | Z13: =INDEX(Lookup!$C$2:$C$1300, MATCH(X13, Lookup!$A$2:$A$1300,0)) -> Inner London
A14: Hampstead | B14: Hampstead | C14: 1769 | D14: 125011 | E14: 12211 | F14: 1864792 | G14: 10606 | H14: 3401215 | I14: 1509 | J14: 806015 | K14: 213 | L14: 82191 | M14: 3415 | N14: 701408 | O14: 24 | P14: 76495 | Q14: 4851 | R14: 453822 | S14: 7559461 | T14: =SUM(D14+F14+H14) -> 5391018 | U14: =T14/S14 -> 0.71314846 | V14: MB | W14: =_xlfn.CONCAT(B14," ",V14) -> Hampstead MB | X14: =INDEX(Lookup!$A$2:$A$1349, MATCH(W14, Lookup!$B$2:$B$1349,0)) -> J04000573 | Y14: =INDEX(Lookup!$F$2:$F$1349, MATCH(W14, Lookup!$B$2:$B$1349,0)) -> e140376 | Z14: =INDEX(Lookup!$C$2:$C$1300, MATCH(X14, Lookup!$A$2:$A$1300,0)) -> Inner London
... A30: Woolwich | B30: Woolwich | C30: 35894 | D30: 2644842 | E30: 9426 | F30: 1123459 | G30: 138 | H30: 32562 | I30: 1654 | J30: 873344 | K30: 212 | L30: 109729 | M30: 3329 | N30: 434119 | O30: 129 | P30: 953561 | Q30: 317484 | R30: 1075469 | S30: 7564569 | T30: =SUM(D30+F30+H30) -> 3800863 | U30: =T30/S30 -> 0.50245599 | V30: MB | W30: =_xlfn.CONCAT(B30," ",V30) -> Woolwich MB | X30: =INDEX(Lookup!$A$2:$A$1349, MATCH(W30, Lookup!$B$2:$B$1349,0)) -> J04001449 | Y30: =INDEX(Lookup!$F$2:$F$1349, MATCH(W30, Lookup!$B$2:$B$1349,0)) -> e140381 | Z30: =INDEX(Lookup!$C$2:$C$1300, MATCH(X30, Lookup!$A$2:$A$1300,0)) -> Inner London
A31: ENGLAND | B31: ENGLAND | W31: =_xlfn.CONCAT(B31," ",V31) -> ENGLAND | X31: =INDEX(Lookup!$A$2:$A$1349, MATCH(W31, Lookup!$B$2:$B$1349,0)) -> #N/A | Y31: =INDEX(Lookup!$F$2:$F$1349, MATCH(W31, Lookup!$B$2:$B$1349,0)) -> #N/A | Z31: =INDEX(Lookup!$C$2:$C$1300, MATCH(X31, Lookup!$A$2:$A$1300,0)) -> #N/A
A32: County Boroughs-- | B32: County Boroughs-- | W32: =_xlfn.CONCAT(B32," ",V32) -> County Boroughs-- | X32: =INDEX(Lookup!$A$2:$A$1349, MATCH(W32, Lookup!$B$2:$B$1349,0)) -> #N/A | Y32: =INDEX(Lookup!$F$2:$F$1349, MATCH(W32, Lookup!$B$2:$B$1349,0)) -> #N/A | Z32: =INDEX(Lookup!$C$2:$C$1300, MATCH(X32, Lookup!$A$2:$A$1300,0)) -> #N/A
A33: Barnsley | B33: Barnsley | C33: 23444 | D33: 875640 | E33: 216 | F33: 26155 | G33: 4 | H33: 932 | I33: 1063 | J33: 416081 | K33: 163 | L33: 27086 | M33: 2402 | N33: 162525 | O33: 118 | P33: 198882 | Q33: 16607 | R33: 411708 | S33: 2135616 | T33: =SUM(D33+F33+H33) -> 902727 | U33: =T33/S33 -> 0.42270099 | V33: CB | W33: =_xlfn.CONCAT(B33," ",V33) -> Barnsley CB | X33: =INDEX(Lookup!$A$2:$A$1349, MATCH(W33, Lookup!$B$2:$B$1349,0)) -> J04000087 | Y33: =INDEX(Lookup!$F$2:$F$1349, MATCH(W33, Lookup!$B$2:$B$1349,0)) -> e461199 | Z33: =INDEX(Lookup!$C$2:$C$1300, MATCH(X33, Lookup!$A$2:$A$1300,0)) -> South Yorkshire
A34: Barrow-in-Furness | B34: Barrow-in-Furness | C34: 20299 | D34: 961141 | E34: 356 | F34: 41398 | G34: 1 | H34: 202 | I34: 1079 | J34: 174073 | K34: 132 | L34: 16816 | M34: 1754 | N34: 77607 | O34: 59 | P34: 514594 | Q34: 20343 | R34: 289138 | S34: 2095312 | T34: =SUM(D34+F34+H34) -> 1002741 | U34: =T34/S34 -> 0.47856405 | V34: CB | W34: =_xlfn.CONCAT(B34," ",V34) -> Barrow-in-Furness CB | X34: =INDEX(Lookup!$A$2:$A$1349, MATCH(W34, Lookup!$B$2:$B$1349,0)) -> J04000092 | Y34: =INDEX(Lookup!$F$2:$F$1349, MATCH(W34, Lookup!$B$2:$B$1349,0)) -> e200560 | Z34: =INDEX(Lookup!$C$2:$C$1300, MATCH(X34, Lookup!$A$2:$A$1300,0)) -> Cumbria
A35: Bath | B35: Bath, CITY OF | C35: 21135 | D35: 1157161 | E35: 4007 | F35: 514717 | G35: 212 | H35: 51026 | I35: 1448 | J35: 481372 | K35: 301 | L35: 40881 | M35: 3151 | N35: 196374 | O35: 121 | P35: 174381 | Q35: 46812 | R35: 336580 | S35: 2999304 | T35: =SUM(D35+F35+H35) -> 1722904 | U35: =T35/S35 -> 0.5744346 | V35: CB | W35: =_xlfn.CONCAT(B35," ",V35) -> Bath, CITY OF CB | X35: =INDEX(Lookup!$A$2:$A$1349, MATCH(W35, Lookup!$B$2:$B$1349,0)) -> J04000099 | Y35: =INDEX(Lookup!$F$2:$F$1349, MATCH(W35, Lookup!$B$2:$B$1349,0)) -> e320902 | Z35: =INDEX(Lookup!$C$2:$C$1300, MATCH(X35, Lookup!$A$2:$A$1300,0)) -> Avon
A36: Birkenhead | B36: Birkenhead | C36: 37106 | D36: 2048259 | E36: 3840 | F36: 478440 | G36: 232 | H36: 60836 | I36: 2427 | J36: 494646 | K36: 380 | L36: 55099 | M36: 2845 | N36: 228978 | O36: 225 | P36: 623009 | Q36: 23511 | R36: 648336 | S36: 4661114 | T36: =SUM(D36+F36+H36) -> 2587535 | U36: =T36/S36 -> 0.55513231 | V36: CB | W36: =_xlfn.CONCAT(B36," ",V36) -> Birkenhead CB | X36: =INDEX(Lookup!$A$2:$A$1349, MATCH(W36, Lookup!$B$2:$B$1349,0)) -> J04000149 | Y36: =INDEX(Lookup!$F$2:$F$1349, MATCH(W36, Lookup!$B$2:$B$1349,0)) -> e050068 | Z36: =INDEX(Lookup!$C$2:$C$1300, MATCH(X36, Lookup!$A$2:$A$1300,0)) -> Merseyside
A37: Birmingham | B37: Birmingham, city of | C37: 298127 | D37: 15620023 | E37: 17713 | F37: 2210280 | G37: 1426 | H37: 335902 | I37: 16927 | J37: 6237203 | K37: 4075 | L37: 2322500 | M37: 23294 | N37: 4322194 | O37: 4850 | P37: 12538511 | Q37: 520025 | R37: 5476681 | S37: 49603319 | T37: =SUM(D37+F37+H37) -> 18166205 | U37: =T37/S37 -> 0.36622963 | V37: CB | W37: =_xlfn.CONCAT(B37," ",V37) -> Birmingham, city of CB | X37: =INDEX(Lookup!$A$2:$A$1349, MATCH(W37, Lookup!$B$2:$B$1349,0)) -> J04000150 | Y37: =INDEX(Lookup!$F$2:$F$1349, MATCH(W37, Lookup!$B$2:$B$1349,0)) -> e391064 | Z37: =INDEX(Lookup!$C$2:$C$1300, MATCH(X37, Lookup!$A$2:$A$1300,0)) -> West Midlands
A38: Blackburn | B38: Blackburn | C38: 36202 | D38: 1312575 | E38: 618 | F38: 80297 | G38: 44 | H38: 10751 | I38: 2732 | J38: 376537 | K38: 362 | L38: 42817 | M38: 5916 | N38: 224512 | O38: 444 | P38: 648539 | Q38: 35319 | R38: 360615 | S38: 3091962 | T38: =SUM(D38+F38+H38) -> 1403623 | U38: =T38/S38 -> 0.45395868 | V38: CB | W38: =_xlfn.CONCAT(B38," ",V38) -> Blackburn CB | X38: =INDEX(Lookup!$A$2:$A$1349, MATCH(W38, Lookup!$B$2:$B$1349,0)) -> J04000155 | Y38: =INDEX(Lookup!$F$2:$F$1349, MATCH(W38, Lookup!$B$2:$B$1349,0)) -> e200561 | Z38: =INDEX(Lookup!$C$2:$C$1300, MATCH(X38, Lookup!$A$2:$A$1300,0)) -> Lancashire
A39: Blackpool | B39: Blackpool | C39: 34752 | D39: 2485935 | E39: 12629 | F39: 1520254 | G39: 205 | H39: 49456 | I39: 3479 | J39: 1300317 | K39: 590 | L39: 111950 | M39: 7766 | N39: 1135972 | O39: 369 | P39: 251552 | Q39: 41338 | R39: 915197 | S39: 7811971 | T39: =SUM(D39+F39+H39) -> 4055645 | U39: =T39/S39 -> 0.51915771 | V39: CB | W39: =_xlfn.CONCAT(B39," ",V39) -> Blackpool CB | X39: =INDEX(Lookup!$A$2:$A$1349, MATCH(W39, Lookup!$B$2:$B$1349,0)) -> J04000157 | Y39: =INDEX(Lookup!$F$2:$F$1349, MATCH(W39, Lookup!$B$2:$B$1349,0)) -> e200562 | Z39: =INDEX(Lookup!$C$2:$C$1300, MATCH(X39, Lookup!$A$2:$A$1300,0)) -> Lancashire
A40: Bolton | B40: Bolton | C40: 52745 | D40: 2142426 | E40: 1612 | F40: 209031 | G40: 127 | H40: 30445 | I40: 3336 | J40: 651397 | K40: 470 | L40: 68930 | M40: 5327 | N40: 413499 | O40: 543 | P40: 1074152 | Q40: 37408 | R40: 689293 | S40: 5316581 | T40: =SUM(D40+F40+H40) -> 2381902 | U40: =T40/S40 -> 0.44801386 | V40: CB | W40: =_xlfn.CONCAT(B40," ",V40) -> Bolton CB | X40: =INDEX(Lookup!$A$2:$A$1349, MATCH(W40, Lookup!$B$2:$B$1349,0)) -> J04000173 | Y40: =INDEX(Lookup!$F$2:$F$1349, MATCH(W40, Lookup!$B$2:$B$1349,0)) -> e200563 | Z40: =INDEX(Lookup!$C$2:$C$1300, MATCH(X40, Lookup!$A$2:$A$1300,0)) -> Greater Manchester
A41: Bootle | B41: Bootle | C41: 21009 | D41: 1130490 | E41: 223 | F41: 24807 | G41: 3 | H41: 750 | I41: 920 | J41: 139191 | K41: 221 | L41: 52449 | M41: 1316 | N41: 392272 | O41: 164 | P41: 534430 | Q41: 8452 | R41: 447480 | S41: 2730321 | T41: =SUM(D41+F41+H41) -> 1156047 | U41: =T41/S41 -> 0.42341065 | V41: CB | W41: =_xlfn.CONCAT(B41," ",V41) -> Bootle CB | X41: =INDEX(Lookup!$A$2:$A$1349, MATCH(W41, Lookup!$B$2:$B$1349,0)) -> J04000174 | Y41: =INDEX(Lookup!$F$2:$F$1349, MATCH(W41, Lookup!$B$2:$B$1349,0)) -> e200564 | Z41: =INDEX(Lookup!$C$2:$C$1300, MATCH(X41, Lookup!$A$2:$A$1300,0)) -> Merseyside
A42: Bournemouth | B42: Bournemouth | C42: 22105 | D42: 1811831 | E42: 22142 | F42: 2945582 | G42: 3877 | H42: 805974 | I42: 3225 | J42: 1605835 | K42: 817 | L42: 247813 | M42: 5767 | N42: 1116669 | O42: 161 | P42: 222387 | Q42: 58966 | R42: 765817 | S42: 9580874 | T42: =SUM(D42+F42+H42) -> 5563387 | U42: =T42/S42 -> 0.58067636 | V42: CB | W42: =_xlfn.CONCAT(B42," ",V42) -> Bournemouth CB | X42: =INDEX(Lookup!$A$2:$A$1349, MATCH(W42, Lookup!$B$2:$B$1349,0)) -> J04000179 | Y42: =INDEX(Lookup!$F$2:$F$1349, MATCH(W42, Lookup!$B$2:$B$1349,0)) -> e150411 | Z42: =INDEX(Lookup!$C$2:$C$1300, MATCH(X42, Lookup!$A$2:$A$1300,0)) -> Dorset
A43: Bradford | B43: Bradford, city of | C43: 98258 | D43: 3899162 | E43: 1111 | F43: 138110 | G43: 33 | H43: 7458 | I43: 5256 | J43: 1148744 | K43: 1302 | L43: 303018 | M43: 11690 | N43: 684441 | O43: 1678 | P43: 1810134 | Q43: 100276 | R43: 1096481 | S43: 9187824 | T43: =SUM(D43+F43+H43) -> 4044730 | U43: =T43/S43 -> 0.4402272 | V43: CB | W43: =_xlfn.CONCAT(B43," ",V43) -> Bradford, city of CB | X43: =INDEX(Lookup!$A$2:$A$1349, MATCH(W43, Lookup!$B$2:$B$1349,0)) -> J04000187 | Y43: =INDEX(Lookup!$F$2:$F$1349, MATCH(W43, Lookup!$B$2:$B$1349,0)) -> e461200 | Z43: =INDEX(Lookup!$C$2:$C$1300, MATCH(X43, Lookup!$A$2:$A$1300,0)) -> West Yorkshire
A44: Brighton | B44: Brighton | C44: 20233 | D44: 1649094 | E44: 29417 | F44: 3937245 | G44: 4150 | H44: 1081353 | I44: 3382 | J44: 1715810 | K44: 819 | L44: 271582 | M44: 4528 | N44: 722154 | O44: 340 | P44: 540628 | Q44: 69459 | R44: 833888 | S44: 10821213 | T44: =SUM(D44+F44+H44) -> 6667692 | U44: =T44/S44 -> 0.61616863 | V44: CB | W44: =_xlfn.CONCAT(B44," ",V44) -> Brighton CB | X44: =INDEX(Lookup!$A$2:$A$1349, MATCH(W44, Lookup!$B$2:$B$1349,0)) -> J04000212 | Y44: =INDEX(Lookup!$F$2:$F$1349, MATCH(W44, Lookup!$B$2:$B$1349,0)) -> e371029 | Z44: =INDEX(Lookup!$C$2:$C$1300, MATCH(X44, Lookup!$A$2:$A$1300,0)) -> East Sussex
... A62: Gateshead | B62: Gateshead | C62: 33143 | D62: 1306395 | E62: 537 | F62: 62939 | G62: 6 | H62: 1452 | I62: 1489 | J62: 229802 | K62: 155 | L62: 25178 | M62: 1858 | N62: 257658 | O62: 195 | P62: 840132 | Q62: 22766 | R62: 453979 | S62: 3200301 | T62: =SUM(D62+F62+H62) -> 1370786 | U62: =T62/S62 -> 0.42833034 | V62: CB | W62: =_xlfn.CONCAT(B62," ",V62) -> Gateshead CB | X62: =INDEX(Lookup!$A$2:$A$1349, MATCH(W62, Lookup!$B$2:$B$1349,0)) -> J04000528 | Y62: =INDEX(Lookup!$F$2:$F$1349, MATCH(W62, Lookup!$B$2:$B$1349,0)) -> e110261 | Z62: =INDEX(Lookup!$C$2:$C$1300, MATCH(X62, Lookup!$A$2:$A$1300,0)) -> Tyne And Wear
A63: ENGLAND | B63: ENGLAND | V63: CB | W63: =_xlfn.CONCAT(B63," ",V63) -> ENGLAND CB | X63: =INDEX(Lookup!$A$2:$A$1349, MATCH(W63, Lookup!$B$2:$B$1349,0)) -> #N/A | Y63: =INDEX(Lookup!$F$2:$F$1349, MATCH(W63, Lookup!$B$2:$B$1349,0)) -> #N/A | Z63: =INDEX(Lookup!$C$2:$C$1300, MATCH(X63, Lookup!$A$2:$A$1300,0)) -> #N/A
A64: County Boroughs--contd. | B64: County Boroughs--contd. | V64: CB | W64: =_xlfn.CONCAT(B64," ",V64) -> County Boroughs--contd. CB | X64: =INDEX(Lookup!$A$2:$A$1349, MATCH(W64, Lookup!$B$2:$B$1349,0)) -> #N/A | Y64: =INDEX(Lookup!$F$2:$F$1349, MATCH(W64, Lookup!$B$2:$B$1349,0)) -> #N/A | Z64: =INDEX(Lookup!$C$2:$C$1300, MATCH(X64, Lookup!$A$2:$A$1300,0)) -> #N/A
A65: Gloucester | B65: Gloucester, city and county of | C65: 18935 | D65: 960031 | E65: 1011 | F65: 120557 | G65: 7 | H65: 2004 | I65: 1126 | J65: 427087 | K65: 360 | L65: 62100 | M65: 2027 | N65: 223832 | O65: 127 | P65: 405461 | Q65: 32363 | R65: 326172 | S65: 2559607 | T65: =SUM(D65+F65+H65) -> 1082592 | U65: =T65/S65 -> 0.42295243 | V65: CB | W65: =_xlfn.CONCAT(B65," ",V65) -> Gloucester, city and county of CB | X65: =INDEX(Lookup!$A$2:$A$1349, MATCH(W65, Lookup!$B$2:$B$1349,0)) -> J04000537 | Y65: =INDEX(Lookup!$F$2:$F$1349, MATCH(W65, Lookup!$B$2:$B$1349,0)) -> e130346 | Z65: =INDEX(Lookup!$C$2:$C$1300, MATCH(X65, Lookup!$A$2:$A$1300,0)) -> Gloucestershire
A66: Great Yarmouth | B66: Great Yarmouth | C66: 16551 | D66: 746097 | E66: 729 | F66: 87446 | G66: 36 | H66: 10161 | I66: 1156 | J66: 289704 | K66: 205 | L66: 24641 | M66: 2108 | N66: 308643 | O66: 189 | P66: 328013 | Q66: 17523 | R66: 413968 | S66: 2226196 | T66: =SUM(D66+F66+H66) -> 843704 | U66: =T66/S66 -> 0.37898909 | V66: CB | W66: =_xlfn.CONCAT(B66," ",V66) -> Great Yarmouth CB | X66: =INDEX(Lookup!$A$2:$A$1349, MATCH(W66, Lookup!$B$2:$B$1349,0)) -> J04000552 | Y66: =INDEX(Lookup!$F$2:$F$1349, MATCH(W66, Lookup!$B$2:$B$1349,0)) -> e250758 | Z66: =INDEX(Lookup!$C$2:$C$1300, MATCH(X66, Lookup!$A$2:$A$1300,0)) -> Norfolk
A67: Grimsby | B67: Grimsby | C67: 27934 | D67: 1431700 | E67: 1523 | F67: 196401 | G67: 84 | H67: 20483 | I67: 1833 | J67: 458484 | K67: 876 | L67: 80022 | M67: 1675 | N67: 350837 | O67: 319 | P67: 479710 | Q67: 17857 | R67: 385183 | S67: 3420677 | T67: =SUM(D67+F67+H67) -> 1648584 | U67: =T67/S67 -> 0.4819467 | V67: CB | W67: =_xlfn.CONCAT(B67," ",V67) -> Grimsby CB | X67: =INDEX(Lookup!$A$2:$A$1349, MATCH(W67, Lookup!$B$2:$B$1349,0)) -> J04000554 | Y67: =INDEX(Lookup!$F$2:$F$1349, MATCH(W67, Lookup!$B$2:$B$1349,0)) -> e240736 | Z67: =INDEX(Lookup!$C$2:$C$1300, MATCH(X67, Lookup!$A$2:$A$1300,0)) -> Humberside
A68: Halifax | B68: Halifax | C68: 33863 | D68: 1058679 | E68: 377 | F68: 48347 | G68: 28 | H68: 6967 | I68: 1895 | J68: 316541 | K68: 318 | L68: 54001 | M68: 4781 | N68: 204676 | O68: 465 | P68: 487846 | Q68: 39681 | R68: 361533 | S68: 2578274 | T68: =SUM(D68+F68+H68) -> 1113993 | U68: =T68/S68 -> 0.43206928 | V68: CB | W68: =_xlfn.CONCAT(B68," ",V68) -> Halifax CB | X68: =INDEX(Lookup!$A$2:$A$1349, MATCH(W68, Lookup!$B$2:$B$1349,0)) -> J04000566 | Y68: =INDEX(Lookup!$F$2:$F$1349, MATCH(W68, Lookup!$B$2:$B$1349,0)) -> e461203 | Z68: =INDEX(Lookup!$C$2:$C$1300, MATCH(X68, Lookup!$A$2:$A$1300,0)) -> West Yorkshire
A69: Hastings | B69: Hastings | C69: 18897 | D69: 1160802 | E69: 4057 | F69: 512232 | G69: 295 | H69: 71318 | I69: 1504 | J69: 326730 | K69: 229 | L69: 29600 | M69: 2225 | N69: 179224 | O69: 124 | P69: 87502 | Q69: 25094 | R69: 245069 | S69: 2637571 | T69: =SUM(D69+F69+H69) -> 1744352 | U69: =T69/S69 -> 0.66134788 | V69: CB | W69: =_xlfn.CONCAT(B69," ",V69) -> Hastings CB | X69: =INDEX(Lookup!$A$2:$A$1349, MATCH(W69, Lookup!$B$2:$B$1349,0)) -> J04000584 | Y69: =INDEX(Lookup!$F$2:$F$1349, MATCH(W69, Lookup!$B$2:$B$1349,0)) -> e371031 | Z69: =INDEX(Lookup!$C$2:$C$1300, MATCH(X69, Lookup!$A$2:$A$1300,0)) -> East Sussex
A70: Huddersfield | B70: Huddersfield | C70: 45045 | D70: 1576792 | E70: 892 | F70: 113813 | G70: 65 | H70: 17248 | I70: 2153 | J70: 445194 | K70: 443 | L70: 65205 | M70: 6440 | N70: 280980 | O70: 534 | P70: 867566 | Q70: 31274 | R70: 603572 | S70: 4001644 | T70: =SUM(D70+F70+H70) -> 1707853 | U70: =T70/S70 -> 0.42678784 | V70: CB | W70: =_xlfn.CONCAT(B70," ",V70) -> Huddersfield CB | X70: =INDEX(Lookup!$A$2:$A$1349, MATCH(W70, Lookup!$B$2:$B$1349,0)) -> J04000657 | Y70: =INDEX(Lookup!$F$2:$F$1349, MATCH(W70, Lookup!$B$2:$B$1349,0)) -> e461204 | Z70: =INDEX(Lookup!$C$2:$C$1300, MATCH(X70, Lookup!$A$2:$A$1300,0)) -> West Yorkshire
A71: Ipswich | B71: Ipswich | C71: 34720 | D71: 2024568 | E71: 2234 | F71: 270399 | G71: 38 | H71: 9471 | I71: 1581 | J71: 690249 | K71: 442 | L71: 152271 | M71: 2811 | N71: 347806 | O71: 173 | P71: 739435 | Q71: 34244 | R71: 660506 | S71: 4928949 | T71: =SUM(D71+F71+H71) -> 2304438 | U71: =T71/S71 -> 0.46753131 | V71: CB | W71: =_xlfn.CONCAT(B71," ",V71) -> Ipswich CB | X71: =INDEX(Lookup!$A$2:$A$1349, MATCH(W71, Lookup!$B$2:$B$1349,0)) -> J04000671 | Y71: =INDEX(Lookup!$F$2:$F$1349, MATCH(W71, Lookup!$B$2:$B$1349,0)) -> e340971 | Z71: =INDEX(Lookup!$C$2:$C$1300, MATCH(X71, Lookup!$A$2:$A$1300,0)) -> Suffolk
A72: Kingston upon Hull | B72: Kingston upon Hull, city and county of | C72: 92686 | D72: 3589054 | E72: 825 | F72: 101940 | G72: 23 | H72: 5214 | I72: 4617 | J72: 1342001 | K72: 1591 | L72: 200498 | M72: 5849 | N72: 620175 | O72: 808 | P72: 1416887 | Q72: 54878 | R72: 1381152 | S72: 8711799 | T72: =SUM(D72+F72+H72) -> 3696208 | U72: =T72/S72 -> 0.42427609 | V72: CB | W72: =_xlfn.CONCAT(B72," ",V72) -> Kingston upon Hull, city and county of CB | X72: =INDEX(Lookup!$A$2:$A$1349, MATCH(W72, Lookup!$B$2:$B$1349,0)) -> J04000699 | Y72: =INDEX(Lookup!$F$2:$F$1349, MATCH(W72, Lookup!$B$2:$B$1349,0)) -> e441148 | Z72: =INDEX(Lookup!$C$2:$C$1300, MATCH(X72, Lookup!$A$2:$A$1300,0)) -> Humberside
A73: Leeds | B73: Leeds, city of | C73: 165232 | D73: 7461600 | E73: 7163 | F73: 887228 | G73: 453 | H73: 115686 | I73: 7824 | J73: 2419309 | K73: 2486 | L73: 1176159 | M73: 15160 | N73: 1833802 | O73: 1963 | P73: 2739656 | Q73: 240894 | R73: 2842098 | S73: 19716432 | T73: =SUM(D73+F73+H73) -> 8464514 | U73: =T73/S73 -> 0.42931267 | V73: CB | W73: =_xlfn.CONCAT(B73," ",V73) -> Leeds, city of CB | X73: =INDEX(Lookup!$A$2:$A$1349, MATCH(W73, Lookup!$B$2:$B$1349,0)) -> J04000727 | Y73: =INDEX(Lookup!$F$2:$F$1349, MATCH(W73, Lookup!$B$2:$B$1349,0)) -> e461205 | Z73: =INDEX(Lookup!$C$2:$C$1300, MATCH(X73, Lookup!$A$2:$A$1300,0)) -> West Yorkshire
A74: Leicester | B74: Leicester, city of | C74: 77962 | D74: 4342875 | E74: 8205 | F74: 1052781 | G74: 711 | H74: 172460 | I74: 4877 | J74: 2015985 | K74: 1333 | L74: 385839 | M74: 7247 | N74: 1248029 | O74: 1264 | P74: 2569718 | Q74: 126290 | R74: 1314076 | S74: 13228053 | T74: =SUM(D74+F74+H74) -> 5568116 | U74: =T74/S74 -> 0.42093239 | V74: CB | W74: =_xlfn.CONCAT(B74," ",V74) -> Leicester, city of CB | X74: =INDEX(Lookup!$A$2:$A$1349, MATCH(W74, Lookup!$B$2:$B$1349,0)) -> J04000731 | Y74: =INDEX(Lookup!$F$2:$F$1349, MATCH(W74, Lookup!$B$2:$B$1349,0)) -> e210702 | Z74: =INDEX(Lookup!$C$2:$C$1300, MATCH(X74, Lookup!$A$2:$A$1300,0)) -> Leicestershire
A75: Lincoln | B75: Lincoln, city and county of | C75: 24281 | D75: 1149419 | E75: 845 | F75: 104108 | G75: 16 | H75: 3673 | I75: 1094 | J75: 315061 | K75: 236 | L75: 42849 | M75: 3420 | N75: 151268 | O75: 82 | P75: 386070 | Q75: 34107 | R75: 317719 | S75: 2504274 | T75: =SUM(D75+F75+H75) -> 1257200 | U75: =T75/S75 -> 0.50202174 | V75: CB | W75: =_xlfn.CONCAT(B75," ",V75) -> Lincoln, city and county of CB | X75: =INDEX(Lookup!$A$2:$A$1349, MATCH(W75, Lookup!$B$2:$B$1349,0)) -> J04000746 | Y75: =INDEX(Lookup!$F$2:$F$1349, MATCH(W75, Lookup!$B$2:$B$1349,0)) -> e230727 | Z75: =INDEX(Lookup!$C$2:$C$1300, MATCH(X75, Lookup!$A$2:$A$1300,0)) -> Lincolnshire
A76: Liverpool | B76: Liverpool, city of | C76: 192693 | D76: 10086295 | E76: 9970 | F76: 1234743 | G76: 432 | H76: 108905 | I76: 12250 | J76: 3868495 | K76: 4726 | L76: 1556231 | M76: 12328 | N76: 2003589 | O76: 1673 | P76: 3277547 | Q76: 342052 | R76: 3605965 | S76: 26083822 | T76: =SUM(D76+F76+H76) -> 11429943 | U76: =T76/S76 -> 0.43820047 | V76: CB | W76: =_xlfn.CONCAT(B76," ",V76) -> Liverpool, city of CB | X76: =INDEX(Lookup!$A$2:$A$1349, MATCH(W76, Lookup!$B$2:$B$1349,0)) -> J04000754 | Y76: =INDEX(Lookup!$F$2:$F$1349, MATCH(W76, Lookup!$B$2:$B$1349,0)) -> e200567 | Z76: =INDEX(Lookup!$C$2:$C$1300, MATCH(X76, Lookup!$A$2:$A$1300,0)) -> Merseyside
... A93: Sheffield | B93: Sheffield, city of | C93: 155362 | D93: 6338262 | E93: 5583 | F93: 717921 | G93: 504 | H93: 132605 | I93: 8039 | J93: 2389689 | K93: 1541 | L93: 422513 | M93: 16920 | N93: 1442022 | O93: 1608 | P93: 5808699 | Q93: 193233 | R93: 2510302 | S93: 19955246 | T93: =SUM(D93+F93+H93) -> 7188788 | U93: =T93/S93 -> 0.36024552 | V93: CB | W93: =_xlfn.CONCAT(B93," ",V93) -> Sheffield, city of CB | X93: =INDEX(Lookup!$A$2:$A$1349, MATCH(W93, Lookup!$B$2:$B$1349,0)) -> J04001126 | Y93: =INDEX(Lookup!$F$2:$F$1349, MATCH(W93, Lookup!$B$2:$B$1349,0)) -> e461207 | Z93: =INDEX(Lookup!$C$2:$C$1300, MATCH(X93, Lookup!$A$2:$A$1300,0)) -> South Yorkshire
A94: Smethwick | B94: Smethwick | C94: 21048 | D94: 931878 | E94: 188 | F94: 22758 | G94: _ | H94: _ | I94: 1482 | J94: 268923 | K94: 110 | L94: 16012 | M94: 1650 | N94: 149406 | O94: 176 | P94: 983486 | Q94: 5944 | R94: 254644 | S94: 2633051 | T94: =SUM(D94+F94) -> 954636 | U94: =T94/S94 -> 0.36255887 | V94: CB | W94: =_xlfn.CONCAT(B94," ",V94) -> Smethwick CB | X94: =INDEX(Lookup!$A$2:$A$1349, MATCH(W94, Lookup!$B$2:$B$1349,0)) -> J04001152 | Y94: =INDEX(Lookup!$F$2:$F$1349, MATCH(W94, Lookup!$B$2:$B$1349,0)) -> e431127 | Z94: =INDEX(Lookup!$C$2:$C$1300, MATCH(X94, Lookup!$A$2:$A$1300,0)) -> West Midlands
A95: Southampton | B95: Southampton, city of | C95: 54547 | D95: 3700545 | E95: 8121 | F95: 981126 | G95: 180 | H95: 43846 | I95: 2831 | J95: 1526473 | K95: 913 | L95: 351908 | M95: 4937351 | N95: 795710 | O95: 234 | P95: 1177240 | Q95: 108937 | R95: 1603032 | S95: 10288817 | T95: =SUM(D95+F95+H95) -> 4725517 | U95: =T95/S95 -> 0.45928672 | V95: CB | W95: =_xlfn.CONCAT(B95," ",V95) -> Southampton, city of CB | X95: =INDEX(Lookup!$A$2:$A$1349, MATCH(W95, Lookup!$B$2:$B$1349,0)) -> J04001164 | Y95: =INDEX(Lookup!$F$2:$F$1349, MATCH(W95, Lookup!$B$2:$B$1349,0)) -> e150413 | Z95: =INDEX(Lookup!$C$2:$C$1300, MATCH(X95, Lookup!$A$2:$A$1300,0)) -> Hampshire
A96: Southend-on-Sea | B96: Southend-on-Sea | C96: 35970 | D96: 2695003 | E96: 16242 | F96: 2051028 | G96: 877 | H96: 204022 | I96: 3334 | J96: 974277 | K96: 475 | L96: 112393 | M96: 3975 | N96: 383952 | O96: 292 | P96: 494441 | Q96: 57975 | R96: 644136 | S96: 7617227 | T96: =SUM(D96+F96+H96) -> 4950053 | U96: =T96/S96 -> 0.64984974 | V96: CB | W96: =_xlfn.CONCAT(B96," ",V96) -> Southend-on-Sea CB | X96: =INDEX(Lookup!$A$2:$A$1349, MATCH(W96, Lookup!$B$2:$B$1349,0)) -> J04001166 | Y96: =INDEX(Lookup!$F$2:$F$1349, MATCH(W96, Lookup!$B$2:$B$1349,0)) -> e120307 | Z96: =INDEX(Lookup!$C$2:$C$1300, MATCH(X96, Lookup!$A$2:$A$1300,0)) -> Essex
A97: Southport | B97: Southport | C97: 17918 | D97: 1223815 | E97: 7139 | F97: 952168 | G97: 888 | H97: 213687 | I97: 1804 | J97: 566939 | K97: 317 | L97: 45758 | M97: 2672 | N97: 219917 | O97: 184 | P97: 129936 | Q97: 25601 | R97: 417824 | S97: 3795645 | T97: =SUM(D97+F97+H97) -> 2389670 | U97: =T97/S97 -> 0.62958206 | V97: CB | W97: =_xlfn.CONCAT(B97," ",V97) -> Southport CB | X97: =INDEX(Lookup!$A$2:$A$1349, MATCH(W97, Lookup!$B$2:$B$1349,0)) -> J04001168 | Y97: =INDEX(Lookup!$F$2:$F$1349, MATCH(W97, Lookup!$B$2:$B$1349,0)) -> e200576 | Z97: =INDEX(Lookup!$C$2:$C$1300, MATCH(X97, Lookup!$A$2:$A$1300,0)) -> Merseyside
A98: South Shields | B98: South Shields | C98: 35685 | D98: 1558859 | E98: 664 | F98: 76804 | G98: 6 | H98: 1372 | I98: 1504 | J98: 394428 | K98: 249 | L98: 28629 | M98: 2222 | N98: 165736 | O98: 112 | P98: 324082 | Q98: 16353 | R98: 425806 | S98: 2992069 | T98: =SUM(D98+F98+H98) -> 1637035 | U98: =T98/S98 -> 0.54712475 | V98: CB | W98: =_xlfn.CONCAT(B98," ",V98) -> South Shields CB | X98: =INDEX(Lookup!$A$2:$A$1349, MATCH(W98, Lookup!$B$2:$B$1349,0)) -> J04001160 | Y98: =INDEX(Lookup!$F$2:$F$1349, MATCH(W98, Lookup!$B$2:$B$1349,0)) -> e110263 | Z98: =INDEX(Lookup!$C$2:$C$1300, MATCH(X98, Lookup!$A$2:$A$1300,0)) -> Tyne And Wear
A99: Stockport | B99: Stockport | C99: 44765 | D99: 2258793 | E99: 3725 | F99: 465736 | G99: 69 | H99: 16466 | I99: 2774 | J99: 624481 | K99: 320 | L99: 52185 | M99: 3483 | N99: 263783 | O99: 528 | P99: 791615 | Q99: 27507 | R99: 538629 | S99: 5039195 | T99: =SUM(D99+F99+H99) -> 2740995 | U99: =T99/S99 -> 0.54393509 | V99: CB | W99: =_xlfn.CONCAT(B99," ",V99) -> Stockport CB | X99: =INDEX(Lookup!$A$2:$A$1349, MATCH(W99, Lookup!$B$2:$B$1349,0)) -> J04001208 | Y99: =INDEX(Lookup!$F$2:$F$1349, MATCH(W99, Lookup!$B$2:$B$1349,0)) -> e050070 | Z99: =INDEX(Lookup!$C$2:$C$1300, MATCH(X99, Lookup!$A$2:$A$1300,0)) -> Greater Manchester
A100: Stoke-on-Trent | B100: Stoke on Trent, city of | C100: 81716 | D100: 3312121 | E100: 567 | F100: 71438 | G100: 23 | H100: 6438 | I100: 4481 | J100: 978940 | K100: 646 | L100: 194623 | M100: 6467 | N100: 688651 | O100: 802 | P100: 2027669 | Q100: 73068 | R100: 1321695 | S100: 8674643 | T100: =SUM(D100+F100+H100) -> 3389997 | U100: =T100/S100 -> 0.39079383 | V100: CB | W100: =_xlfn.CONCAT(B100," ",V100) -> Stoke on Trent, city of CB | X100: =INDEX(Lookup!$A$2:$A$1349, MATCH(W100, Lookup!$B$2:$B$1349,0)) -> J04001213 | Y100: =INDEX(Lookup!$F$2:$F$1349, MATCH(W100, Lookup!$B$2:$B$1349,0)) -> e330942 | Z100: =INDEX(Lookup!$C$2:$C$1300, MATCH(X100, Lookup!$A$2:$A$1300,0)) -> Staffordshire
A101: Sunderland | B101: Sunderland | C101: 55710 | D101: 2842680 | E101: 2190 | F101: 257212 | G101: 89 | H101: 21947 | I101: 2536 | J101: 1076134 | K101: 497 | L101: 81624 | M101: 2165 | N101: 341749 | O101: 261 | P101: 957027 | Q101: 45491 | R101: 822151 | S101: 6446722 | T101: =SUM(D101+F101+H101) -> 3121839 | U101: =T101/S101 -> 0.48425215 | V101: CB | W101: =_xlfn.CONCAT(B101," ",V101) -> Sunderland CB | X101: =INDEX(Lookup!$A$2:$A$1349, MATCH(W101, Lookup!$B$2:$B$1349,0)) -> J04001231 | Y101: =INDEX(Lookup!$F$2:$F$1349, MATCH(W101, Lookup!$B$2:$B$1349,0)) -> e110264 | Z101: =INDEX(Lookup!$C$2:$C$1300, MATCH(X101, Lookup!$A$2:$A$1300,0)) -> Tyne And Wear
A102: Tynemouth | B102: Tynemouth | C102: 21107 | D102: 1073282 | E102: 2140 | F102: 252279 | G102: 11 | H102: 2554 | I102: 987 | J102: 150784 | K102: 220 | L102: 28378 | M102: 1580 | N102: 177747 | O102: 105 | P102: 450819 | Q102: 13109 | R102: 244667 | S102: 2393619 | T102: =SUM(D102+F102+H102) -> 1328115 | U102: =T102/S102 -> 0.55485647 | V102: CB | W102: =_xlfn.CONCAT(B102," ",V102) -> Tynemouth CB | X102: =INDEX(Lookup!$A$2:$A$1349, MATCH(W102, Lookup!$B$2:$B$1349,0)) -> J04001306 | Y102: =INDEX(Lookup!$F$2:$F$1349, MATCH(W102, Lookup!$B$2:$B$1349,0)) -> e270815 | Z102: =INDEX(Lookup!$C$2:$C$1300, MATCH(X102, Lookup!$A$2:$A$1300,0)) -> Tyne And Wear
A103: Wakefield | B103: Wakefield, city of | C103: 19074 | D103: 774805 | E103: 276 | F103: 34427 | G103: 9 | H103: 2423 | I103: 963 | J103: 401583 | K103: 247 | L103: 60991 | M103: 2198 | N103: 133078 | O103: 167 | P103: 274028 | Q103: 50777 | R103: 342894 | S103: 2075006 | T103: =SUM(D103+F103+H103) -> 811655 | U103: =T103/S103 -> 0.39115791 | V103: CB | W103: =_xlfn.CONCAT(B103," ",V103) -> Wakefield, city of CB | X103: =INDEX(Lookup!$A$2:$A$1349, MATCH(W103, Lookup!$B$2:$B$1349,0)) -> J04001323 | Y103: =INDEX(Lookup!$F$2:$F$1349, MATCH(W103, Lookup!$B$2:$B$1349,0)) -> e461208 | Z103: =INDEX(Lookup!$C$2:$C$1300, MATCH(X103, Lookup!$A$2:$A$1300,0)) -> West Yorkshire
A104: Wallasey | B104: Wallasey | C104: 26755 | D104: 1693056 | E104: 4602 | F104: 549493 | G104: 66 | H104: 14325 | I104: 1882 | J104: 267986 | K104: 132 | L104: 10160 | M104: 1995 | N104: 147256 | O104: 95 | P104: 364387 | Q104: 12731 | R104: 425669 | S104: 3485063 | T104: =SUM(D104+F104+H104) -> 2256874 | U104: =T104/S104 -> 0.64758485 | V104: CB | W104: =_xlfn.CONCAT(B104," ",V104) -> Wallasey CB | X104: =INDEX(Lookup!$A$2:$A$1349, MATCH(W104, Lookup!$B$2:$B$1349,0)) -> J04001324 | Y104: =INDEX(Lookup!$F$2:$F$1349, MATCH(W104, Lookup!$B$2:$B$1349,0)) -> e050071 | Z104: =INDEX(Lookup!$C$2:$C$1300, MATCH(X104, Lookup!$A$2:$A$1300,0)) -> Merseyside
A105: Walsall | B105: Walsall | C105: 33727 | D105: 1604803 | E105: 2296 | F105: 284710 | G105: 37 | H105: 1490 | I105: 1818 | J105: 474818 | K105: 324 | L105: 72617 | M105: 3398 | N105: 240887 | O105: 580 | P105: 884548 | Q105: 26822 | R105: 559962 | S105: 4157960 | T105: =SUM(D105+F105+H105) -> 1891003 | U105: =T105/S105 -> 0.45479105 | V105: CB | W105: =_xlfn.CONCAT(B105," ",V105) -> Walsall CB | X105: =INDEX(Lookup!$A$2:$A$1349, MATCH(W105, Lookup!$B$2:$B$1349,0)) -> J04001328 | Y105: =INDEX(Lookup!$F$2:$F$1349, MATCH(W105, Lookup!$B$2:$B$1349,0)) -> e330943 | Z105: =INDEX(Lookup!$C$2:$C$1300, MATCH(X105, Lookup!$A$2:$A$1300,0)) -> West Midlands
A106: Warrington | B106: Warrington | C106: 23753 | D106: 1021568 | E106: 44 | F106: 5064 | G106: 1 | H106: 266 | I106: 1490 | J106: 361950 | K106: 283 | L106: 54440 | M106: 2198 | N106: 161525 | O106: 235 | P106: 1051983 | Q106: 16311 | R106: 395675 | S106: 3068782 | T106: =SUM(D106+F106+H106) -> 1026898 | U106: =T106/S106 -> 0.33462722 | V106: CB | W106: =_xlfn.CONCAT(B106," ",V106) -> Warrington CB | X106: =INDEX(Lookup!$A$2:$A$1349, MATCH(W106, Lookup!$B$2:$B$1349,0)) -> J04001346 | Y106: =INDEX(Lookup!$F$2:$F$1349, MATCH(W106, Lookup!$B$2:$B$1349,0)) -> e200577 | Z106: =INDEX(Lookup!$C$2:$C$1300, MATCH(X106, Lookup!$A$2:$A$1300,0)) -> Cheshire
... A113: York | B113: York, city and county of | C113: 33023 | D113: 1486335 | E113: 793 | F113: 98962 | G113: 45 | H113: 12574 | I113: 1813 | J113: 640466 | K113: 443 | L113: 80095 | M113: 2365 | N113: 260330 | O113: 136 | P113: 364561 | Q113: 63805 | R113: 433791 | S113: 3440919 | T113: =SUM(D113+F113+H113) -> 1597871 | U113: =T113/S113 -> 0.46437333 | V113: CB | W113: =_xlfn.CONCAT(B113," ",V113) -> York, city and county of CB | X113: =INDEX(Lookup!$A$2:$A$1349, MATCH(W113, Lookup!$B$2:$B$1349,0)) -> J04001466 | Y113: =INDEX(Lookup!$F$2:$F$1349, MATCH(W113, Lookup!$B$2:$B$1349,0)) -> e461209 | Z113: =INDEX(Lookup!$C$2:$C$1300, MATCH(X113, Lookup!$A$2:$A$1300,0)) -> North Yorkshire
A114: ENGLAND | B114: ENGLAND | W114: =_xlfn.CONCAT(B114," ",V114) -> ENGLAND | X114: =INDEX(Lookup!$A$2:$A$1349, MATCH(W114, Lookup!$B$2:$B$1349,0)) -> #N/A | Y114: =INDEX(Lookup!$F$2:$F$1349, MATCH(W114, Lookup!$B$2:$B$1349,0)) -> #N/A | Z114: =INDEX(Lookup!$C$2:$C$1300, MATCH(X114, Lookup!$A$2:$A$1300,0)) -> #N/A
A115: BEDFORD | B115: BEDFORD | W115: =_xlfn.CONCAT(B115," ",V115) -> BEDFORD | X115: =INDEX(Lookup!$A$2:$A$1349, MATCH(W115, Lookup!$B$2:$B$1349,0)) -> #N/A | Y115: =INDEX(Lookup!$F$2:$F$1349, MATCH(W115, Lookup!$B$2:$B$1349,0)) -> #N/A | Z115: =INDEX(Lookup!$C$2:$C$1300, MATCH(X115, Lookup!$A$2:$A$1300,0)) -> #N/A
A116: Non-County Boroughs-- | B116: Non-County Boroughs-- | W116: =_xlfn.CONCAT(B116," ",V116) -> Non-County Boroughs-- | X116: =INDEX(Lookup!$A$2:$A$1349, MATCH(W116, Lookup!$B$2:$B$1349,0)) -> #N/A | Y116: =INDEX(Lookup!$F$2:$F$1349, MATCH(W116, Lookup!$B$2:$B$1349,0)) -> #N/A | Z116: =INDEX(Lookup!$C$2:$C$1300, MATCH(X116, Lookup!$A$2:$A$1300,0)) -> #N/A
A117: Bedford | B117: Bedford | C117: 14278 | D117: 900155 | E117: 4739 | F117: 580847 | G117: 107 | H117: 23878 | I117: 968 | J117: 652189 | K117: 227 | L117: 59722 | M117: 1790 | N117: 261260 | O117: 101 | P117: 595845 | Q117: 25945 | R117: 371854 | S117: 3471695 | T117: =SUM(D117+F117+H117) -> 1504880 | U117: =T117/S117 -> 0.43347126 | V117: MB | W117: =_xlfn.CONCAT(B117," ",V117) -> Bedford MB | X117: =INDEX(Lookup!$A$2:$A$1349, MATCH(W117, Lookup!$B$2:$B$1349,0)) -> J04000112 | Y117: =INDEX(Lookup!$F$2:$F$1349, MATCH(W117, Lookup!$B$2:$B$1349,0)) -> e010002 | Z117: =INDEX(Lookup!$C$2:$C$1300, MATCH(X117, Lookup!$A$2:$A$1300,0)) -> Bedfordshire
A118: Dunstable | B118: Dunstable | C118: 5436 | D118: 418585 | E118: 2972 | F118: 344138 | G118: 37 | H118: 8476 | I118: 332 | J118: 145798 | K118: 92 | L118: 17833 | M118: 1093 | N118: 72111 | O118: 61 | P118: 1076750 | Q118: 2495 | R118: 123141 | S118: 2209327 | T118: =SUM(D118+F118+H118) -> 771199 | U118: =T118/S118 -> 0.34906512 | V118: MB | W118: =_xlfn.CONCAT(B118," ",V118) -> Dunstable MB | X118: =INDEX(Lookup!$A$2:$A$1349, MATCH(W118, Lookup!$B$2:$B$1349,0)) -> J04000437 | Y118: =INDEX(Lookup!$F$2:$F$1349, MATCH(W118, Lookup!$B$2:$B$1349,0)) -> e010000 | Z118: =INDEX(Lookup!$C$2:$C$1300, MATCH(X118, Lookup!$A$2:$A$1300,0)) -> Bedfordshire
A119: Luton | B119: Luton | C119: 30389 | D119: 2303735 | E119: 11132 | F119: 1319428 | G119: 326 | H119: 77708 | I119: 1909 | J119: 1011918 | K119: 403 | L119: 113535 | M119: 4879 | N119: 440061 | O119: 524 | P119: 2531051 | Q119: 31974 | R119: 547956 | S119: 8377366 | T119: =SUM(D119+F119+H119) -> 3700871 | U119: =T119/S119 -> 0.44177024 | V119: MB | W119: =_xlfn.CONCAT(B119," ",V119) -> Luton MB | X119: =INDEX(Lookup!$A$2:$A$1349, MATCH(W119, Lookup!$B$2:$B$1349,0)) -> J04000790 | Y119: =INDEX(Lookup!$F$2:$F$1349, MATCH(W119, Lookup!$B$2:$B$1349,0)) -> e010000 | Z119: =INDEX(Lookup!$C$2:$C$1300, MATCH(X119, Lookup!$A$2:$A$1300,0)) -> Bedfordshire
A120: BEDFORD-contd.. | B120: BEDFORD-contd. . | W120: =_xlfn.CONCAT(B120," ",V120) -> BEDFORD-contd. . | X120: =INDEX(Lookup!$A$2:$A$1349, MATCH(W120, Lookup!$B$2:$B$1349,0)) -> #N/A | Y120: =INDEX(Lookup!$F$2:$F$1349, MATCH(W120, Lookup!$B$2:$B$1349,0)) -> #N/A | Z120: =INDEX(Lookup!$C$2:$C$1300, MATCH(X120, Lookup!$A$2:$A$1300,0)) -> #N/A
A121: Urban Districts-- | B121: Urban Districts-- | W121: =_xlfn.CONCAT(B121," ",V121) -> Urban Districts-- | X121: =INDEX(Lookup!$A$2:$A$1349, MATCH(W121, Lookup!$B$2:$B$1349,0)) -> #N/A | Y121: =INDEX(Lookup!$F$2:$F$1349, MATCH(W121, Lookup!$B$2:$B$1349,0)) -> #N/A | Z121: =INDEX(Lookup!$C$2:$C$1300, MATCH(X121, Lookup!$A$2:$A$1300,0)) -> #N/A
A122: Ampthill | B122: Ampthill | C122: 1122 | D122: 85532 | E122: 168 | F122: 20002 | G122: 2 | H122: 464 | I122: 74 | J122: 11006 | K122: 24 | L122: 4697 | M122: 148 | N122: 6596 | O122: 6 | P122: 4703 | Q122: 129 | R122: 19668 | S122: 125797 | T122: =SUM(D122+F122+H122) -> 105998 | U122: =T122/S122 -> 0.84261151 | V122: UD | W122: =_xlfn.CONCAT(B122," ",V122) -> Ampthill UD | X122: =INDEX(Lookup!$A$2:$A$1349, MATCH(W122, Lookup!$B$2:$B$1349,0)) -> J04000042 | Y122: =INDEX(Lookup!$F$2:$F$1349, MATCH(W122, Lookup!$B$2:$B$1349,0)) -> e010001 | Z122: =INDEX(Lookup!$C$2:$C$1300, MATCH(X122, Lookup!$A$2:$A$1300,0)) -> Bedfordshire
A123: Biggleswade | B123: Biggleswade | C123: 2523 | D123: 125711 | E123: 80 | F123: 9528 | G123: 1 | H123: 278 | I123: 155 | J123: 32564 | K123: 31 | L123: 8464 | M123: 369 | N123: 21191 | O123: 25 | P123: 83030 | Q123: 1484 | R123: 37663 | S123: 319913 | T123: =SUM(D123+F123+H123) -> 135517 | U123: =T123/S123 -> 0.42360579 | V123: UD | W123: =_xlfn.CONCAT(B123," ",V123) -> Biggleswade UD | X123: =INDEX(Lookup!$A$2:$A$1349, MATCH(W123, Lookup!$B$2:$B$1349,0)) -> J04000142 | Y123: =INDEX(Lookup!$F$2:$F$1349, MATCH(W123, Lookup!$B$2:$B$1349,0)) -> e010003 | Z123: =INDEX(Lookup!$C$2:$C$1300, MATCH(X123, Lookup!$A$2:$A$1300,0)) -> Bedfordshire
A124: Kempston | B124: Kempston | C124: 2718 | D124: 179454 | E124: 177 | F124: 19950 | G124: 4 | H124: 736 | I124: 89 | J124: 13626 | K124: 12 | L124: 1306 | M124: 224 | N124: 42790 | O124: 26 | P124: 77070 | Q124: 5080 | R124: 27259 | S124: 367271 | T124: =SUM(D124+F124+H124) -> 200140 | U124: =T124/S124 -> 0.54493821 | V124: UD | W124: =_xlfn.CONCAT(B124," ",V124) -> Kempston UD | X124: =INDEX(Lookup!$A$2:$A$1349, MATCH(W124, Lookup!$B$2:$B$1349,0)) -> J04000681 | Y124: =INDEX(Lookup!$F$2:$F$1349, MATCH(W124, Lookup!$B$2:$B$1349,0)) -> e010005 | Z124: =INDEX(Lookup!$C$2:$C$1300, MATCH(X124, Lookup!$A$2:$A$1300,0)) -> Bedfordshire
A125: Leighton Buzzard | B125: Leighton Buzzard | C125: 3192 | D125: 197933 | E125: 475 | F125: 59012 | G125: 26 | H125: 6458 | I125: 217 | J125: 54565 | K125: 41 | L125: 7914 | M125: 330 | N125: 56646 | O125: 31 | P125: 91220 | Q125: 6063 | R125: 47196 | S125: 527007 | T125: =SUM(D125+F125+H125) -> 263403 | U125: =T125/S125 -> 0.4998093 | V125: UD | W125: =_xlfn.CONCAT(B125," ",V125) -> Leighton Buzzard UD | X125: =INDEX(Lookup!$A$2:$A$1349, MATCH(W125, Lookup!$B$2:$B$1349,0)) -> J04000733 | Y125: =INDEX(Lookup!$F$2:$F$1349, MATCH(W125, Lookup!$B$2:$B$1349,0)) -> e010006 | Z125: =INDEX(Lookup!$C$2:$C$1300, MATCH(X125, Lookup!$A$2:$A$1300,0)) -> Bedfordshire
A126: Sandy | B126: Sandy | C126: 1215 | D126: 52319 | E126: 50 | F126: 5894 | G126: 7 | H126: 1658 | I126: 59 | J126: 7768 | K126: 9 | L126: 2994 | M126: 111 | N126: 7764 | O126: 8 | P126: 9100 | Q126: 7725 | R126: 13787 | S126: 109009 | T126: =SUM(D126+F126+H126) -> 59871 | U126: =T126/S126 -> 0.54922988 | V126: UD | W126: =_xlfn.CONCAT(B126," ",V126) -> Sandy UD | X126: =INDEX(Lookup!$A$2:$A$1349, MATCH(W126, Lookup!$B$2:$B$1349,0)) -> J04001103 | Y126: =INDEX(Lookup!$F$2:$F$1349, MATCH(W126, Lookup!$B$2:$B$1349,0)) -> e010007 | Z126: =INDEX(Lookup!$C$2:$C$1300, MATCH(X126, Lookup!$A$2:$A$1300,0)) -> Bedfordshire
A127: Rural District | B127: Rural District | W127: =_xlfn.CONCAT(B127," ",V127) -> Rural District | X127: =INDEX(Lookup!$A$2:$A$1349, MATCH(W127, Lookup!$B$2:$B$1349,0)) -> #N/A | Y127: =INDEX(Lookup!$F$2:$F$1349, MATCH(W127, Lookup!$B$2:$B$1349,0)) -> #N/A | Z127: =INDEX(Lookup!$C$2:$C$1300, MATCH(X127, Lookup!$A$2:$A$1300,0)) -> #N/A
A128: Ampthill | B128: Ampthill | C128: 7730 | D128: 362011 | E128: 483 | F128: 60101 | G128: 22 | H128: 5356 | I128: 178 | J128: 18360 | K128: 18 | L128: 1049 | M128: 725 | N128: 50607 | O128: 15 | P128: 30316 | Q128: 13082 | R128: 320993 | S128: 861875 | T128: =SUM(D128+F128+H128) -> 427468 | U128: =T128/S128 -> 0.49597447 | V128: RD | W128: =_xlfn.CONCAT(B128," ",V128) -> Ampthill RD | X128: =INDEX(Lookup!$A$2:$A$1349, MATCH(W128, Lookup!$B$2:$B$1349,0)) -> J04000041 | Y128: =INDEX(Lookup!$F$2:$F$1349, MATCH(W128, Lookup!$B$2:$B$1349,0)) -> e010008 | Z128: =INDEX(Lookup!$C$2:$C$1300, MATCH(X128, Lookup!$A$2:$A$1300,0)) -> Bedfordshire
A129: Bedford | B129: Bedford | C129: 9277 | D129: 438037 | E129: 738 | F129: 94214 | G129: 83 | H129: 22063 | I129: 149 | J129: 15865 | K129: 5 | L129: 1275 | M129: 661 | N129: 42006 | O129: 29 | P129: 70320 | Q129: 139538 | R129: 483684 | S129: 1307002 | T129: =SUM(D129+F129+H129) -> 554314 | U129: =T129/S129 -> 0.42411106 | V129: RD | W129: =_xlfn.CONCAT(B129," ",V129) -> Bedford RD | X129: =INDEX(Lookup!$A$2:$A$1349, MATCH(W129, Lookup!$B$2:$B$1349,0)) -> J04000113 | Y129: =INDEX(Lookup!$F$2:$F$1349, MATCH(W129, Lookup!$B$2:$B$1349,0)) -> e010009 | Z129: =INDEX(Lookup!$C$2:$C$1300, MATCH(X129, Lookup!$A$2:$A$1300,0)) -> Bedfordshire
A130: Biggleswade | B130: Biggleswade | C130: 7357 | D130: 322211 | E130: 124 | F130: 14917 | G130: 8 | H130: 2446 | I130: 228 | J130: 25549 | K130: 21 | L130: 1309 | M130: 582 | N130: 33950 | O130: 31 | P130: 30127 | Q130: 64260 | R130: 111083 | S130: 605852 | T130: =SUM(D130+F130+H130) -> 339574 | U130: =T130/S130 -> 0.56049002 | V130: RD | W130: =_xlfn.CONCAT(B130," ",V130) -> Biggleswade RD | X130: =INDEX(Lookup!$A$2:$A$1349, MATCH(W130, Lookup!$B$2:$B$1349,0)) -> J04000141 | Y130: =INDEX(Lookup!$F$2:$F$1349, MATCH(W130, Lookup!$B$2:$B$1349,0)) -> e010010 | Z130: =INDEX(Lookup!$C$2:$C$1300, MATCH(X130, Lookup!$A$2:$A$1300,0)) -> Bedfordshire
A131: Luton | B131: Luton | C131: 9158 | D131: 637268 | E131: 2336 | F131: 273926 | G131: 46 | H131: 16375 | I131: 186 | J131: 36925 | K131: 9 | L131: 2669 | M131: 1099 | N131: 76524 | O131: 33 | P131: 357185 | Q131: 7467 | R131: 229244 | S131: 1637583 | T131: =SUM(D131+F131+H131) -> 927569 | U131: =T131/S131 -> 0.56642564 | V131: RD | W131: =_xlfn.CONCAT(B131," ",V131) -> Luton RD | X131: =INDEX(Lookup!$A$2:$A$1349, MATCH(W131, Lookup!$B$2:$B$1349,0)) -> J04000791 | Y131: =INDEX(Lookup!$F$2:$F$1349, MATCH(W131, Lookup!$B$2:$B$1349,0)) -> e010000 | Z131: =INDEX(Lookup!$C$2:$C$1300, MATCH(X131, Lookup!$A$2:$A$1300,0)) -> Bedfordshire
A132: BERKSHIRE: | B132: BERKSHIRE: | W132: =_xlfn.CONCAT(B132," ",V132) -> BERKSHIRE: | X132: =INDEX(Lookup!$A$2:$A$1349, MATCH(W132, Lookup!$B$2:$B$1349,0)) -> #N/A | Y132: =INDEX(Lookup!$F$2:$F$1349, MATCH(W132, Lookup!$B$2:$B$1349,0)) -> #N/A | Z132: =INDEX(Lookup!$C$2:$C$1300, MATCH(X132, Lookup!$A$2:$A$1300,0)) -> #N/A
A133: Non-County Boroughs-- | B133: Non-County Boroughs-- | W133: =_xlfn.CONCAT(B133," ",V133) -> Non-County Boroughs-- | X133: =INDEX(Lookup!$A$2:$A$1349, MATCH(W133, Lookup!$B$2:$B$1349,0)) -> #N/A | Y133: =INDEX(Lookup!$F$2:$F$1349, MATCH(W133, Lookup!$B$2:$B$1349,0)) -> #N/A | Z133: =INDEX(Lookup!$C$2:$C$1300, MATCH(X133, Lookup!$A$2:$A$1300,0)) -> #N/A
A134: Abingdon | B134: Abingdon | C134: 3647 | D134: 223886 | E134: 587 | F134: 72642 | G134: 14 | H134: 3164 | I134: 207 | J134: 67541 | K134: 26 | L134: 4127 | M134: 694 | N134: 33650 | O134: 24 | P134: 96945 | Q134: 7075 | R134: 69866 | S134: 578896 | T134: =SUM(D134+F134+H134) -> 299692 | U134: =T134/S134 -> 0.51769575 | V134: MB | W134: =_xlfn.CONCAT(B134," ",V134) -> Abingdon MB | X134: =INDEX(Lookup!$A$2:$A$1349, MATCH(W134, Lookup!$B$2:$B$1349,0)) -> J04000011 | Y134: =INDEX(Lookup!$F$2:$F$1349, MATCH(W134, Lookup!$B$2:$B$1349,0)) -> e020013 | Z134: =INDEX(Lookup!$C$2:$C$1300, MATCH(X134, Lookup!$A$2:$A$1300,0)) -> Oxfordshire
A135: Maidenhead | B135: Maidenhead | C135: 6605 | D135: 479134 | E135: 4018 | F135: 520598 | G135: 398 | H135: 102957 | I135: 509 | J135: 254441 | K135: 102 | L135: 21524 | M135: 993 | N135: 146598 | O135: 93 | P135: 349415 | Q135: 10192 | R135: 158301 | S135: 2043160 | T135: =SUM(D135+F135+H135) -> 1102689 | U135: =T135/S135 -> 0.53969782 | V135: MB | W135: =_xlfn.CONCAT(B135," ",V135) -> Maidenhead MB | X135: =INDEX(Lookup!$A$2:$A$1349, MATCH(W135, Lookup!$B$2:$B$1349,0)) -> J04000808 | Y135: =INDEX(Lookup!$F$2:$F$1349, MATCH(W135, Lookup!$B$2:$B$1349,0)) -> e020014 | Z135: =INDEX(Lookup!$C$2:$C$1300, MATCH(X135, Lookup!$A$2:$A$1300,0)) -> Berkshire
A136: Newbury | B136: Newbury | C136: 5515 | D136: 364890 | E136: 1063 | F136: 127480 | G136: 26 | H136: 6100 | I136: 395 | J136: 233351 | K136: 99 | L136: 21247 | M136: 750 | N136: 72229 | O136: 41 | P136: 82442 | Q136: 10563 | R136: 85724 | S136: 1004026 | T136: =SUM(D136+F136+H136) -> 498470 | U136: =T136/S136 -> 0.49647121 | V136: MB | W136: =_xlfn.CONCAT(B136," ",V136) -> Newbury MB | X136: =INDEX(Lookup!$A$2:$A$1349, MATCH(W136, Lookup!$B$2:$B$1349,0)) -> J04000896 | Y136: =INDEX(Lookup!$F$2:$F$1349, MATCH(W136, Lookup!$B$2:$B$1349,0)) -> e020015 | Z136: =INDEX(Lookup!$C$2:$C$1300, MATCH(X136, Lookup!$A$2:$A$1300,0)) -> Berkshire
A137: New Windsor | B137: New Windsor | C137: 5560 | D137: 376692 | E137: 2056 | F137: 255612 | G137: 165 | H137: 43590 | I137: 475 | J137: 202241 | K137: 76 | L137: 11753 | M137: 845 | N137: 97409 | O137: 32 | P137: 51070 | Q137: 29258 | R137: 109906 | S137: 1177531 | T137: =SUM(D137+F137+H137) -> 675894 | U137: =T137/S137 -> 0.57399253 | V137: MB | W137: =_xlfn.CONCAT(B137," ",V137) -> New Windsor MB | X137: =INDEX(Lookup!$A$2:$A$1349, MATCH(W137, Lookup!$B$2:$B$1349,0)) -> J04000891 | Y137: =INDEX(Lookup!$F$2:$F$1349, MATCH(W137, Lookup!$B$2:$B$1349,0)) -> e020016 | Z137: =INDEX(Lookup!$C$2:$C$1300, MATCH(X137, Lookup!$A$2:$A$1300,0)) -> Berkshire
A138: Wallingford | B138: Wallingford | C138: 1308 | D138: 77787 | E138: 213 | F138: 25450 | G138: 13 | H138: 2890 | I138: 126 | J138: 43390 | K138: 20 | L138: 3653 | M138: 294 | N138: 18575 | O138: 14 | P138: 69875 | Q138: 2842 | R138: 24593 | S138: 269055 | T138: =SUM(D138+F138+H138) -> 106127 | U138: =T138/S138 -> 0.39444352 | V138: MB | W138: =_xlfn.CONCAT(B138," ",V138) -> Wallingford MB | X138: =INDEX(Lookup!$A$2:$A$1349, MATCH(W138, Lookup!$B$2:$B$1349,0)) -> J04001325 | Y138: =INDEX(Lookup!$F$2:$F$1349, MATCH(W138, Lookup!$B$2:$B$1349,0)) -> e020017 | Z138: =INDEX(Lookup!$C$2:$C$1300, MATCH(X138, Lookup!$A$2:$A$1300,0)) -> Oxfordshire
A139: Wokingham | B139: Wokingham | C139: 2375 | D139: 153353 | E139: 1487 | F139: 199325 | G139: 125 | H139: 31142 | I139: 173 | J139: 69856 | K139: 43 | L139: 8304 | M139: 230 | N139: 31472 | O139: 31 | P139: 143090 | Q139: 2780 | R139: 53778 | S139: 693100 | T139: =SUM(D139+F139+H139) -> 383820 | U139: =T139/S139 -> 0.5537729 | V139: MB | W139: =_xlfn.CONCAT(B139," ",V139) -> Wokingham MB | X139: =INDEX(Lookup!$A$2:$A$1349, MATCH(W139, Lookup!$B$2:$B$1349,0)) -> J04001440 | Y139: =INDEX(Lookup!$F$2:$F$1349, MATCH(W139, Lookup!$B$2:$B$1349,0)) -> e020019 | Z139: =INDEX(Lookup!$C$2:$C$1300, MATCH(X139, Lookup!$A$2:$A$1300,0)) -> Berkshire
A140: Urban Districts-- | B140: Urban Districts-- | W140: =_xlfn.CONCAT(B140," ",V140) -> Urban Districts-- | X140: =INDEX(Lookup!$A$2:$A$1349, MATCH(W140, Lookup!$B$2:$B$1349,0)) -> #N/A | Y140: =INDEX(Lookup!$F$2:$F$1349, MATCH(W140, Lookup!$B$2:$B$1349,0)) -> #N/A | Z140: =INDEX(Lookup!$C$2:$C$1300, MATCH(X140, Lookup!$A$2:$A$1300,0)) -> #N/A
A141: Wantage | B141: Wantage | C141: 1532 | D141: 90505 | E141: 186 | F141: 23710 | G141: 10 | H141: 2690 | I141: 107 | J141: 27883 | K141: 15 | L141: 2500 | M141: 275 | N141: 15949 | O141: 4 | P141: 7575 | Q141: 1146 | R141: 29500 | S141: 201458 | T141: =SUM(D141+F141+H141) -> 116905 | U141: =T141/S141 -> 0.58029465 | V141: UD | W141: =_xlfn.CONCAT(B141," ",V141) -> Wantage UD | X141: =INDEX(Lookup!$A$2:$A$1349, MATCH(W141, Lookup!$B$2:$B$1349,0)) -> J04001337 | Y141: =INDEX(Lookup!$F$2:$F$1349, MATCH(W141, Lookup!$B$2:$B$1349,0)) -> e020018 | Z141: =INDEX(Lookup!$C$2:$C$1300, MATCH(X141, Lookup!$A$2:$A$1300,0)) -> Oxfordshire
A142: Rural District | B142: Rural District | W142: =_xlfn.CONCAT(B142," ",V142) -> Rural District | X142: =INDEX(Lookup!$A$2:$A$1349, MATCH(W142, Lookup!$B$2:$B$1349,0)) -> #N/A | Y142: =INDEX(Lookup!$F$2:$F$1349, MATCH(W142, Lookup!$B$2:$B$1349,0)) -> #N/A | Z142: =INDEX(Lookup!$C$2:$C$1300, MATCH(X142, Lookup!$A$2:$A$1300,0)) -> #N/A
A143: Abingdon | B143: Abingdon | C143: 6259 | D143: 398418 | E143: 1459 | F143: 189907 | G143: 300 | H143: 78518 | I143: 118 | J143: 25340 | K143: 10 | L143: 27449 | M143: 583 | N143: 64793 | O143: 11 | P143: 14130 | Q143: 98864 | R143: 165373 | S143: 1062792 | T143: =SUM(D143+F143+H143) -> 666843 | U143: =T143/S143 -> 0.6274445 | V143: RD | W143: =_xlfn.CONCAT(B143," ",V143) -> Abingdon RD | X143: =INDEX(Lookup!$A$2:$A$1349, MATCH(W143, Lookup!$B$2:$B$1349,0)) -> J04000012 | Y143: =INDEX(Lookup!$F$2:$F$1349, MATCH(W143, Lookup!$B$2:$B$1349,0)) -> e020020 | Z143: =INDEX(Lookup!$C$2:$C$1300, MATCH(X143, Lookup!$A$2:$A$1300,0)) -> Oxfordshire
A144: Bradfield | B144: Bradfield | C144: 7474 | D144: 466984 | E144: 949 | F144: 120911 | G144: 129 | H144: 40919 | I144: 171 | J144: 32432 | K144: 13 | L144: 1541 | M144: 739 | N144: 72752 | O144: 20 | P144: 74160 | Q144: 144395 | R144: 166075 | S144: 1120169 | T144: =SUM(D144+F144+H144) -> 628814 | U144: =T144/S144 -> 0.56135637 | V144: RD | W144: =_xlfn.CONCAT(B144," ",V144) -> Bradfield RD | X144: =INDEX(Lookup!$A$2:$A$1349, MATCH(W144, Lookup!$B$2:$B$1349,0)) -> J04000184 | Y144: =INDEX(Lookup!$F$2:$F$1349, MATCH(W144, Lookup!$B$2:$B$1349,0)) -> e020021 | Z144: =INDEX(Lookup!$C$2:$C$1300, MATCH(X144, Lookup!$A$2:$A$1300,0)) -> Berkshire
A145: Cookham | B145: Cookham | C145: 3019 | D145: 181358 | E145: 1344 | F145: 180096 | G145: 451 | H145: 130143 | I145: 101 | J145: 20134 | K145: 18 | L145: 11148 | M145: 388 | N145: 54287 | O145: 13 | P145: 108050 | Q145: 11453 | R145: 71460 | S145: 768129 | T145: =SUM(D145+F145+H145) -> 491597 | U145: =T145/S145 -> 0.63999276 | V145: RD | W145: =_xlfn.CONCAT(B145," ",V145) -> Cookham RD | X145: =INDEX(Lookup!$A$2:$A$1349, MATCH(W145, Lookup!$B$2:$B$1349,0)) -> J04000347 | Y145: =INDEX(Lookup!$F$2:$F$1349, MATCH(W145, Lookup!$B$2:$B$1349,0)) -> e020022 | Z145: =INDEX(Lookup!$C$2:$C$1300, MATCH(X145, Lookup!$A$2:$A$1300,0)) -> Berkshire
A146: Easthampstead | B146: Easthampstead | C146: 9705 | D146: 707731 | E146: 2881 | F146: 351066 | G146: 232 | H146: 74180 | I146: 364 | J146: 140881 | K146: 78 | L146: 52174 | M146: 2810 | N146: 122434 | O146: 56 | P146: 360229 | Q146: 86646 | R146: 212916 | S146: 2108257 | T146: =SUM(D146+F146+H146) -> 1132977 | U146: =T146/S146 -> 0.53739985 | V146: RD | W146: =_xlfn.CONCAT(B146," ",V146) -> Easthampstead RD | X146: =INDEX(Lookup!$A$2:$A$1349, MATCH(W146, Lookup!$B$2:$B$1349,0)) -> J04000456 | Y146: =INDEX(Lookup!$F$2:$F$1349, MATCH(W146, Lookup!$B$2:$B$1349,0)) -> e020023 | Z146: =INDEX(Lookup!$C$2:$C$1300, MATCH(X146, Lookup!$A$2:$A$1300,0)) -> Berkshire
A147: Farringdon | B147: Faringdon | C147: 2761 | D147: 123650 | E147: 190 | F147: 24140 | G147: 40 | H147: 11378 | I147: 127 | J147: 18115 | K147: 26 | L147: 2749 | M147: 273 | N147: 20167 | O147: 14 | P147: 5667 | Q147: 43889 | R147: 72854 | S147: 322609 | T147: =SUM(D147+F147+H147) -> 159168 | U147: =T147/S147 -> 0.49337743 | V147: RD | W147: =_xlfn.CONCAT(B147," ",V147) -> Faringdon RD | X147: =INDEX(Lookup!$A$2:$A$1349, MATCH(W147, Lookup!$B$2:$B$1349,0)) -> J04000492 | Y147: =INDEX(Lookup!$F$2:$F$1349, MATCH(W147, Lookup!$B$2:$B$1349,0)) -> e020025 | Z147: =INDEX(Lookup!$C$2:$C$1300, MATCH(X147, Lookup!$A$2:$A$1300,0)) -> Oxfordshire
A148: Hungerford | B148: Hungerford | C148: 2585 | D148: 133003 | E148: 105 | F148: 14119 | G148: 44 | H148: 15237 | I148: 115 | J148: 16809 | K148: 20 | L148: 2712 | M148: 290 | N148: 20974 | O148: 14 | P148: 21285 | Q148: 3083 | R148: 46785 | S148: 254007 | T148: =SUM(D148+F148+H148) -> 162359 | U148: =T148/S148 -> 0.63919105 | V148: RD | W148: =_xlfn.CONCAT(B148," ",V148) -> Hungerford RD | X148: =INDEX(Lookup!$A$2:$A$1349, MATCH(W148, Lookup!$B$2:$B$1349,0)) -> J04000658 | Y148: =INDEX(Lookup!$F$2:$F$1349, MATCH(W148, Lookup!$B$2:$B$1349,0)) -> e020026 | Z148: =INDEX(Lookup!$C$2:$C$1300, MATCH(X148, Lookup!$A$2:$A$1300,0)) -> Berkshire
A149: Newbury | B149: Newbury | C149: 4708 | D149: 289598 | E149: 335 | F149: 42900 | G149: 91 | H149: 29575 | I149: 105 | J149: 24165 | K149: 10 | L149: 1104 | M149: 441 | N149: 35936 | O149: 23 | P149: 266872 | Q149: 66431 | R149: 123685 | S149: 879982 | T149: =SUM(D149+F149+H149) -> 362073 | U149: =T149/S149 -> 0.41145501 | V149: RD | W149: =_xlfn.CONCAT(B149," ",V149) -> Newbury RD | X149: =INDEX(Lookup!$A$2:$A$1349, MATCH(W149, Lookup!$B$2:$B$1349,0)) -> J04000897 | Y149: =INDEX(Lookup!$F$2:$F$1349, MATCH(W149, Lookup!$B$2:$B$1349,0)) -> e020027 | Z149: =INDEX(Lookup!$C$2:$C$1300, MATCH(X149, Lookup!$A$2:$A$1300,0)) -> Berkshire
A150: Wallingford | B150: Wallingford | C150: 4455 | D150: 269598 | E150: 379 | F150: 45206 | G150: 32 | H150: 7674 | I150: 168 | J150: 42869 | K150: 23 | L150: 1999 | M150: 419 | N150: 31165 | O150: 15 | P150: 24885 | Q150: 26949 | R150: 71547 | S150: 521892 | T150: =SUM(D150+F150+H150) -> 322478 | U150: =T150/S150 -> 0.61790179 | V150: RD | W150: =_xlfn.CONCAT(B150," ",V150) -> Wallingford RD | X150: =INDEX(Lookup!$A$2:$A$1349, MATCH(W150, Lookup!$B$2:$B$1349,0)) -> J04001326 | Y150: =INDEX(Lookup!$F$2:$F$1349, MATCH(W150, Lookup!$B$2:$B$1349,0)) -> e020028 | Z150: =INDEX(Lookup!$C$2:$C$1300, MATCH(X150, Lookup!$A$2:$A$1300,0)) -> Oxfordshire
A151: Wantage | B151: Wantage | C151: 3557 | D151: 179548 | E151: 363 | F151: 45388 | G151: 54 | H151: 14144 | I151: 81 | J151: 10791 | K151: 6 | L151: 215 | M151: 396 | N151: 22888 | O151: 7 | P151: 12935 | Q151: 165134 | R151: 107276 | S151: 558319 | T151: =SUM(D151+F151+H151) -> 239080 | U151: =T151/S151 -> 0.42821398 | V151: RD | W151: =_xlfn.CONCAT(B151," ",V151) -> Wantage RD | X151: =INDEX(Lookup!$A$2:$A$1349, MATCH(W151, Lookup!$B$2:$B$1349,0)) -> J04001336 | Y151: =INDEX(Lookup!$F$2:$F$1349, MATCH(W151, Lookup!$B$2:$B$1349,0)) -> e020029 | Z151: =INDEX(Lookup!$C$2:$C$1300, MATCH(X151, Lookup!$A$2:$A$1300,0)) -> Oxfordshire
A152: Windsor | B152: Windsor | C152: 2571 | D152: 175149 | E152: 1445 | F152: 191556 | G152: 364 | H152: 107622 | I152: 167 | J152: 32687 | K152: 24 | L152: 6557 | M152: 462 | N152: 41190 | O152: 13 | P152: 23105 | Q152: 16888 | R152: 182034 | S152: 776788 | T152: =SUM(D152+F152+H152) -> 474327 | U152: =T152/S152 -> 0.61062607 | V152: RD | W152: =_xlfn.CONCAT(B152," ",V152) -> Windsor RD | X152: =INDEX(Lookup!$A$2:$A$1349, MATCH(W152, Lookup!$B$2:$B$1349,0)) -> J04001425 | Y152: =INDEX(Lookup!$F$2:$F$1349, MATCH(W152, Lookup!$B$2:$B$1349,0)) -> e020031 | Z152: =INDEX(Lookup!$C$2:$C$1300, MATCH(X152, Lookup!$A$2:$A$1300,0)) -> Berkshire
A153: Wokingham | B153: Wokingham | C153: 10247 | D153: 740141 | E153: 5524 | F153: 699411 | G153: 562 | H153: 158949 | I153: 230 | J153: 56120 | K153: 27 | L153: 4681 | M153: 680 | N153: 108124 | O153: 39 | P153: 301965 | Q153: 49118 | R153: 296196 | S153: 2414705 | T153: =SUM(D153+F153+H153) -> 1598501 | U153: =T153/S153 -> 0.66198604 | V153: RD | W153: =_xlfn.CONCAT(B153," ",V153) -> Wokingham RD | X153: =INDEX(Lookup!$A$2:$A$1349, MATCH(W153, Lookup!$B$2:$B$1349,0)) -> J04001441 | Y153: =INDEX(Lookup!$F$2:$F$1349, MATCH(W153, Lookup!$B$2:$B$1349,0)) -> e020032 | Z153: =INDEX(Lookup!$C$2:$C$1300, MATCH(X153, Lookup!$A$2:$A$1300,0)) -> Berkshire
A154: BUCKINGHAM: | B154: BUCKINGHAM: | W154: =_xlfn.CONCAT(B154," ",V154) -> BUCKINGHAM: | X154: =INDEX(Lookup!$A$2:$A$1349, MATCH(W154, Lookup!$B$2:$B$1349,0)) -> #N/A | Y154: =INDEX(Lookup!$F$2:$F$1349, MATCH(W154, Lookup!$B$2:$B$1349,0)) -> #N/A | Z154: =INDEX(Lookup!$C$2:$C$1300, MATCH(X154, Lookup!$A$2:$A$1300,0)) -> #N/A
...

Sheet Lookup
A1: LA61CD | B1: LA61NM | C1: cty_1981 | D1: rgn | E1: srgn | F1: equiv_1971_cd | G1: equiv_1971_nm | H1: equiv_2001_nm | I1: notes
A2: J04000063 | B2: Axbridge RD | C2: Avon | D2: South West | E2: Rest of England | F2: e320923 | G2: AXBRIDGE R.D. | H2: 0 | I2: 0
A3: J04000099 | B3: Bath, City of CB | C3: Avon | D3: South West | E3: Rest of England | F3: e320902 | G3: BATH C.B. | H3: 0 | I3: 0
A4: J04000100 | B4: Bathavon RD | C4: Avon | D4: South West | E4: Rest of England | F4: e320925 | G4: BATHAVON R.D. | H4: 0 | I4: 0
A5: J04000213 | B5: Bristol, City and County of CB | C5: Avon | D5: South West | E5: Rest of England | F5: e130345 | G5: BRISTOL C.B. | H5: 0 | I5: 0
A6: J04000327 | B6: Clevedon UD | C6: Avon | D6: South West | E6: Rest of England | F6: e320906 | G6: CLEVEDON U.D. | H6: 0 | I6: 0
A7: J04000332 | B7: Clutton RD | C7: Avon | D7: South West | E7: Rest of England | F7: e320928 | G7: CLUTTON R.D. | H7: 0 | I7: 0
A8: J04000690 | B8: Keynsham UD | C8: Avon | D8: South West | E8: Rest of England | F8: e320911 | G8: KEYNSHAM U.D. | H8: 0 | I8: 0
A9: J04000701 | B9: Kingswood UD | C9: Avon | D9: South West | E9: Rest of England | F9: e130350 | G9: KINGSWOOD U.D. | H9: 0 | I9: 0
A10: J04000775 | B10: Long Ashton RD | C10: Avon | D10: South West | E10: Rest of England | F10: e320932 | G10: LONG ASHTON R.D. | H10: 0 | I10: 0
A11: J04000822 | B11: Mangotsfield UD | C11: Avon | D11: South West | E11: Rest of England | F11: e130351 | G11: MANGOTSFIELD U.D. | H11: 0 | I11: 0
A12: J04000938 | B12: Norton Radstock UD | C12: Avon | D12: South West | E12: Rest of England | F12: e320913 | G12: NORTON-RADSTOCK U.D. | H12: 0 | I12: 0
A13: J04001008 | B13: Portishead UD | C13: Avon | D13: South West | E13: Rest of England | F13: e320914 | G13: PORTISHEAD U.D. | H13: 0 | I13: 0
... A25: J04000681 | B25: Kempston UD | C25: Bedfordshire | D25: East of England | E25: Greater South East | F25: e010005 | G25: KEMPSTON U.D. | H25: 0 | I25: 0
A26: J04000733 | B26: Leighton Buzzard UD | C26: Bedfordshire | D26: East of England | E26: Greater South East | F26: e010006 | G26: LEIGHTON-LINSLADE U.D. | H26: 0 | I26: Merged into Leighton-Linslade in 1965
A27: J04000747 | B27: Linslade UD | C27: Bedfordshire | D27: East of England | E27: Greater South East | F27: e010006 | G27: LEIGHTON-LINSLADE U.D. | H27: 0 | I27: Merged into Leighton-Linslade in 1965
A28: J04000790 | B28: Luton MB | C28: Bedfordshire | D28: East of England | E28: Greater South East | F28: e010000 | G28: LUTON C.B. | H28: 0 | I28: 0
A29: J04000791 | B29: Luton RD | C29: Bedfordshire | D29: East of England | E29: Greater South East | F29: e010000 | G29: LUTON C.B. | H29: 0 | I29: 0
A30: J04001103 | B30: Sandy UD | C30: Bedfordshire | D30: East of England | E30: Greater South East | F30: e010007 | G30: SANDY U.D. | H30: 0 | I30: 0
A31: J04000184 | B31: Bradfield RD | C31: Berkshire | D31: South East | E31: Greater South East | F31: e020021 | G31: BRADFIELD R.D. | H31: 0 | I31: 0
A32: J04000347 | B32: Cookham RD | C32: Berkshire | D32: South East | E32: Greater South East | F32: e020022 | G32: COOKHAM R.D. | H32: Windsor and Maidenhead UA | I32: 0
A33: J04000456 | B33: Easthampstead RD | C33: Berkshire | D33: South East | E33: Greater South East | F33: e020023 | G33: EASTHAMPSTEAD R.D. | H33: Bracknell Forest UA | I33: 0
A34: J04000483 | B34: Eton UD | C34: Berkshire | D34: South East | E34: Greater South East | F34: e030038 | G34: ETON U.D. | H34: Windsor and Maidenhead UA | I34: 0
A35: J04000658 | B35: Hungerford RD | C35: Berkshire | D35: South East | E35: Greater South East | F35: e020026 | G35: HUNGERFORD R.D. | H35: 0 | I35: 0
A36: J04000808 | B36: Maidenhead MB | C36: Berkshire | D36: South East | E36: Greater South East | F36: e020014 | G36: MAIDENHEAD M.B. | H36: Windsor and Maidenhead UA | I36: 0
A37: J04000891 | B37: New Windsor MB | C37: Berkshire | D37: South East | E37: Greater South East | F37: e020016 | G37: NEW WINDSOR M.B. | H37: Windsor and Maidenhead UA | I37: 0
A38: J04000896 | B38: Newbury MB | C38: Berkshire | D38: South East | E38: Greater South East | F38: e020015 | G38: NEWBURY M.B. | H38: 0 | I38: 0
A39: J04000897 | B39: Newbury RD | C39: Berkshire | D39: South East | E39: Greater South East | F39: e020027 | G39: NEWBURY R.D. | H39: 0 | I39: 0
A40: J04001036 | B40: Reading CB | C40: Berkshire | D40: South East | E40: Greater South East | F40: e020012 | G40: READING C.B. | H40: Reading UA | I40: 0
A41: J04001150 | B41: Slough MB | C41: Berkshire | D41: South East | E41: Greater South East | F41: e030043 | G41: SLOUGH M.B. | H41: Slough UA | I41: 0
A42: J04001425 | B42: Windsor RD | C42: Berkshire | D42: South East | E42: Greater South East | F42: e020031 | G42: WINDSOR R.D. | H42: Windsor and Maidenhead UA | I42: 0
A43: J04001440 | B43: Wokingham MB | C43: Berkshire | D43: South East | E43: Greater South East | F43: e020019 | G43: WOKINGHAM M.B. | H43: Wokingham | I43: 0
A44: J04001441 | B44: Wokingham RD | C44: Berkshire | D44: South East | E44: Greater South East | F44: e020032 | G44: WOKINGHAM R.D. | H44: Wokingham | I44: 0
A45: J04000037 | B45: Amersham RD | C45: Buckinghamshire | D45: South East | E45: Greater South East | F45: e030046 | G45: AMERSHAM R.D. | H45: Chiltern | I45: 0
A46: J04000065 | B46: Aylesbury MB | C46: Buckinghamshire | D46: South East | E46: Greater South East | F46: e030033 | G46: AYLESBURY M.B. | H46: 0 | I46: 0
A47: J04000066 | B47: Aylesbury RD | C47: Buckinghamshire | D47: South East | E47: Greater South East | F47: e030047 | G47: AYLESBURY R.D. | H47: 0 | I47: 0
A48: J04000104 | B48: Beaconsfield UD | C48: Buckinghamshire | D48: South East | E48: Greater South East | F48: e030034 | G48: BEACONSFIELD U.D. | H48: South Bucks | I48: 0
A49: J04000164 | B49: Bletchley UD | C49: Buckinghamshire | D49: South East | E49: Greater South East | F49: e030035 | G49: BLETCHLEY U.D. | H49: 0 | I49: 0
A50: J04000226 | B50: Buckingham MB | C50: Buckinghamshire | D50: South East | E50: Greater South East | F50: e030036 | G50: BUCKINGHAM M.B. | H50: 0 | I50: 0
A51: J04000227 | B51: Buckingham RD | C51: Buckinghamshire | D51: South East | E51: Greater South East | F51: e030048 | G51: BUCKINGHAM R.D. | H51: 0 | I51: 0
A52: J04000296 | B52: Chesham UD | C52: Buckinghamshire | D52: South East | E52: Greater South East | F52: e030037 | G52: CHESHAM U.D. | H52: Chiltern | I52: 0
A53: J04000482 | B53: Eton RD | C53: Buckinghamshire | D53: South East | E53: Greater South East | F53: e030049 | G53: ETON R.D. | H53: South Bucks | I53: 0
A54: J04000621 | B54: High Wycombe MB | C54: Buckinghamshire | D54: South East | E54: Greater South East | F54: e030039 | G54: HIGH WYCOMBE M.B. | H54: Wycombe | I54: 0
A55: J04000834 | B55: Marlow UD | C55: Buckinghamshire | D55: South East | E55: Greater South East | F55: e030040 | G55: MARLOW U.D. | H55: Wycombe | I55: 0
A56: J04000909 | B56: Newport Pagnell RD | C56: Buckinghamshire | D56: South East | E56: Greater South East | F56: e030050 | G56: NEWPORT PAGNELL R.D. | H56: 0 | I56: 0
A57: J04000910 | B57: Newport Pagnell UD | C57: Buckinghamshire | D57: South East | E57: Greater South East | F57: e030041 | G57: NEWPORT PAGNELL U.D. | H57: 0 | I57: 0
A58: J04001426 | B58: Wing RD | C58: Buckinghamshire | D58: South East | E58: Greater South East | F58: e030052 | G58: WING R.D. | H58: 0 | I58: 0
A59: J04001428 | B59: Winslow RD | C59: Buckinghamshire | D59: South East | E59: Greater South East | F59: e030053 | G59: WINSLOW R.D. | H59: 0 | I59: 0
A60: J04001443 | B60: Wolverton UD | C60: Buckinghamshire | D60: South East | E60: Greater South East | F60: e030044 | G60: WOLVERTON U.D. | H60: 0 | I60: 0
A61: J04001461 | B61: Wycombe RD | C61: Buckinghamshire | D61: South East | E61: Greater South East | F61: e030055 | G61: WYCOMBE R.D. | H61: Wycombe | I61: 0
A62: J04000081 | B62: Barnack RD | C62: Cambridgeshire | D62: East of England | E62: Greater South East | F62: e180503 | G62: BARNACK R.D. | H62: 0 | I62: 0
A63: J04000256 | B63: Cambridge, City of MB | C63: Cambridgeshire | D63: East of England | E63: Greater South East | F63: e040056 | G63: CAMBRIDGE M.B. | H63: Cambridge | I63: 0
A64: J04000285 | B64: Chatteris UD | C64: Cambridgeshire | D64: East of England | E64: Greater South East | F64: e040057 | G64: CHATTERIS U.D. | H64: 0 | I64: 0
A65: J04000304 | B65: Chesterton RD | C65: Cambridgeshire | D65: East of England | E65: Greater South East | F65: e040062 | G65: CHESTERTON R.D. | H65: South Cambridgeshire | I65: 0
A66: J04000471 | B66: Ely RD | C66: Cambridgeshire | D66: East of England | E66: Greater South East | F66: e040063 | G66: ELY R.D. | H66: East Cambridgeshire | I66: 0
A67: J04000472 | B67: Ely UD | C67: Cambridgeshire | D67: East of England | E67: Greater South East | F67: e040058 | G67: ELY U.D. | H67: East Cambridgeshire | I67: 0
A68: J04000660 | B68: Huntingdon and Godmanchester MB | C68: Cambridgeshire | D68: East of England | E68: Greater South East | F68: e180495 | G68: HUNTINGDON AND GODMANCHESTER M.B. | H68: 0 | I68: 0
A69: J04000661 | B69: Huntingdon RD | C69: Cambridgeshire | D69: East of England | E69: Greater South East | F69: e180504 | G69: HUNTINGDON R.D. | H69: 0 | I69: 0
A70: J04000825 | B70: March UD | C70: Cambridgeshire | D70: East of England | E70: Greater South East | F70: e040059 | G70: MARCH U.D. | H70: 0 | I70: 0
A71: J04000905 | B71: Newmarket RD | C71: Cambridgeshire | D71: East of England | E71: Greater South East | F71: e040064 | G71: NEWMARKET R.D. | H71: East Cambridgeshire | I71: 0
A72: J04000921 | B72: Norman Cross RD | C72: Cambridgeshire | D72: East of England | E72: Greater South East | F72: e180505 | G72: NORMAN CROSS R.D. | H72: 0 | I72: 0
A73: J04000928 | B73: North Witchford RD | C73: Cambridgeshire | D73: East of England | E73: Greater South East | F73: e040065 | G73: NORTH WITCHFORD R.D. | H73: 0 | I73: 0
A74: J04000952 | B74: Old Fletton UD | C74: Cambridgeshire | D74: East of England | E74: Greater South East | F74: e180496 | G74: OLD FLETTON U.D. | H74: 0 | I74: 0
A75: J04000987 | B75: Peterborough RD | C75: Cambridgeshire | D75: East of England | E75: Greater South East | F75: e180507 | G75: PETERBOROUGH R.D. | H75: 0 | I75: 0
A76: J04000988 | B76: Peterborough, City of MB | C76: Cambridgeshire | D76: East of England | E76: Greater South East | F76: e180498 | G76: PETERBOROUGH M.B. | H76: 0 | I76: 0
A77: J04001030 | B77: Ramsey UD | C77: Cambridgeshire | D77: East of England | E77: Greater South East | F77: e180500 | G77: RAMSEY U.D. | H77: 0 | I77: 0
A78: J04001155 | B78: South Cambridgeshire RD | C78: Cambridgeshire | D78: East of England | E78: Greater South East | F78: e040066 | G78: SOUTH CAMBRIDGESHIRE R.D. | H78: South Cambridgeshire | I78: 0
A79: J04001188 | B79: St. Ives MB | C79: Cambridgeshire | D79: East of England | E79: Greater South East | F79: e180501 | G79: ST. IVES M.B. | H79: 0 | I79: 0
A80: J04001189 | B80: St. Ives RD | C80: Cambridgeshire | D80: East of England | E80: Greater South East | F80: e180509 | G80: ST. IVES R.D. | H80: 0 | I80: 0
A81: J04001192 | B81: St. Neots RD | C81: Cambridgeshire | D81: East of England | E81: Greater South East | F81: e180510 | G81: ST. NEOTS R.D. | H81: 0 | I81: 0
A82: J04001193 | B82: St. Neots UD | C82: Cambridgeshire | D82: East of England | E82: Greater South East | F82: e180502 | G82: ST. NEOTS U.D. | H82: 0 | I82: 0
A83: J04001273 | B83: Thorney RD | C83: Cambridgeshire | D83: East of England | E83: Greater South East | F83: e180511 | G83: THORNEY R.D. | H83: 0 | I83: 0
A84: J04001406 | B84: Whittlesey UD | C84: Cambridgeshire | D84: East of England | E84: Greater South East | F84: e040060 | G84: WHITTLESEY U.D. | H84: 0 | I84: 0
A85: J04001431 | B85: Wisbech MB | C85: Cambridgeshire | D85: East of England | E85: Greater South East | F85: e040061 | G85: WISBECH M.B. | H85: 0 | I85: 0
A86: J04001432 | B86: Wisbech RD | C86: Cambridgeshire | D86: East of England | E86: Greater South East | F86: e040067 | G86: WISBECH R.D. | H86: 0 | I86: 0
A87: J04000022 | B87: Alderley Edge UD | C87: Cheshire | D87: North West | E87: Rest of England | F87: e050072 | G87: ALDERLEY EDGE U.D. | H87: 0 | I87: 0
A88: J04000030 | B88: Alsager UD | C88: Cheshire | D88: North West | E88: Rest of England | F88: e050073 | G88: ALSAGER U.D. | H88: Congleton | I88: 0
A89: J04000171 | B89: Bollington UD | C89: Cheshire | D89: North West | E89: Rest of England | F89: e050076 | G89: BOLLINGTON U.D. | H89: 0 | I89: 0
A90: J04000229 | B90: Bucklow RD | C90: Cheshire | D90: North West | E90: Rest of England | F90: e050106 | G90: BUCKLOW R.D. | H90: 0 | I90: 0
A91: J04000300 | B91: Chester RD | C91: Cheshire | D91: North West | E91: Rest of England | F91: e050109 | G91: CHESTER R.D. | H91: Chester | I91: 0
A92: J04000301 | B92: Chester, City and County of CB | C92: Cheshire | D92: North West | E92: Rest of England | F92: e050069 | G92: CHESTER C.B. | H92: Chester | I92: 0
A93: J04000341 | B93: Congleton MB | C93: Cheshire | D93: North West | E93: Rest of England | F93: e050080 | G93: CONGLETON M.B. | H93: Congleton | I93: 0
A94: J04000342 | B94: Congleton RD | C94: Cheshire | D94: North West | E94: Rest of England | F94: e050111 | G94: CONGLETON R.D. | H94: Congleton | I94: 0
A95: J04000361 | B95: Crewe MB | C95: Cheshire | D95: North West | E95: Rest of England | F95: e050081 | G95: CREWE M.B. | H95: Crewe and Nantwich | I95: 0
A96: J04000408 | B96: Disley RD | C96: Cheshire | D96: North West | E96: Rest of England | F96: e050112 | G96: DISLEY R.D. | H96: 0 | I96: 0
A97: J04000467 | B97: Ellesmere Port MB | C97: Cheshire | D97: North West | E97: Rest of England | F97: e050083 | G97: ELLESMERE PORT M.B. | H97: Ellesmere Port & Neston | I97: 0
A98: J04000714 | B98: Knutsford UD | C98: Cheshire | D98: North West | E98: Rest of England | F98: e050088 | G98: KNUTSFORD U.D. | H98: 0 | I98: 0
A99: J04000797 | B99: Lymm UD | C99: Cheshire | D99: North West | E99: Rest of England | F99: e050090 | G99: LYMM U.D. | H99: 0 | I99: 0
A100: J04000801 | B100: Macclesfield MB | C100: Cheshire | D100: North West | E100: Rest of England | F100: e050091 | G100: MACCLESFIELD M.B. | H100: 0 | I100: 0
A101: J04000802 | B101: Macclesfield RD | C101: Cheshire | D101: North West | E101: Rest of England | F101: e050113 | G101: MACCLESFIELD R.D. | H101: 0 | I101: 0
A102: J04000854 | B102: Middlewich UD | C102: Cheshire | D102: North West | E102: Rest of England | F102: e050093 | G102: MIDDLEWICH U.D. | H102: Congleton | I102: 0
A103: J04000877 | B103: Nantwich RD | C103: Cheshire | D103: North West | E103: Rest of England | F103: e050115 | G103: NANTWICH R.D. | H103: Crewe and Nantwich | I103: 0
A104: J04000878 | B104: Nantwich UD | C104: Cheshire | D104: North West | E104: Rest of England | F104: e050094 | G104: NANTWICH U.D. | H104: Crewe and Nantwich | I104: 0
A105: J04000885 | B105: Neston UD | C105: Cheshire | D105: North West | E105: Rest of England | F105: e050095 | G105: NESTON U.D. | H105: Ellesmere Port & Neston | I105: 0
A106: J04000936 | B106: Northwich RD | C106: Cheshire | D106: North West | E106: Rest of England | F106: e050116 | G106: NORTHWICH R.D. | H106: 0 | I106: 0
A107: J04000937 | B107: Northwich UD | C107: Cheshire | D107: North West | E107: Rest of England | F107: e050096 | G107: NORTHWICH U.D. | H107: 0 | I107: 0
A108: J04001081 | B108: Runcorn RD | C108: Cheshire | D108: North West | E108: Rest of England | F108: e050117 | G108: RUNCORN R.D. | H108: 0 | I108: 0
A109: J04001082 | B109: Runcorn UD | C109: Cheshire | D109: North West | E109: Rest of England | F109: e050097 | G109: RUNCORN U.D. | H109: 0 | I109: 0
A110: J04001100 | B110: Sandbach UD | C110: Cheshire | D110: North West | E110: Rest of England | F110: e050101 | G110: SANDBACH U.D. | H110: Congleton | I110: 0
A111: J04001250 | B111: Tarvin RD | C111: Cheshire | D111: North West | E111: Rest of England | F111: e050119 | G111: TARVIN R.D. | H111: Chester | I111: 0
...
